openalex_id,abstract_pillar,theoretical_frame,tech_indicator,finding_tech,finding_affluence,displacement,supports_decoupling,section_relevance,include_final,notes,study_type,sample_desc,outcome_indicator,assessed_stage,exclusion_reason
https://openalex.org/W1140131796,,,,,,,,,,,,,,title_abstract,
https://openalex.org/W1154354278,,,,,,,,,,,,,,title_abstract,
https://openalex.org/W118349051,,,,,,,,,,,,,,title_abstract,
https://openalex.org/W1195638036,,,,,,,,,,,,,,title_abstract,
https://openalex.org/W120449840,,,,,,,,,,,,,,title_abstract,
https://openalex.org/W128978027,,,,,,,,,,,,,,title_abstract,
https://openalex.org/W136832057,,,,,,,,,,,,,,title_abstract,
https://openalex.org/W141073191,,,,,,,,,,,,,,title_abstract,
https://openalex.org/W14219551,,,,,,,,,,,,,,title_abstract,
https://openalex.org/W144478288,,,,,,,,,,,,,,title_abstract,
https://openalex.org/W145355760,,,,,,,,,,,,,,title_abstract,
https://openalex.org/W1467855967,,,,,,,,,,,,,,title_abstract,
https://openalex.org/W147127987,,,,,,,,,,,,,,title_abstract,
https://openalex.org/W1471822320,,,,,,,,,,,,,,title_abstract,
https://openalex.org/W147280868,,,,,,,,,,,,,,title_abstract,
https://openalex.org/W1481167366,technology_indicators,,,,,,,4.2,no,,,,,candidate_screen,"did not meet inclusion criteria at screening (cross-national scope, explicit technology indicator, or biophysical outcome)"
https://openalex.org/W1481767750,,,,,,,,,,,,,,title_abstract,
https://openalex.org/W1481935167,,,,,,,,,,,,,,title_abstract,
https://openalex.org/W1489802847,,,,,,,,,,,,,,title_abstract,
https://openalex.org/W1493162510,,,,,,,,,,,,,,title_abstract,
https://openalex.org/W1497966701,,,,,,,,,,,,,,title_abstract,
https://openalex.org/W149866997,,,,,,,,,,,,,,title_abstract,
https://openalex.org/W1500095558,,,,,,,,,,,,,,title_abstract,
https://openalex.org/W1503263161,,,,,,,,,,,,,,title_abstract,
https://openalex.org/W1503376607,,,,,,,,,,,,,,title_abstract,
https://openalex.org/W1504452031,,,,,,,,,,,,,,title_abstract,
https://openalex.org/W1504658872,tech_material,,none (decoupling assessed directly),not_applicable,dominant_varies_by_group,not_tested,mixed,4.1,yes,"mixed support across outcomes and country groups; recharacterised from EF to CO2 and displacement claim removed (correction after abstract check, Aug 2026)",cross-national panel 1960-2005,"cross-national panel, developed and less-developed countries, 1960-2005",CO2 emissions (three measures),full_text,
https://openalex.org/W1507685810,,,,,,,,,,,,,,title_abstract,
https://openalex.org/W1509968153,,,,,,,,,,,,,,title_abstract,
https://openalex.org/W1517924756,,,,,,,,,,,,,,title_abstract,
https://openalex.org/W1518146043,,,,,,,,,,,,,,title_abstract,
https://openalex.org/W1525556641,,,,,,,,,,,,,,title_abstract,
https://openalex.org/W1529603536,,,,,,,,,,,,,,title_abstract,
https://openalex.org/W1530485991,,,,,,,,,,,,,,title_abstract,
https://openalex.org/W1532569068,,,,,,,,,,,,,,title_abstract,
https://openalex.org/W1535268969,,,,,,,,,,,,,,title_abstract,
https://openalex.org/W1535299421,,,,,,,,,,,,,,title_abstract,
https://openalex.org/W1540261543,,,,,,,,,,,,,,title_abstract,
https://openalex.org/W1544705300,,,,,,,,,,,,,,title_abstract,
https://openalex.org/W1546954817,,,,,,,,,,,,,,title_abstract,
https://openalex.org/W1546962772,,,,,,,,,,,,,,title_abstract,
https://openalex.org/W1547908879,,,,,,,,,,,,,,title_abstract,
https://openalex.org/W1552574426,,,,,,,,,,,,,,title_abstract,
https://openalex.org/W1553905221,,,,,,,,,,,,,,title_abstract,
https://openalex.org/W1560509817,,,,,,,,,,,,,,title_abstract,
https://openalex.org/W1562678381,ecological_modernisation,,,,,,,3.1,no,Mol & Spaargaren 2000 — EMT review,theoretical / interpretive,,,full_text,"interpretive framework source - informs Sections 3 and 6, not part of the empirical corpus"
https://openalex.org/W1568830862,,,,,,,,,,,,,,title_abstract,
https://openalex.org/W1571298011,tech_material,,,,,,,4.1,no,,,,,candidate_screen,"did not meet inclusion criteria at screening (cross-national scope, explicit technology indicator, or biophysical outcome)"
https://openalex.org/W1571921422,,,,,,,,,,,,,,title_abstract,
https://openalex.org/W1572762085,,,,,,,,,no,Schnaiberg 1980 — treadmill of production,theoretical / interpretive,,,full_text,"interpretive framework source - informs Sections 3 and 6, not part of the empirical corpus"
https://openalex.org/W1575950587,,,,,,,,,,,,,,title_abstract,
https://openalex.org/W1576125181,,,,,,,,,,,,,,title_abstract,
https://openalex.org/W1578700276,,,,,,,,,,,,,,title_abstract,
https://openalex.org/W1580172778,,,,,,,,,,,,,,title_abstract,
https://openalex.org/W1581668075,,,,,,,,,,,,,,title_abstract,
https://openalex.org/W1582370759,,,,,,,,,,,,,,title_abstract,
https://openalex.org/W1582450268,,,,,,,,,,,,,,title_abstract,
https://openalex.org/W158250939,,,,,,,,,,,,,,title_abstract,
https://openalex.org/W1583281968,,,,,,,,,,,,,,title_abstract,
https://openalex.org/W1583340810,,,,,,,,,,,,,,title_abstract,
https://openalex.org/W1588387712,,,,,,,,,,,,,,title_abstract,
https://openalex.org/W159092612,,,,,,,,,,,,,,title_abstract,
https://openalex.org/W1591353412,,,,,,,,,,,,,,title_abstract,
https://openalex.org/W1599612383,,,,,,,,,,,,,,title_abstract,
https://openalex.org/W1600478110,,,,,,,,,,,,,,title_abstract,
https://openalex.org/W1602318627,,,,,,,,,,,,,,title_abstract,
https://openalex.org/W160657664,,,,,,,,,,,,,,title_abstract,
https://openalex.org/W1611708840,,,,,,,,,,,,,,title_abstract,
https://openalex.org/W1616101857,,,,,,,,,,,,,,title_abstract,
https://openalex.org/W1619358528,,,,,,,,,,,,,,title_abstract,
https://openalex.org/W1626762580,,,,,,,,,,,,,,title_abstract,
https://openalex.org/W1637030073,,,,,,,,,,,,,,title_abstract,
https://openalex.org/W1648028894,,,,,,,,,,,,,,title_abstract,
https://openalex.org/W1648236975,sociology_expectations,,,,,,,3.2,no,,,,,candidate_screen,theoretical / interpretive literature - screened for framework relevance only
https://openalex.org/W1654875378,,,,,,,,,,,,,,title_abstract,
https://openalex.org/W1695031009,,,,,,,,,,,,,,title_abstract,
https://openalex.org/W172098738,,,,,,,,,,,,,,title_abstract,
https://openalex.org/W17252936,,,,,,,,,,,,,,title_abstract,
https://openalex.org/W1733211799,,,,,,,,,,,,,,title_abstract,
https://openalex.org/W174076192,,,,,,,,,,,,,,title_abstract,
https://openalex.org/W1750949001,,,,,,,,,,,,,,title_abstract,
https://openalex.org/W1762917618,,,,,,,,,,,,,,title_abstract,
https://openalex.org/W1767453300,,,,,,,,,,,,,,title_abstract,
https://openalex.org/W1769170171,,,,,,,,,,,,,,title_abstract,
https://openalex.org/W1772386586,,,,,,,,,,,,,,title_abstract,
https://openalex.org/W1777700503,,,,,,,,,,,,,,title_abstract,
https://openalex.org/W1779572632,,,,,,,,,,,,,,title_abstract,
https://openalex.org/W1781766779,affluence_confound,,,,,,,4.3,no,,,,,candidate_screen,"did not meet inclusion criteria at screening (cross-national scope, explicit technology indicator, or biophysical outcome)"
https://openalex.org/W1784489792,,,,,,,,,,,,,,title_abstract,
https://openalex.org/W1787368163,,,,,,,,,,,,,,title_abstract,
https://openalex.org/W1789592595,,,,,,,,,,,,,,title_abstract,
https://openalex.org/W1797995488,,,,,,,,,,,,,,title_abstract,
https://openalex.org/W1798557743,,,,,,,,,,,,,,title_abstract,
https://openalex.org/W1799195091,,,,,,,,,,,,,,title_abstract,
https://openalex.org/W1803117247,tech_material,,,,,,,4.1,no,,,,,candidate_screen,"did not meet inclusion criteria at screening (cross-national scope, explicit technology indicator, or biophysical outcome)"
https://openalex.org/W1803612979,,,,,,,,,,,,,,title_abstract,
https://openalex.org/W1812638916,,,,,,,,,,,,,,title_abstract,
https://openalex.org/W1813657184,,,,,,,,,,,,,,title_abstract,
https://openalex.org/W1817149726,,,,,,,,,,,,,,title_abstract,
https://openalex.org/W1818551828,,,,,,,,,,,,,,title_abstract,
https://openalex.org/W1821263952,,,,,,,,,,,,,,title_abstract,
https://openalex.org/W1824426172,,,,,,,,,,,,,,title_abstract,
https://openalex.org/W1837736204,,,,,,,,,,,,,,title_abstract,
https://openalex.org/W1839251190,,,,,,,,,,,,,,title_abstract,
https://openalex.org/W1844076669,tech_material,,,,,,,4.1,no,,,,,candidate_screen,"did not meet inclusion criteria at screening (cross-national scope, explicit technology indicator, or biophysical outcome)"
https://openalex.org/W1846613483,,,,,,,,,,,,,,title_abstract,
https://openalex.org/W1851728015,,,,,,,,,,,,,,title_abstract,
https://openalex.org/W1857890999,,,,,,,,,,,,,,title_abstract,
https://openalex.org/W1873256967,,,,,,,,,,,,,,title_abstract,
https://openalex.org/W187527895,,,,,,,,,,,,,,title_abstract,
https://openalex.org/W188079386,,,,,,,,,,,,,,title_abstract,
https://openalex.org/W1881456939,,,,,,,,,,,,,,title_abstract,
https://openalex.org/W1883711700,,,,,,,,,,,,,,title_abstract,
https://openalex.org/W1884151426,,,,,,,,,,,,,,title_abstract,
https://openalex.org/W1894507421,,,,,,,,,,,,,,title_abstract,
https://openalex.org/W1895451490,,,,,,,,,,,,,,title_abstract,
https://openalex.org/W1896635809,,,,,,,,,,,,,,title_abstract,
https://openalex.org/W189814497,,,,,,,,,,,,,,title_abstract,
https://openalex.org/W1900910987,,,,,,,,,,,,,,title_abstract,
https://openalex.org/W1901551613,,,,,,,,,,,,,,title_abstract,
https://openalex.org/W1902818475,,,,,,,,,,,,,,title_abstract,
https://openalex.org/W1914034541,,,,,,,,,,,,,,title_abstract,
https://openalex.org/W1915344498,,,,,,,,,,,,,,title_abstract,
https://openalex.org/W1919476101,,,,,,,,,,,,,,title_abstract,
https://openalex.org/W1919782393,,,,,,,,,,,,,,title_abstract,
https://openalex.org/W1921183857,,,,,,,,,,,,,,title_abstract,
https://openalex.org/W1921646761,,,,,,,,,,,,,,title_abstract,
https://openalex.org/W1926339253,,,,,,,,,,,,,,title_abstract,
https://openalex.org/W1946138591,,,,,,,,,,,,,,title_abstract,
https://openalex.org/W1947069753,,,,,,,,,,,,,,title_abstract,
https://openalex.org/W1951735039,,,,,,,,,,,,,,title_abstract,
https://openalex.org/W1954479716,,,,,,,,,,,,,,title_abstract,
https://openalex.org/W1956615754,,,,,,,,,,,,,,title_abstract,
https://openalex.org/W1963985712,,,,,,,,,,,,,,title_abstract,
https://openalex.org/W1964181949,,,,,,,,,,,,,,title_abstract,
https://openalex.org/W1964302596,,,,,,,,,,,,,,title_abstract,
https://openalex.org/W1964337509,ecological_modernisation,,,,,,,3.1,no,,,,,candidate_screen,theoretical / interpretive literature - screened for framework relevance only
https://openalex.org/W1964426013,,,,,,,,,,,,,,title_abstract,
https://openalex.org/W1964734085,,,,,,,,,,,,,,title_abstract,
https://openalex.org/W1965080111,,,,,,,,,,,,,,title_abstract,
https://openalex.org/W1965544356,,,,,,,,,,,,,,title_abstract,
https://openalex.org/W1965858356,,,,,,,,,,,,,,title_abstract,
https://openalex.org/W1965983703,,,,,,,,,,,,,,title_abstract,
https://openalex.org/W1966458983,,,,,,,,,,,,,,title_abstract,
https://openalex.org/W1966605003,displacement,,,,,,,5,no,,,,,candidate_screen,"did not meet inclusion criteria at screening (cross-national scope, explicit technology indicator, or biophysical outcome)"
https://openalex.org/W1967094530,,,,,,,,,,,,,,title_abstract,
https://openalex.org/W1967879531,,,,,,,,,,,,,,title_abstract,
https://openalex.org/W1967944648,,,,,,,,,,,,,,title_abstract,
https://openalex.org/W1968305520,,,,,,,,,,,,,,title_abstract,
https://openalex.org/W1968441806,,,,,,,,,,,,,,title_abstract,
https://openalex.org/W1968571633,,,,,,,,,,,,,,title_abstract,
https://openalex.org/W1968966586,,,,,,,,,,,,,,title_abstract,
https://openalex.org/W1969030634,technology_indicators,,,,,,,4.2,no,,,,,candidate_screen,"did not meet inclusion criteria at screening (cross-national scope, explicit technology indicator, or biophysical outcome)"
https://openalex.org/W1969406214,,,,,,,,,,,,,,title_abstract,
https://openalex.org/W1969554203,,,,,,,,,,,,,,title_abstract,
https://openalex.org/W1969838726,,,,,,,,,,,,,,title_abstract,
https://openalex.org/W1971980919,,,,,,,,,,,,,,title_abstract,
https://openalex.org/W1973204257,,,,,,,,,,,,,,title_abstract,
https://openalex.org/W1973612113,,,,,,,,,,,,,,title_abstract,
https://openalex.org/W1973845023,,,,,,,,,,,,,,title_abstract,
https://openalex.org/W1973954730,displacement,,,,,,,5,no,,,,,candidate_screen,"did not meet inclusion criteria at screening (cross-national scope, explicit technology indicator, or biophysical outcome)"
https://openalex.org/W1974479080,,,,,,,,,,,,,,title_abstract,
https://openalex.org/W1974600276,,,,,,,,,,,,,,title_abstract,
https://openalex.org/W1974715189,,,,,,,,,,,,,,title_abstract,
https://openalex.org/W1974736057,,,,,,,,,,,,,,title_abstract,
https://openalex.org/W1975641572,ecological_modernisation,,,,,,,3.1,no,,,,,candidate_screen,theoretical / interpretive literature - screened for framework relevance only
https://openalex.org/W1976128508,,,,,,,,,,,,,,title_abstract,
https://openalex.org/W1976255974,,,,,,,,,,,,,,title_abstract,
https://openalex.org/W1976323772,,,,,,,,,,,,,,title_abstract,
https://openalex.org/W1976529177,,,,,,,,,no,"van Lente, Spitters & Peine 2013 — hype cycles",theoretical / interpretive,,,full_text,"interpretive framework source - informs Sections 3 and 6, not part of the empirical corpus"
https://openalex.org/W1976854836,,,,,,,,,,,,,,title_abstract,
https://openalex.org/W1977274064,,,,,,,,,,,,,,title_abstract,
https://openalex.org/W1977685850,,,,,,,,,,,,,,title_abstract,
https://openalex.org/W1978091839,,,,,,,,,,,,,,title_abstract,
https://openalex.org/W1978274280,,,,,,,,,,,,,,title_abstract,
https://openalex.org/W1978300657,tech_material,,,,,,,4.1,no,,,,,candidate_screen,"did not meet inclusion criteria at screening (cross-national scope, explicit technology indicator, or biophysical outcome)"
https://openalex.org/W1978764651,,,,,,,,,,,,,,title_abstract,
https://openalex.org/W1978890989,,,,,,,,,,,,,,title_abstract,
https://openalex.org/W1978964746,,,,,,,,,,,,,,title_abstract,
https://openalex.org/W1979739432,,,,,,,,,,,,,,title_abstract,
https://openalex.org/W1979767694,,,,,,,,,,,,,,title_abstract,
https://openalex.org/W1979780488,,,,,,,,,,,,,,title_abstract,
https://openalex.org/W1980137968,,,,,,,,,,,,,,title_abstract,
https://openalex.org/W1980644511,,,,,,,,,,,,,,title_abstract,
https://openalex.org/W1981310173,,,,,,,,,,,,,,title_abstract,
https://openalex.org/W1982882586,,,,,,,,,,,,,,title_abstract,
https://openalex.org/W1983476777,,,,,,,,,,,,,,title_abstract,
https://openalex.org/W1983784355,ecological_modernisation,,,,,,,3.1,no,,,,,candidate_screen,theoretical / interpretive literature - screened for framework relevance only
https://openalex.org/W1985920379,,,,,,,,,,,,,,title_abstract,
https://openalex.org/W1985923786,,,,,,,,,,,,,,title_abstract,
https://openalex.org/W1985981874,,,,,,,,,,,,,,title_abstract,
https://openalex.org/W1986330013,,,,,,,,,,,,,,title_abstract,
https://openalex.org/W1986470012,,,,,,,,,,,,,,title_abstract,
https://openalex.org/W1986555859,,,,,,,,,,,,,,title_abstract,
https://openalex.org/W1987364429,,,,,,,,,,,,,,title_abstract,
https://openalex.org/W1987912158,,,,,,,,,,,,,,title_abstract,
https://openalex.org/W1988031510,,,,,,,,,,,,,,title_abstract,
https://openalex.org/W1988663313,,,,,,,,,,,,,,title_abstract,
https://openalex.org/W1988805390,,,,,,,,,,,,,,title_abstract,
https://openalex.org/W1989078516,,,,,,,,,,,,,,title_abstract,
https://openalex.org/W1989104954,,,,,,,,,,,,,,title_abstract,
https://openalex.org/W1989302845,,,,,,,,,,,,,,title_abstract,
https://openalex.org/W1989356887,,,,,,,,,,,,,,title_abstract,
https://openalex.org/W1989599834,,,,,,,,,,,,,,title_abstract,
https://openalex.org/W1990013403,,,,,,,,,,,,,,title_abstract,
https://openalex.org/W1990050506,,,,,,,,,,,,,,title_abstract,
https://openalex.org/W1990164247,displacement,,,,,,,5,no,,,,,candidate_screen,"did not meet inclusion criteria at screening (cross-national scope, explicit technology indicator, or biophysical outcome)"
https://openalex.org/W1990294463,,,,,,,,,,,,,,title_abstract,
https://openalex.org/W1990620179,,,,,,,,,,,,,,title_abstract,
https://openalex.org/W1990723208,,,,,,,,,,,,,,title_abstract,
https://openalex.org/W1990755229,,,,,,,,,,,,,,title_abstract,
https://openalex.org/W1991106646,,,,,,,,,,,,,,title_abstract,
https://openalex.org/W1991265106,,,,,,,,,,,,,,title_abstract,
https://openalex.org/W1991460461,,,,,,,,,,,,,,title_abstract,
https://openalex.org/W1991588025,,,,,,,,,,,,,,title_abstract,
https://openalex.org/W1991677530,,,,,,,,,,,,,,title_abstract,
https://openalex.org/W1991754589,,,,,,,,,,,,,,title_abstract,
https://openalex.org/W1992277548,,,,,,,,,,,,,,title_abstract,
https://openalex.org/W1992491225,,,,,,,,,,,,,,title_abstract,
https://openalex.org/W1992505849,,,,,,,,,,,,,,title_abstract,
https://openalex.org/W1993152396,,,,,,,,,,,,,,title_abstract,
https://openalex.org/W1993257909,,,,,,,,,,,,,,title_abstract,
https://openalex.org/W1993258255,,,,,,,,,,,,,,title_abstract,
https://openalex.org/W1993600310,,,,,,,,,,,,,,title_abstract,
https://openalex.org/W1993909509,,,,,,,,,,,,,,title_abstract,
https://openalex.org/W1994001800,,,,,,,,,,,,,,title_abstract,
https://openalex.org/W1994299473,,,,,,,,,,,,,,title_abstract,
https://openalex.org/W1994414501,,,,,,,,,,,,,,title_abstract,
https://openalex.org/W1994950990,,,,,,,,,,,,,,title_abstract,
https://openalex.org/W1995182034,,,,,,,,,,,,,,title_abstract,
https://openalex.org/W1995701627,,,,,,,,,,,,,,title_abstract,
https://openalex.org/W1996209627,,,,,,,,,,,,,,title_abstract,
https://openalex.org/W1996223957,,,,,,,,,,,,,,title_abstract,
https://openalex.org/W1996406096,,,,,,,,,,,,,,title_abstract,
https://openalex.org/W1996537770,,,,,,,,,,,,,,title_abstract,
https://openalex.org/W1996610034,,,,,,,,,,,,,,title_abstract,
https://openalex.org/W1996722365,,,,,,,,,,,,,,title_abstract,
https://openalex.org/W1996900403,,,,,,,,,,,,,,title_abstract,
https://openalex.org/W1998832896,,,,,,,,,,,,,,title_abstract,
https://openalex.org/W1999845056,,,,,,,,,,,,,,title_abstract,
https://openalex.org/W2000029192,,,,,,,,,,,,,,title_abstract,
https://openalex.org/W2000568622,,,,,,,,,,,,,,title_abstract,
https://openalex.org/W2000842239,,,,,,,,,,,,,,title_abstract,
https://openalex.org/W2001094287,,,,,,,,,,,,,,title_abstract,
https://openalex.org/W2001673222,,,,,,,,,,,,,,title_abstract,
https://openalex.org/W2002556455,,,,,,,,,,,,,,title_abstract,
https://openalex.org/W2002625442,,,,,,,,,,,,,,title_abstract,
https://openalex.org/W2002629377,,,,,,,,,,,,,,title_abstract,
https://openalex.org/W2002632968,,,,,,,,,,,,,,title_abstract,
https://openalex.org/W2002670651,ecological_modernisation,,,,,,,3.1,no,,,,,candidate_screen,theoretical / interpretive literature - screened for framework relevance only
https://openalex.org/W2002965195,,,,,,,,,,,,,,title_abstract,
https://openalex.org/W2003767156,,,,,,,,,,,,,,title_abstract,
https://openalex.org/W2004779022,,,,,,,,,,,,,,title_abstract,
https://openalex.org/W2005303196,,,,,,,,,,,,,,title_abstract,
https://openalex.org/W2005525239,,,,,,,,,,,,,,title_abstract,
https://openalex.org/W2005532901,technology_indicators,,,,,,,4.2,no,,,,,candidate_screen,"did not meet inclusion criteria at screening (cross-national scope, explicit technology indicator, or biophysical outcome)"
https://openalex.org/W2005542860,,,,,,,,,,,,,,title_abstract,
https://openalex.org/W2006081504,,,,,,,,,,,,,,title_abstract,
https://openalex.org/W2006427645,,,,,,,,,,,,,,title_abstract,
https://openalex.org/W2006713007,,,,,,,,,,,,,,title_abstract,
https://openalex.org/W2007258741,,,,,,,,,,,,,,title_abstract,
https://openalex.org/W2007271211,,,,,,,,,,,,,,title_abstract,
https://openalex.org/W2007810001,,,,,,,,,,,,,,title_abstract,
https://openalex.org/W2007835124,,,,,,,,,,,,,,title_abstract,
https://openalex.org/W2007981205,,,,,,,,,,,,,,title_abstract,
https://openalex.org/W2008336567,,,,,,,,,,,,,,title_abstract,
https://openalex.org/W2008747612,,,,,,,,,,,,,,title_abstract,
https://openalex.org/W2008977537,,,,,,,,,,,,,,title_abstract,
https://openalex.org/W2009040832,,,,,,,,,,,,,,title_abstract,
https://openalex.org/W2010307956,,,,,,,,,,,,,,title_abstract,
https://openalex.org/W2010617992,,,,,,,,,,,,,,title_abstract,
https://openalex.org/W2010833608,,,,,,,,,,,,,,title_abstract,
https://openalex.org/W2011155011,,,,,,,,,,,,,,title_abstract,
https://openalex.org/W2011554027,,,,,,,,,,,,,,title_abstract,
https://openalex.org/W2012086721,,,,,,,,,,,,,,title_abstract,
https://openalex.org/W2012251817,,,,,,,,,,,,,,title_abstract,
https://openalex.org/W2012484450,,,,,,,,,,,,,,title_abstract,
https://openalex.org/W2012780779,,,,,,,,,,,,,,title_abstract,
https://openalex.org/W2012942219,,,,,,,,,,,,,,title_abstract,
https://openalex.org/W2013041299,,,,,,,,,,,,,,title_abstract,
https://openalex.org/W2013388256,,,,,,,,,,,,,,title_abstract,
https://openalex.org/W2013482205,,,,,,,,,,,,,,title_abstract,
https://openalex.org/W2013749032,,,,,,,,,,,,,,title_abstract,
https://openalex.org/W2014629333,,,,,,,,,,,,,,title_abstract,
https://openalex.org/W2014649769,,,,,,,,,,,,,,title_abstract,
https://openalex.org/W2014677709,,,,,,,,,,,,,,title_abstract,
https://openalex.org/W2015349399,,,,,,,,,,,,,,title_abstract,
https://openalex.org/W2015659029,,,,,,,,,,,,,,title_abstract,
https://openalex.org/W2015881328,,,,,,,,,,,,,,title_abstract,
https://openalex.org/W2016927174,,,,,,,,,,,,,,title_abstract,
https://openalex.org/W2017029658,,,,,,,,,,,,,,title_abstract,
https://openalex.org/W2017641610,,,,,,,,,,,,,,title_abstract,
https://openalex.org/W2017888566,,,,,,,,,,,,,,title_abstract,
https://openalex.org/W201790150,,,,,,,,,,,,,,title_abstract,
https://openalex.org/W2018201197,,,,,,,,,,,,,,title_abstract,
https://openalex.org/W2018463038,,,,,,,,,,,,,,title_abstract,
https://openalex.org/W2019090900,,,,,,,,,,,,,,title_abstract,
https://openalex.org/W2019283248,,,,,,,,,,,,,,title_abstract,
https://openalex.org/W2019937705,,,,,,,,,,,,,,title_abstract,
https://openalex.org/W2020002829,,,,,,,,,,,,,,title_abstract,
https://openalex.org/W2020193821,,,,,,,,,,,,,,title_abstract,
https://openalex.org/W2020743501,ecological_modernisation,,,,,,,3.1,no,,,,,candidate_screen,theoretical / interpretive literature - screened for framework relevance only
https://openalex.org/W2020935901,,,,,,,,,,,,,,title_abstract,
https://openalex.org/W2021083760,,,,,,,,,,,,,,title_abstract,
https://openalex.org/W2021394988,,,,,,,,,,,,,,title_abstract,
https://openalex.org/W2022018300,,,,,,,,,,,,,,title_abstract,
https://openalex.org/W2022824356,,,,,,,,,,,,,,title_abstract,
https://openalex.org/W2023218110,,,,,,,,,,,,,,title_abstract,
https://openalex.org/W2023468232,,,,,,,,,,,,,,title_abstract,
https://openalex.org/W2023718276,,,,,,,,,,,,,,title_abstract,
https://openalex.org/W2023767506,,,,,,,,,,,,,,title_abstract,
https://openalex.org/W2024566649,,,,,,,,,,,,,,title_abstract,
https://openalex.org/W2024640336,,,,,,,,,,,,,,title_abstract,
https://openalex.org/W2024709659,,,,,,,,,,,,,,title_abstract,
https://openalex.org/W2024835575,,,,,,,,,,,,,,title_abstract,
https://openalex.org/W2025051877,,,,,,,,,,,,,,title_abstract,
https://openalex.org/W2025222328,,,,,,,,,,,,,,title_abstract,
https://openalex.org/W2025516467,,,,,,,,,,,,,,title_abstract,
https://openalex.org/W2026114350,,,,,,,,,,,,,,title_abstract,
https://openalex.org/W2026242007,,,,,,,,,,,,,,title_abstract,
https://openalex.org/W2026347028,,,,,,,,,,,,,,title_abstract,
https://openalex.org/W2026556753,,,,,,,,,,,,,,title_abstract,
https://openalex.org/W2026776029,,,,,,,,,,,,,,title_abstract,
https://openalex.org/W2027007187,,,,,,,,,,,,,,title_abstract,
https://openalex.org/W2027774628,,,,,,,,,,,,,,title_abstract,
https://openalex.org/W2028228820,,,,,,,,,,,,,,title_abstract,
https://openalex.org/W2028690717,,,,,,,,,,,,,,title_abstract,
https://openalex.org/W2028707503,,,,,,,,,,,,,,title_abstract,
https://openalex.org/W2028741275,,,,,,,,,,,,,,title_abstract,
https://openalex.org/W2028983320,,,,,,,,,,,,,,title_abstract,
https://openalex.org/W2029052834,,,,,,,,,,,,,,title_abstract,
https://openalex.org/W2029780813,technology_indicators,,,,,,,4.2,no,,,,,candidate_screen,"did not meet inclusion criteria at screening (cross-national scope, explicit technology indicator, or biophysical outcome)"
https://openalex.org/W2029857914,,,,,,,,,,,,,,title_abstract,
https://openalex.org/W2030004202,,,,,,,,,,,,,,title_abstract,
https://openalex.org/W2030116621,,,,,,,,,,,,,,title_abstract,
https://openalex.org/W2030464772,,,,,,,,,,,,,,title_abstract,
https://openalex.org/W2030680762,technology_indicators,,,,,,,4.2,no,,,,,candidate_screen,"did not meet inclusion criteria at screening (cross-national scope, explicit technology indicator, or biophysical outcome)"
https://openalex.org/W2030793277,,,,,,,,,,,,,,title_abstract,
https://openalex.org/W2031014310,,,,,,,,,,,,,,title_abstract,
https://openalex.org/W2031451536,,,,,,,,,,,,,,title_abstract,
https://openalex.org/W2031503294,,,,,,,,,,,,,,title_abstract,
https://openalex.org/W2031768732,,,,,,,,,,,,,,title_abstract,
https://openalex.org/W2031803465,,,,,,,,,,,,,,title_abstract,
https://openalex.org/W2032097041,,,,,,,,,,,,,,title_abstract,
https://openalex.org/W2032377169,,,,,,,,,,,,,,title_abstract,
https://openalex.org/W2032573988,,,,,,,,,,,,,,title_abstract,
https://openalex.org/W2033720124,,,,,,,,,,,,,,title_abstract,
https://openalex.org/W2033917970,,,,,,,,,,,,,,title_abstract,
https://openalex.org/W2033999006,,,,,,,,,,,,,,title_abstract,
https://openalex.org/W2034605730,,,,,,,,,,,,,,title_abstract,
https://openalex.org/W2035353157,,,,,,,,,,,,,,title_abstract,
https://openalex.org/W2035795652,,,,,,,,,,,,,,title_abstract,
https://openalex.org/W2035939663,affluence_confound,,,,,,,4.3,no,,,,,candidate_screen,"did not meet inclusion criteria at screening (cross-national scope, explicit technology indicator, or biophysical outcome)"
https://openalex.org/W2036017869,,,,,,,,,,,,,,title_abstract,
https://openalex.org/W2036270673,,,,,,,,,,,,,,title_abstract,
https://openalex.org/W2036803498,,,,,,,,,,,,,,title_abstract,
https://openalex.org/W2037088854,tech_material,,,,,,,4.1,no,,,,,candidate_screen,"did not meet inclusion criteria at screening (cross-national scope, explicit technology indicator, or biophysical outcome)"
https://openalex.org/W2037263418,,,,,,,,,,,,,,title_abstract,
https://openalex.org/W2037410882,,,,,,,,,,,,,,title_abstract,
https://openalex.org/W2037544095,,,,,,,,,,,,,,title_abstract,
https://openalex.org/W2037746081,,,,,,,,,,,,,,title_abstract,
https://openalex.org/W2037831212,,,,,,,,,,,,,,title_abstract,
https://openalex.org/W2037898012,,,,,,,,,,,,,,title_abstract,
https://openalex.org/W2038389562,,,,,,,,,,,,,,title_abstract,
https://openalex.org/W2038415482,,,,,,,,,,,,,,title_abstract,
https://openalex.org/W2038547406,,,,,,,,,,,,,,title_abstract,
https://openalex.org/W2038664640,,,,,,,,,,,,,,title_abstract,
https://openalex.org/W2038726684,,,,,,,,,,,,,,title_abstract,
https://openalex.org/W2039149750,,,,,,,,,,,,,,title_abstract,
https://openalex.org/W2039428128,,,,,,,,,,,,,,title_abstract,
https://openalex.org/W2039906968,,,,,,,,,,,,,,title_abstract,
https://openalex.org/W2039914971,,,,,,,,,,,,,,title_abstract,
https://openalex.org/W2040342446,affluence_confound,,,,,,,4.3,no,,,,,candidate_screen,"did not meet inclusion criteria at screening (cross-national scope, explicit technology indicator, or biophysical outcome)"
https://openalex.org/W2040528227,,,,,,,,,,,,,,title_abstract,
https://openalex.org/W2040836015,ecological_modernisation,,,,,,,3.1,no,,,,,candidate_screen,theoretical / interpretive literature - screened for framework relevance only
https://openalex.org/W2040992127,,,,,,,,,,,,,,title_abstract,
https://openalex.org/W2041381132,,,,,,,,,,,,,,title_abstract,
https://openalex.org/W2041445366,,,,,,,,,,,,,,title_abstract,
https://openalex.org/W2041602540,,,,,,,,,,,,,,title_abstract,
https://openalex.org/W2041985949,,,,,,,,,,,,,,title_abstract,
https://openalex.org/W2042751170,,,,,,,,,,,,,,title_abstract,
https://openalex.org/W2042929409,,,,,,,,,,,,,,title_abstract,
https://openalex.org/W2043102978,,,,,,,,,,,,,,title_abstract,
https://openalex.org/W204310620,,,,,,,,,,,,,,title_abstract,
https://openalex.org/W2043381373,,,,,,,,,,,,,,title_abstract,
https://openalex.org/W2043833768,,,,,,,,,,,,,,title_abstract,
https://openalex.org/W2044275324,,,,,,,,,,,,,,title_abstract,
https://openalex.org/W2044354924,technology_indicators,,,,,,,4.2,no,,,,,candidate_screen,"did not meet inclusion criteria at screening (cross-national scope, explicit technology indicator, or biophysical outcome)"
https://openalex.org/W2045183487,,,,,,,,,,,,,,title_abstract,
https://openalex.org/W2045249968,,,,,,,,,,,,,,title_abstract,
https://openalex.org/W2045335313,,,,,,,,,,,,,,title_abstract,
https://openalex.org/W2045488269,,,,,,,,,,,,,,title_abstract,
https://openalex.org/W2045551714,affluence_confound,,,,,,,4.3,no,,,,,candidate_screen,"did not meet inclusion criteria at screening (cross-national scope, explicit technology indicator, or biophysical outcome)"
https://openalex.org/W2045743001,,,,,,,,,,,,,,title_abstract,
https://openalex.org/W2045759654,,,,,,,,,,,,,,title_abstract,
https://openalex.org/W2046054580,,,,,,,,,,,,,,title_abstract,
https://openalex.org/W2046244033,,,,,,,,,,,,,,title_abstract,
https://openalex.org/W2046455035,,,,,,,,,,,,,,title_abstract,
https://openalex.org/W2046989318,,,,,,,,,,,,,,title_abstract,
https://openalex.org/W2048273909,,,,,,,,,,,,,,title_abstract,
https://openalex.org/W2048293151,,,,,,,,,,,,,,title_abstract,
https://openalex.org/W2048305229,,,,,,,,,,,,,,title_abstract,
https://openalex.org/W2048971042,,,,,,,,,,,,,,title_abstract,
https://openalex.org/W2049082182,,,,,,,,,,,,,,title_abstract,
https://openalex.org/W2049238166,,,,,,,,,,,,,,title_abstract,
https://openalex.org/W2049388904,,,,,,,,,,,,,,title_abstract,
https://openalex.org/W2049941951,technology_indicators,,,,,,,4.2,no,Borup et al. 2006 — sociology of expectations,theoretical / interpretive,,,full_text,"interpretive framework source - informs Sections 3 and 6, not part of the empirical corpus"
https://openalex.org/W2050325244,,,,,,,,,,,,,,title_abstract,
https://openalex.org/W2050394485,,,,,,,,,,,,,,title_abstract,
https://openalex.org/W2050922492,,,,,,,,,,,,,,title_abstract,
https://openalex.org/W2051352899,,,,,,,,,,,,,,title_abstract,
https://openalex.org/W2051779592,,,,,,,,,,,,,,title_abstract,
https://openalex.org/W2051969809,,,,,,,,,,,,,,title_abstract,
https://openalex.org/W2052146937,,,,,,,,,,,,,,title_abstract,
https://openalex.org/W2052681097,technology_indicators,,,,,,,4.2,no,,,,,candidate_screen,"did not meet inclusion criteria at screening (cross-national scope, explicit technology indicator, or biophysical outcome)"
https://openalex.org/W2052750482,,,,,,,,,,,,,,title_abstract,
https://openalex.org/W2052872518,,,,,,,,,,,,,,title_abstract,
https://openalex.org/W2053258746,,,,,,,,,,,,,,title_abstract,
https://openalex.org/W2053871316,,,,,,,,,,,,,,title_abstract,
https://openalex.org/W2054215399,,,,,,,,,,,,,,title_abstract,
https://openalex.org/W2054311698,,,,,,,,,,,,,,title_abstract,
https://openalex.org/W2054415313,,,,,,,,,,,,,,title_abstract,
https://openalex.org/W2054564848,,,,,,,,,,,,,,title_abstract,
https://openalex.org/W2055569723,,,,,,,,,,,,,,title_abstract,
https://openalex.org/W2055574165,,,,,,,,,,,,,,title_abstract,
https://openalex.org/W2055817314,,,,,,,,,,,,,,title_abstract,
https://openalex.org/W2056286657,,,,,,,,,,,,,,title_abstract,
https://openalex.org/W2056304612,,,,,,,,,,,,,,title_abstract,
https://openalex.org/W2056989313,,,,,,,,,,,,,,title_abstract,
https://openalex.org/W2057107720,,,,,,,,,,,,,,title_abstract,
https://openalex.org/W2057333904,,,,,,,,,,,,,,title_abstract,
https://openalex.org/W2057810683,displacement,,,,,,,5,no,,,,,candidate_screen,"did not meet inclusion criteria at screening (cross-national scope, explicit technology indicator, or biophysical outcome)"
https://openalex.org/W2057904761,,,,,,,,,,,,,,title_abstract,
https://openalex.org/W2058012674,,,,,,,,,,,,,,title_abstract,
https://openalex.org/W2058124055,,,,,,,,,,,,,,title_abstract,
https://openalex.org/W2058605117,,,,,,,,,,,,,,title_abstract,
https://openalex.org/W2058652198,,,,,,,,,,,,,,title_abstract,
https://openalex.org/W2058666761,,,,,,,,,,,,,,title_abstract,
https://openalex.org/W2059344053,,,,,,,,,,,,,,title_abstract,
https://openalex.org/W2059527695,technology_indicators,,,,,,,4.2,no,,,,,candidate_screen,"did not meet inclusion criteria at screening (cross-national scope, explicit technology indicator, or biophysical outcome)"
https://openalex.org/W2060240089,,,,,,,,,,,,,,title_abstract,
https://openalex.org/W2060667351,,,,,,,,,,,,,,title_abstract,
https://openalex.org/W2061046454,,,,,,,,,,,,,,title_abstract,
https://openalex.org/W2061323907,,,,,,,,,,,,,,title_abstract,
https://openalex.org/W2061653173,,,,,,,,,,,,,,title_abstract,
https://openalex.org/W2062232620,,,,,,,,,,,,,,title_abstract,
https://openalex.org/W2062437570,,,,,,,,,,,,,,title_abstract,
https://openalex.org/W2062460723,affluence_confound,,,,,,,4.3,no,,,,,candidate_screen,"did not meet inclusion criteria at screening (cross-national scope, explicit technology indicator, or biophysical outcome)"
https://openalex.org/W2062511876,,,,,,,,,,,,,,title_abstract,
https://openalex.org/W2064148456,,,,,,,,,,,,,,title_abstract,
https://openalex.org/W2064704557,,,,,,,,,,,,,,title_abstract,
https://openalex.org/W2066080917,,,,,,,,,,,,,,title_abstract,
https://openalex.org/W2066232092,,,,,,,,,,,,,,title_abstract,
https://openalex.org/W2066341033,,,,,,,,,,,,,,title_abstract,
https://openalex.org/W2066349663,,,,,,,,,,,,,,title_abstract,
https://openalex.org/W2066444280,,,,,,,,,,,,,,title_abstract,
https://openalex.org/W2066578095,,,,,,,,,,,,,,title_abstract,
https://openalex.org/W2067298595,,,,,,,,,,,,,,title_abstract,
https://openalex.org/W2067905463,,,,,,,,,,,,,,title_abstract,
https://openalex.org/W2067945281,,,,,,,,,,,,,,title_abstract,
https://openalex.org/W2068055675,,,,,,,,,,,,,,title_abstract,
https://openalex.org/W2068520849,,,,,,,,,,,,,,title_abstract,
https://openalex.org/W2068618987,tech_material,,,,,,,4.1,no,,,,,candidate_screen,"did not meet inclusion criteria at screening (cross-national scope, explicit technology indicator, or biophysical outcome)"
https://openalex.org/W2069274378,,,,,,,,,,,,,,title_abstract,
https://openalex.org/W2069332984,,,,,,,,,,,,,,title_abstract,
https://openalex.org/W2069885397,,,,,,,,,,,,,,title_abstract,
https://openalex.org/W2070001707,,,,,,,,,,,,,,title_abstract,
https://openalex.org/W2070128566,,,,,,,,,,,,,,title_abstract,
https://openalex.org/W2071419957,,,,,,,,,,,,,,title_abstract,
https://openalex.org/W2071762763,ecological_modernisation,,,,,,,3.1,no,Buttel 2000 — EM as social theory,theoretical / interpretive,,,full_text,"interpretive framework source - informs Sections 3 and 6, not part of the empirical corpus"
https://openalex.org/W2073447941,,,,,,,,,,,,,,title_abstract,
https://openalex.org/W2073557740,,,,,,,,,,,,,,title_abstract,
https://openalex.org/W2073716048,,,,,,,,,,,,,,title_abstract,
https://openalex.org/W2074062151,,,,,,,,,,,,,,title_abstract,
https://openalex.org/W2074202951,,,,,,,,,,,,,,title_abstract,
https://openalex.org/W2075022741,,,,,,,,,,,,,,title_abstract,
https://openalex.org/W2075441770,,,,,,,,,,,,,,title_abstract,
https://openalex.org/W2075997322,,,,,,,,,,,,,,title_abstract,
https://openalex.org/W2076296382,,,,,,,,,,,,,,title_abstract,
https://openalex.org/W2076408225,,,,,,,,,,,,,,title_abstract,
https://openalex.org/W2076698736,,,,,,,,,,,,,,title_abstract,
https://openalex.org/W2077344172,,,,,,,,,,,,,,title_abstract,
https://openalex.org/W2077348382,,,,,,,,,,,,,,title_abstract,
https://openalex.org/W2078656413,,,,,,,,,,,,,,title_abstract,
https://openalex.org/W2079036862,,,,,,,,,,,,,,title_abstract,
https://openalex.org/W2079247362,,,,,,,,,,,,,,title_abstract,
https://openalex.org/W2080351687,,,,,,,,,,,,,,title_abstract,
https://openalex.org/W2080458794,,,,,,,,,,,,,,title_abstract,
https://openalex.org/W2080534773,,,,,,,,,,,,,,title_abstract,
https://openalex.org/W2081173485,,,,,,,,,,,,,,title_abstract,
https://openalex.org/W2081192455,,,,,,,,,,,,,,title_abstract,
https://openalex.org/W2081265676,ecological_modernisation,,,,,,,3.1,no,,,,,candidate_screen,theoretical / interpretive literature - screened for framework relevance only
https://openalex.org/W2081421160,,,,,,,,,,,,,,title_abstract,
https://openalex.org/W2081716849,technology_indicators,,,,,,,4.2,no,,,,,candidate_screen,"did not meet inclusion criteria at screening (cross-national scope, explicit technology indicator, or biophysical outcome)"
https://openalex.org/W2082308838,,,,,,,,,,,,,,title_abstract,
https://openalex.org/W2082453834,,,,,,,,,,,,,,title_abstract,
https://openalex.org/W2082947055,,,,,,,,,,,,,,title_abstract,
https://openalex.org/W2083494441,,,,,,,,,,,,,,title_abstract,
https://openalex.org/W2084161521,,,,,,,,,,,,,,title_abstract,
https://openalex.org/W2084261402,,,,,,,,,,,,,,title_abstract,
https://openalex.org/W2085499554,,,,,,,,,,,,,,title_abstract,
https://openalex.org/W2085814276,,,,,,,,,,,,,,title_abstract,
https://openalex.org/W2085946777,,,,,,,,,,,,,,title_abstract,
https://openalex.org/W2086062903,,,,,,,,,,,,,,title_abstract,
https://openalex.org/W2086670968,technology_indicators,,,,,,,4.2,no,,,,,candidate_screen,"did not meet inclusion criteria at screening (cross-national scope, explicit technology indicator, or biophysical outcome)"
https://openalex.org/W2086798012,,,,,,,,,,,,,,title_abstract,
https://openalex.org/W2086977164,,,,,,,,,,,,,,title_abstract,
https://openalex.org/W2087319732,,,,,,,,,,,,,,title_abstract,
https://openalex.org/W2087353257,,,,,,,,,,,,,,title_abstract,
https://openalex.org/W2087385946,displacement,,,,,,,5,no,,,,,candidate_screen,"did not meet inclusion criteria at screening (cross-national scope, explicit technology indicator, or biophysical outcome)"
https://openalex.org/W2087574958,,,,,,,,,,,,,,title_abstract,
https://openalex.org/W2087666047,,,,,,,,,,,,,,title_abstract,
https://openalex.org/W2088170836,,,,,,,,,,,,,,title_abstract,
https://openalex.org/W2089110760,technology_indicators,,,,,,,4.2,no,,,,,candidate_screen,"did not meet inclusion criteria at screening (cross-national scope, explicit technology indicator, or biophysical outcome)"
https://openalex.org/W2089188580,ecological_modernisation,,,,,,,3.1,no,,,,,candidate_screen,theoretical / interpretive literature - screened for framework relevance only
https://openalex.org/W2089784174,,,,,,,,,,,,,,title_abstract,
https://openalex.org/W2089833074,,,,,,,,,,,,,,title_abstract,
https://openalex.org/W2089866963,,,,,,,,,,,,,,title_abstract,
https://openalex.org/W2090122872,,,,,,,,,,,,,,title_abstract,
https://openalex.org/W2090191602,,,,,,,,,,,,,,title_abstract,
https://openalex.org/W2090948358,,,,,,,,,,,,,,title_abstract,
https://openalex.org/W2091003194,,,,,,,,,,,,,,title_abstract,
https://openalex.org/W2091375850,,,,,,,,,,,,,,title_abstract,
https://openalex.org/W2091709473,,,,,,,,,,,,,,title_abstract,
https://openalex.org/W2091748877,tech_material,,,,,,,4.1,no,,,,,candidate_screen,"did not meet inclusion criteria at screening (cross-national scope, explicit technology indicator, or biophysical outcome)"
https://openalex.org/W2092274884,,,,,,,,,,,,,,title_abstract,
https://openalex.org/W2092337475,,,,,,,,,,,,,,title_abstract,
https://openalex.org/W2092414296,,,,,,,,,,,,,,title_abstract,
https://openalex.org/W2092783574,,,,,,,,,,,,,,title_abstract,
https://openalex.org/W2093146770,,,,,,,,,,,,,,title_abstract,
https://openalex.org/W2094041443,,,,,,,,,,,,,,title_abstract,
https://openalex.org/W2094393657,,,,,,,,,,,,,,title_abstract,
https://openalex.org/W2094471183,,,,,,,,,,,,,,title_abstract,
https://openalex.org/W2094737131,,,,,,,,,,,,,,title_abstract,
https://openalex.org/W2094745203,,,,,,,,,,,,,,title_abstract,
https://openalex.org/W2094817382,,,,,,,,,,,,,,title_abstract,
https://openalex.org/W2095631174,,,,,,,,,,,,,,title_abstract,
https://openalex.org/W2095651791,ecological_modernisation,,,,,,,3.1,no,,,,,candidate_screen,theoretical / interpretive literature - screened for framework relevance only
https://openalex.org/W2095881237,,,,,,,,,,,,,,title_abstract,
https://openalex.org/W2096081303,,,,,,,,,,,,,,title_abstract,
https://openalex.org/W2096125712,,,,,,,,,,,,,,title_abstract,
https://openalex.org/W2096277470,,,,,,,,,,,,,,title_abstract,
https://openalex.org/W2096565435,ecological_modernisation,,,,,,,3.1,no,,,,,candidate_screen,theoretical / interpretive literature - screened for framework relevance only
https://openalex.org/W2097908907,,,,,,,,,,,,,,title_abstract,
https://openalex.org/W2097960713,,,,,,,,,,,,,,title_abstract,
https://openalex.org/W2098011161,,,,,,,,,,,,,,title_abstract,
https://openalex.org/W2098685464,,,,,,,,,,,,,,title_abstract,
https://openalex.org/W2099123384,,,,,,,,,,,,,,title_abstract,
https://openalex.org/W2099548885,,,,,,,,,,,,,,title_abstract,
https://openalex.org/W2099913992,ecological_modernisation,,,,,,,3.1,no,,,,,candidate_screen,theoretical / interpretive literature - screened for framework relevance only
https://openalex.org/W2100967449,technology_indicators,,,,,,,4.2,no,,,,,candidate_screen,"did not meet inclusion criteria at screening (cross-national scope, explicit technology indicator, or biophysical outcome)"
https://openalex.org/W2101163787,,,,,,,,,,,,,,title_abstract,
https://openalex.org/W2101589578,,,,,,,,,,,,,,title_abstract,
https://openalex.org/W2101629541,ecological_modernisation,,,,,,,3.1,no,,,,,candidate_screen,theoretical / interpretive literature - screened for framework relevance only
https://openalex.org/W2101776677,,,,,,,,,,,,,,title_abstract,
https://openalex.org/W2101896833,,,,,,,,,,,,,,title_abstract,
https://openalex.org/W2102154456,,,,,,,,,,,,,,title_abstract,
https://openalex.org/W2103134620,,,,,,,,,,,,,,title_abstract,
https://openalex.org/W2103232546,,,,,,,,,,,,,,title_abstract,
https://openalex.org/W2103238592,,,,,,,,,,,,,,title_abstract,
https://openalex.org/W2103269099,,,,,,,,,,,,,,title_abstract,
https://openalex.org/W2104042383,,,,,,,,,,,,,,title_abstract,
https://openalex.org/W2104043825,,,,,,,,,,,,,,title_abstract,
https://openalex.org/W2104256946,,,,,,,,,,,,,,title_abstract,
https://openalex.org/W2104292003,,,,,,,,,,,,,,title_abstract,
https://openalex.org/W2105279416,,,,,,,,,,,,,,title_abstract,
https://openalex.org/W2105373807,,,,,,,,,,,,,,title_abstract,
https://openalex.org/W2105427329,,,,,,,,,,,,,,title_abstract,
https://openalex.org/W2105734008,,,,,,,,,,,,,,title_abstract,
https://openalex.org/W2105843871,,,,,,,,,,,,,,title_abstract,
https://openalex.org/W2106015216,,,,,,,,,,,,,,title_abstract,
https://openalex.org/W2106282758,tech_material,,,,,,,4.1,no,,,,,candidate_screen,"did not meet inclusion criteria at screening (cross-national scope, explicit technology indicator, or biophysical outcome)"
https://openalex.org/W2106786628,,,,,,,,,,,,,,title_abstract,
https://openalex.org/W2106996283,,,,,,,,,,,,,,title_abstract,
https://openalex.org/W2107251666,,,,,,,,,,,,,,title_abstract,
https://openalex.org/W2107349476,,,,,,,,,,,,,,title_abstract,
https://openalex.org/W2107551922,,,,,,,,,,,,,,title_abstract,
https://openalex.org/W2107940927,,,,,,,,,,,,,,title_abstract,
https://openalex.org/W2108057681,,,,,,,,,,,,,,title_abstract,
https://openalex.org/W2108276321,,,,,,,,,,,,,,title_abstract,
https://openalex.org/W2108326458,,,,,,,,,,,,,,title_abstract,
https://openalex.org/W2108475562,,,,,,,,,,,,,,title_abstract,
https://openalex.org/W2109199008,,,,,,,,,,,,,,title_abstract,
https://openalex.org/W2109580859,,,,,,,,,,,,,,title_abstract,
https://openalex.org/W2109818043,,,,,,,,,,,,,,title_abstract,
https://openalex.org/W2109933771,,,,,,,,,,,,,,title_abstract,
https://openalex.org/W2110278387,,,,,,,,,,,,,,title_abstract,
https://openalex.org/W2110467610,,,,,,,,,,,,,,title_abstract,
https://openalex.org/W2111068618,,,,,,,,,,,,,,title_abstract,
https://openalex.org/W2111369319,,,,,,,,,,,,,,title_abstract,
https://openalex.org/W2112358652,,,,,,,,,,,,,,title_abstract,
https://openalex.org/W2112410722,,,,,,,,,,,,,,title_abstract,
https://openalex.org/W2112433673,technology_indicators,,,,,,,4.2,no,,,,,candidate_screen,"did not meet inclusion criteria at screening (cross-national scope, explicit technology indicator, or biophysical outcome)"
https://openalex.org/W2112516455,,,,,,,,,,,,,,title_abstract,
https://openalex.org/W2112591589,,,,,,,,,,,,,,title_abstract,
https://openalex.org/W2113118511,,,,,,,,,,,,,,title_abstract,
https://openalex.org/W2113153173,,,,,,,,,,,,,,title_abstract,
https://openalex.org/W2113355006,,,,,,,,,,,,,,title_abstract,
https://openalex.org/W2113503176,,,,,,,,,,,,,,title_abstract,
https://openalex.org/W2113991966,,,,,,,,,no,,,,,candidate_screen,"did not meet inclusion criteria at screening (cross-national scope, explicit technology indicator, or biophysical outcome)"
https://openalex.org/W2115328246,displacement,,,,,,,5,no,,,,,candidate_screen,"did not meet inclusion criteria at screening (cross-national scope, explicit technology indicator, or biophysical outcome)"
https://openalex.org/W2115509661,,,,,,,,,,,,,,title_abstract,
https://openalex.org/W2115515081,,,,,,,,,,,,,,title_abstract,
https://openalex.org/W2116967971,,,,,,,,,,,,,,title_abstract,
https://openalex.org/W2117938339,,,,,,,,,,,,,,title_abstract,
https://openalex.org/W2117995482,,,,,,,,,,,,,,title_abstract,
https://openalex.org/W2118062559,,,,,,,,,,,,,,title_abstract,
https://openalex.org/W2118269928,,,,,,,,,,,,,,title_abstract,
https://openalex.org/W2118588195,,,,,,,,,,,,,,title_abstract,
https://openalex.org/W2119211517,displacement,,,,,,,5,no,,,,,candidate_screen,"did not meet inclusion criteria at screening (cross-national scope, explicit technology indicator, or biophysical outcome)"
https://openalex.org/W2119408200,,,,,,,,,,,,,,title_abstract,
https://openalex.org/W2119959205,,,,,,,,,,,,,,title_abstract,
https://openalex.org/W2120537090,,,,,,,,,,,,,,title_abstract,
https://openalex.org/W2120555464,,,,,,,,,,,,,,title_abstract,
https://openalex.org/W2120974317,,,,,,,,,,,,,,title_abstract,
https://openalex.org/W2121548641,,,,,,,,,,,,,,title_abstract,
https://openalex.org/W2121632388,,,,,,,,,,,,,,title_abstract,
https://openalex.org/W2121764075,,,,,,,,,,,,,,title_abstract,
https://openalex.org/W2122133193,,,,,,,,,,,,,,title_abstract,
https://openalex.org/W2122258160,,,,,,,,,,,,,,title_abstract,
https://openalex.org/W2123195397,,,,,,,,,,,,,,title_abstract,
https://openalex.org/W2123567146,,,,,,,,,,,,,,title_abstract,
https://openalex.org/W2123698554,technology_indicators,,,,,,,4.2,no,,,,,candidate_screen,"did not meet inclusion criteria at screening (cross-national scope, explicit technology indicator, or biophysical outcome)"
https://openalex.org/W2123810646,,,,,,,,,,,,,,title_abstract,
https://openalex.org/W2123826585,,,,,,,,,,,,,,title_abstract,
https://openalex.org/W2124473591,,,,,,,,,,,,,,title_abstract,
https://openalex.org/W2124493960,,,,,,,,,,,,,,title_abstract,
https://openalex.org/W2125036178,,,,,,,,,,,,,,title_abstract,
https://openalex.org/W2125348584,,,,,,,,,,,,,,title_abstract,
https://openalex.org/W2125503068,,,,,,,,,,,,,,title_abstract,
https://openalex.org/W2125548165,,,,,,,,,,,,,,title_abstract,
https://openalex.org/W2126003196,,,,,,,,,,,,,,title_abstract,
https://openalex.org/W2126234174,,,,,,,,,,,,,,title_abstract,
https://openalex.org/W2126350751,,,,,,,,,,,,,,title_abstract,
https://openalex.org/W2128222817,tech_material,,,,,,,4.1,no,,,,,candidate_screen,"did not meet inclusion criteria at screening (cross-national scope, explicit technology indicator, or biophysical outcome)"
https://openalex.org/W2128331441,technology_indicators,,,,,,,4.2,no,,,,,candidate_screen,"did not meet inclusion criteria at screening (cross-national scope, explicit technology indicator, or biophysical outcome)"
https://openalex.org/W2128398514,,,,,,,,,,,,,,title_abstract,
https://openalex.org/W2128555255,affluence_confound,,,,,,,4.3,no,,,,,candidate_screen,"did not meet inclusion criteria at screening (cross-national scope, explicit technology indicator, or biophysical outcome)"
https://openalex.org/W2128606612,,,,,,,,,,,,,,title_abstract,
https://openalex.org/W2128858209,,,,,,,,,,,,,,title_abstract,
https://openalex.org/W2128925770,,,,,,,,,,,,,,title_abstract,
https://openalex.org/W2129760024,displacement,,,,,,,5,no,,,,,candidate_screen,"did not meet inclusion criteria at screening (cross-national scope, explicit technology indicator, or biophysical outcome)"
https://openalex.org/W2130398419,,,,,,,,,,,,,,title_abstract,
https://openalex.org/W2130464127,ecological_modernisation,,,,,,,3.1,no,,,,,candidate_screen,theoretical / interpretive literature - screened for framework relevance only
https://openalex.org/W2130793263,,,,,,,,,,,,,,title_abstract,
https://openalex.org/W2131554966,ecological_modernisation,,,,,,,3.1,no,,,,,candidate_screen,theoretical / interpretive literature - screened for framework relevance only
https://openalex.org/W2131621631,ecological_modernisation,,,,,,,3.1,no,York & Rosa 2003 — key challenges to EMT,theoretical / interpretive,,,full_text,"interpretive framework source - informs Sections 3 and 6, not part of the empirical corpus"
https://openalex.org/W2132021057,,,,,,,,,,,,,,title_abstract,
https://openalex.org/W2132338277,,,,,,,,,,,,,,title_abstract,
https://openalex.org/W2132889806,,,,,,,,,,,,,,title_abstract,
https://openalex.org/W2133022495,,,,,,,,,,,,,,title_abstract,
https://openalex.org/W2133370741,ecological_modernisation,,,,,,,3.1,no,,,,,candidate_screen,theoretical / interpretive literature - screened for framework relevance only
https://openalex.org/W2133543604,,,,,,,,,,,,,,title_abstract,
https://openalex.org/W2133593766,,,,,,,,,,,,,,title_abstract,
https://openalex.org/W2133677719,,,,,,,,,,,,,,title_abstract,
https://openalex.org/W2133907326,tech_material,,R&D intensity,explained_by_income,dominant,partially (trade patterns),relative_only,4.1,yes,,cross-national regression,175 countries,DMC / material intensity,full_text,
https://openalex.org/W2134060736,,,,,,,,,,,,,,title_abstract,
https://openalex.org/W2134185801,,,,,,,,,,,,,,title_abstract,
https://openalex.org/W2134317867,,,,,,,,,,,,,,title_abstract,
https://openalex.org/W2134636024,,,,,,,,,,,,,,title_abstract,
https://openalex.org/W2134658799,,,,,,,,,,,,,,title_abstract,
https://openalex.org/W2135173256,,,,,,,,,,,,,,title_abstract,
https://openalex.org/W2135697092,,,,,,,,,,,,,,title_abstract,
https://openalex.org/W2136200748,,,,,,,,,,,,,,title_abstract,
https://openalex.org/W2137000480,,,,,,,,,,,,,,title_abstract,
https://openalex.org/W2137390609,,,,,,,,,,,,,,title_abstract,
https://openalex.org/W2137540105,,,,,,,,,,,,,,title_abstract,
https://openalex.org/W2138058169,,,,,,,,,,,,,,title_abstract,
https://openalex.org/W2138107144,,,,,,,,,,,,,,title_abstract,
https://openalex.org/W2138460086,,,,,,,,,,,,,,title_abstract,
https://openalex.org/W2138583215,,,,,,,,,,,,,,title_abstract,
https://openalex.org/W2139280131,,,,,,,,,,,,,,title_abstract,
https://openalex.org/W2139524646,,,,,,,,,,,,,,title_abstract,
https://openalex.org/W2139799726,,,,,,,,,,,,,,title_abstract,
https://openalex.org/W2140463603,sociology_expectations,,,,,,,3.2,no,Jasanoff & Kim 2009 — sociotechnical imaginaries,theoretical / interpretive,,,full_text,"interpretive framework source - informs Sections 3 and 6, not part of the empirical corpus"
https://openalex.org/W2140559467,,,,,,,,,,,,,,title_abstract,
https://openalex.org/W2140726154,tech_material,,STIRPAT modernisation proxies,no_independent_effect,dominant,not_tested,no,4.1,yes,STIRPAT replication; N=105 confirmed (old table said 29),cross-national regression,105 countries,EF,full_text,
https://openalex.org/W2140959760,,,,,,,,,,,,,,title_abstract,
https://openalex.org/W2140980517,,,,,,,,,,,,,,title_abstract,
https://openalex.org/W2141259981,,,,,,,,,,,,,,title_abstract,
https://openalex.org/W2142043891,displacement,,,,,,,5,no,,,,,candidate_screen,"did not meet inclusion criteria at screening (cross-national scope, explicit technology indicator, or biophysical outcome)"
https://openalex.org/W2142198201,,,,,,,,,,,,,,title_abstract,
https://openalex.org/W2142202291,,,,,,,,,,,,,,title_abstract,
https://openalex.org/W2142381998,,,,,,,,,,,,,,title_abstract,
https://openalex.org/W2142628316,,,,,,,,,,,,,,title_abstract,
https://openalex.org/W2143129789,,,,,,,,,,,,,,title_abstract,
https://openalex.org/W2143557957,,,,,,,,,,,,,,title_abstract,
https://openalex.org/W2143917121,,,,,,,,,,,,,,title_abstract,
https://openalex.org/W2144504431,,,,,,,,,,,,,,title_abstract,
https://openalex.org/W2144577556,,,,,,,,,,,,,,title_abstract,
https://openalex.org/W2144619978,,,,,,,,,,,,,,title_abstract,
https://openalex.org/W2145403478,technology_indicators,,,,,,,4.2,no,,,,,candidate_screen,"did not meet inclusion criteria at screening (cross-national scope, explicit technology indicator, or biophysical outcome)"
https://openalex.org/W2145987797,,,,,,,,,,,,,,title_abstract,
https://openalex.org/W2146616970,technology_indicators,,,,,,,4.2,no,,,,,candidate_screen,"did not meet inclusion criteria at screening (cross-national scope, explicit technology indicator, or biophysical outcome)"
https://openalex.org/W2146710810,,,,,,,,,,,,,,title_abstract,
https://openalex.org/W2147577571,technology_indicators,,,,,,,4.2,no,,,,,candidate_screen,"did not meet inclusion criteria at screening (cross-national scope, explicit technology indicator, or biophysical outcome)"
https://openalex.org/W2147621446,,,,,,,,,,,,,,title_abstract,
https://openalex.org/W2147625908,,,,,,,,,,,,,,title_abstract,
https://openalex.org/W2148094771,,,,,,,,,,,,,,title_abstract,
https://openalex.org/W2148117602,,,,,,,,,,,,,,title_abstract,
https://openalex.org/W2148197816,,,,,,,,,,,,,,title_abstract,
https://openalex.org/W2148520020,,,,,,,,,,,,,,title_abstract,
https://openalex.org/W2148645770,ecological_modernisation,,,,,,,3.1,no,,,,,candidate_screen,theoretical / interpretive literature - screened for framework relevance only
https://openalex.org/W2149016456,,,,,,,,,,,,,,title_abstract,
https://openalex.org/W2149118440,,,,,,,,,,,,,,title_abstract,
https://openalex.org/W2149127100,,,,,,,,,,,,,,title_abstract,
https://openalex.org/W2149888331,,,,,,,,,,,,,,title_abstract,
https://openalex.org/W2149891385,,,,,,,,,,,,,,title_abstract,
https://openalex.org/W2151139938,,,,,,,,,,,,,,title_abstract,
https://openalex.org/W2151177060,,,,,,,,,,,,,,title_abstract,
https://openalex.org/W2151785299,,,,,,,,,no,,,,,candidate_screen,"did not meet inclusion criteria at screening (cross-national scope, explicit technology indicator, or biophysical outcome)"
https://openalex.org/W2151931317,,,,,,,,,,,,,,title_abstract,
https://openalex.org/W2152058176,,,,,,,,,,,,,,title_abstract,
https://openalex.org/W2152256466,,,,,,,,,,,,,,title_abstract,
https://openalex.org/W2152286452,,,,,,,,,,,,,,title_abstract,
https://openalex.org/W2152471389,,,,,,,,,,,,,,title_abstract,
https://openalex.org/W2152816377,,,,,,,,,,,,,,title_abstract,
https://openalex.org/W2153717878,,,,,,,,,,,,,,title_abstract,
https://openalex.org/W2153920784,,,,,,,,,,,,,,title_abstract,
https://openalex.org/W2154233671,,,,,,,,,,,,,,title_abstract,
https://openalex.org/W2154286831,displacement,,,,,,,5,no,,,,,candidate_screen,"did not meet inclusion criteria at screening (cross-national scope, explicit technology indicator, or biophysical outcome)"
https://openalex.org/W2154289493,,,,,,,,,,,,,,title_abstract,
https://openalex.org/W2154764050,,,,,,,,,,,,,,title_abstract,
https://openalex.org/W2155023112,,,,,,,,,,,,,,title_abstract,
https://openalex.org/W2155058526,,,,,,,,,,,,,,title_abstract,
https://openalex.org/W2155419203,,,,,,,,,,,,,,title_abstract,
https://openalex.org/W2156250533,,,,,,,,,,,,,,title_abstract,
https://openalex.org/W2156746685,,,,,,,,,,,,,,title_abstract,
https://openalex.org/W2156764246,,,,,,,,,,,,,,title_abstract,
https://openalex.org/W2156852798,,,,,,,,,,,,,,title_abstract,
https://openalex.org/W2156882652,,,,,,,,,,,,,,title_abstract,
https://openalex.org/W2156939933,,,,,,,,,,,,,,title_abstract,
https://openalex.org/W2157133999,,,,,,,,,,,,,,title_abstract,
https://openalex.org/W2157211983,,,,,,,,,,,,,,title_abstract,
https://openalex.org/W2157414995,,,,,,,,,,,,,,title_abstract,
https://openalex.org/W2157725072,,,,,,,,,,,,,,title_abstract,
https://openalex.org/W2157907221,,,,,,,,,,,,,,title_abstract,
https://openalex.org/W2157918818,,,,,,,,,,,,,,title_abstract,
https://openalex.org/W2158040348,,,,,,,,,,,,,,title_abstract,
https://openalex.org/W2158229773,,,,,,,,,,,,,,title_abstract,
https://openalex.org/W2158700333,,,,,,,,,,,,,,title_abstract,
https://openalex.org/W2159593953,,,,,,,,,,,,,,title_abstract,
https://openalex.org/W2159893857,,,,,,,,,,,,,,title_abstract,
https://openalex.org/W2159991977,,,,,,,,,,,,,,title_abstract,
https://openalex.org/W2160076620,,,,,,,,,,,,,,title_abstract,
https://openalex.org/W2160135021,,,,,,,,,,,,,,title_abstract,
https://openalex.org/W2160216986,,,,,,,,,,,,,,title_abstract,
https://openalex.org/W2160451922,,,,,,,,,,,,,,title_abstract,
https://openalex.org/W2160663251,,,,,,,,,,,,,,title_abstract,
https://openalex.org/W2160934709,ecological_modernisation,,,,,,,3.1,no,,,,,candidate_screen,theoretical / interpretive literature - screened for framework relevance only
https://openalex.org/W2161458938,,,,,,,,,,,,,,title_abstract,
https://openalex.org/W2161864366,,,,,,,,,,,,,,title_abstract,
https://openalex.org/W2162041223,,,,,,,,,,,,,,title_abstract,
https://openalex.org/W2162065169,,,,,,,,,,,,,,title_abstract,
https://openalex.org/W2162467963,,,,,,,,,,,,,,title_abstract,
https://openalex.org/W2163076008,,,,,,,,,,,,,,title_abstract,
https://openalex.org/W2163148943,,,,,,,,,,,,,,title_abstract,
https://openalex.org/W2163307695,,,,,,,,,,,,,,title_abstract,
https://openalex.org/W216344673,,,,,,,,,,,,,,title_abstract,
https://openalex.org/W2163545151,,,,,,,,,,,,,,title_abstract,
https://openalex.org/W2163744998,,,,,,,,,,,,,,title_abstract,
https://openalex.org/W2164286332,,,,,,,,,,,,,,title_abstract,
https://openalex.org/W2164319424,,,,,,,,,,,,,,title_abstract,
https://openalex.org/W2164437327,,,,,,,,,,,,,,title_abstract,
https://openalex.org/W2164592293,,,,,,,,,,,,,,title_abstract,
https://openalex.org/W2164758941,,,,,,,,,,,,,,title_abstract,
https://openalex.org/W2164776132,,,,,,,,,,,,,,title_abstract,
https://openalex.org/W2165106141,,,,,,,,,,,,,,title_abstract,
https://openalex.org/W2165376423,,,,,,,,,,,,,,title_abstract,
https://openalex.org/W2166039504,technology_indicators,,,,,,,4.2,no,,,,,candidate_screen,"did not meet inclusion criteria at screening (cross-national scope, explicit technology indicator, or biophysical outcome)"
https://openalex.org/W2166416869,,,,,,,,,,,,,,title_abstract,
https://openalex.org/W2166671387,,,,,,,,,,,,,,title_abstract,
https://openalex.org/W2167510125,,,,,,,,,,,,,,title_abstract,
https://openalex.org/W2167552625,,,,,,,,,,,,,,title_abstract,
https://openalex.org/W2167940259,,,,,,,,,,,,,,title_abstract,
https://openalex.org/W2168501059,,,,,,,,,,,,,,title_abstract,
https://openalex.org/W2168567047,,,,,,,,,,,,,,title_abstract,
https://openalex.org/W2169323781,,,,,,,,,,,,,,title_abstract,
https://openalex.org/W2169385286,,,,,,,,,,,,,,title_abstract,
https://openalex.org/W2169701480,,,,,,,,,,,,,,title_abstract,
https://openalex.org/W2169825591,,,,,,,,,,,,,,title_abstract,
https://openalex.org/W2169963362,,,,,,,,,,,,,,title_abstract,
https://openalex.org/W2170055672,,,,,,,,,,,,,,title_abstract,
https://openalex.org/W2170219305,,,,,,,,,,,,,,title_abstract,
https://openalex.org/W2170394607,,,,,,,,,,,,,,title_abstract,
https://openalex.org/W2170640059,,,,,,,,,,,,,,title_abstract,
https://openalex.org/W2171109507,,,,,,,,,,,,,,title_abstract,
https://openalex.org/W2171923510,,,,,,,,,,,,,,title_abstract,
https://openalex.org/W2171949063,,,,,,,,,,,,,,title_abstract,
https://openalex.org/W2172059539,,,,,,,,,,,,,,title_abstract,
https://openalex.org/W2172178003,,,,,,,,,,,,,,title_abstract,
https://openalex.org/W2173642301,,,,,,,,,,,,,,title_abstract,
https://openalex.org/W2173799908,,,,,,,,,,,,,,title_abstract,
https://openalex.org/W2175013224,,,,,,,,,,,,,,title_abstract,
https://openalex.org/W2175671673,,,,,,,,,,,,,,title_abstract,
https://openalex.org/W2175751433,,,,,,,,,,,,,,title_abstract,
https://openalex.org/W2178422341,,,,,,,,,,,,,,title_abstract,
https://openalex.org/W2178868769,,,,,,,,,,,,,,title_abstract,
https://openalex.org/W2179346455,,,,,,,,,,,,,,title_abstract,
https://openalex.org/W2181997474,,,,,,,,,,,,,,title_abstract,
https://openalex.org/W2182089091,,,,,,,,,,,,,,title_abstract,
https://openalex.org/W2182403599,displacement,,,,,,,5,no,,,,,candidate_screen,"did not meet inclusion criteria at screening (cross-national scope, explicit technology indicator, or biophysical outcome)"
https://openalex.org/W2182654917,,,,,,,,,,,,,,title_abstract,
https://openalex.org/W2182692267,,,,,,,,,,,,,,title_abstract,
https://openalex.org/W2183268920,,,,,,,,,,,,,,title_abstract,
https://openalex.org/W2183643173,,,,,,,,,,,,,,title_abstract,
https://openalex.org/W2183882445,,,,,,,,,,,,,,title_abstract,
https://openalex.org/W2184765626,,,,,,,,,,,,,,title_abstract,
https://openalex.org/W2184860661,,,,,,,,,,,,,,title_abstract,
https://openalex.org/W2185228848,,,,,,,,,,,,,,title_abstract,
https://openalex.org/W2185923570,,,,,,,,,,,,,,title_abstract,
https://openalex.org/W2186122399,,,,,,,,,,,,,,title_abstract,
https://openalex.org/W2186891751,,,,,,,,,,,,,,title_abstract,
https://openalex.org/W2187185439,,,,,,,,,,,,,,title_abstract,
https://openalex.org/W2187284945,,,,,,,,,,,,,,title_abstract,
https://openalex.org/W2188461956,,,,,,,,,,,,,,title_abstract,
https://openalex.org/W218965712,,,,,,,,,,,,,,title_abstract,
https://openalex.org/W2191213121,,,,,,,,,,,,,,title_abstract,
https://openalex.org/W2193021774,,,,,,,,,,,,,,title_abstract,
https://openalex.org/W2193086922,,,,,,,,,,,,,,title_abstract,
https://openalex.org/W2194406924,,,,,,,,,,,,,,title_abstract,
https://openalex.org/W2195484168,displacement,,,,,,,5,no,,,,,candidate_screen,"did not meet inclusion criteria at screening (cross-national scope, explicit technology indicator, or biophysical outcome)"
https://openalex.org/W2195894604,,,,,,,,,,,,,,title_abstract,
https://openalex.org/W2196626084,,,,,,,,,,,,,,title_abstract,
https://openalex.org/W2201508122,,,,,,,,,,,,,,title_abstract,
https://openalex.org/W2201768844,ecological_modernisation,,,,,,,3.1,no,,,,,candidate_screen,theoretical / interpretive literature - screened for framework relevance only
https://openalex.org/W2202117311,,,,,,,,,,,,,,title_abstract,
https://openalex.org/W2202556651,,,,,,,,,,,,,,title_abstract,
https://openalex.org/W2203302346,,,,,,,,,,,,,,title_abstract,
https://openalex.org/W2204666358,,,,,,,,,,,,,,title_abstract,
https://openalex.org/W2211402078,,,,,,,,,,,,,,title_abstract,
https://openalex.org/W2213989191,,,,,,,,,,,,,,title_abstract,
https://openalex.org/W2214895889,,,,,,,,,,,,,,title_abstract,
https://openalex.org/W2214952503,,,,,,,,,,,,,,title_abstract,
https://openalex.org/W2215218956,,,,,,,,,,,,,,title_abstract,
https://openalex.org/W2216713091,,,,,,,,,,,,,,title_abstract,
https://openalex.org/W2218570720,,,,,,,,,,,,,,title_abstract,
https://openalex.org/W2220047061,,,,,,,,,,,,,,title_abstract,
https://openalex.org/W2221086101,,,,,,,,,,,,,,title_abstract,
https://openalex.org/W2221209262,,,,,,,,,,,,,,title_abstract,
https://openalex.org/W2221360581,,,,,,,,,,,,,,title_abstract,
https://openalex.org/W2221367778,,,,,,,,,,,,,,title_abstract,
https://openalex.org/W2225518893,,,,,,,,,,,,,,title_abstract,
https://openalex.org/W2229055644,,,,,,,,,,,,,,title_abstract,
https://openalex.org/W2230969753,,,,,,,,,,,,,,title_abstract,
https://openalex.org/W2231945158,,,,,,,,,,,,,,title_abstract,
https://openalex.org/W2233550531,,,,,,,,,,,,,,title_abstract,
https://openalex.org/W2234076425,,,,,,,,,,,,,,title_abstract,
https://openalex.org/W2236359413,,,,,,,,,,,,,,title_abstract,
https://openalex.org/W2237686040,,,,,,,,,,,,,,title_abstract,
https://openalex.org/W2237974964,,,,,,,,,,,,,,title_abstract,
https://openalex.org/W2240690604,,,,,,,,,,,,,,title_abstract,
https://openalex.org/W2243371407,ecological_modernisation,,,,,,,3.1,no,,,,,candidate_screen,theoretical / interpretive literature - screened for framework relevance only
https://openalex.org/W2249632422,,,,,,,,,,,,,,title_abstract,
https://openalex.org/W2250647781,,,,,,,,,,,,,,title_abstract,
https://openalex.org/W2252357275,,,,,,,,,,,,,,title_abstract,
https://openalex.org/W2252409191,,,,,,,,,,,,,,title_abstract,
https://openalex.org/W2254406169,,,,,,,,,,,,,,title_abstract,
https://openalex.org/W2255905547,,,,,,,,,,,,,,title_abstract,
https://openalex.org/W2257940605,,,,,,,,,,,,,,title_abstract,
https://openalex.org/W2258362977,,,,,,,,,,,,,,title_abstract,
https://openalex.org/W2258410098,,,,,,,,,,,,,,title_abstract,
https://openalex.org/W2258849120,,,,,,,,,,,,,,title_abstract,
https://openalex.org/W2259198629,,,,,,,,,,,,,,title_abstract,
https://openalex.org/W2259966783,,,,,,,,,,,,,,title_abstract,
https://openalex.org/W2260458850,,,,,,,,,,,,,,title_abstract,
https://openalex.org/W2263959752,,,,,,,,,,,,,,title_abstract,
https://openalex.org/W2264050319,,,,,,,,,,,,,,title_abstract,
https://openalex.org/W2264240203,,,,,,,,,,,,,,title_abstract,
https://openalex.org/W2267106946,,,,,,,,,,,,,,title_abstract,
https://openalex.org/W2267133419,,,,,,,,,,,,,,title_abstract,
https://openalex.org/W2267984311,,,,,,,,,,,,,,title_abstract,
https://openalex.org/W2268926771,,,,,,,,,,,,,,title_abstract,
https://openalex.org/W2269326200,,,,,,,,,,,,,,title_abstract,
https://openalex.org/W2270650768,,,,,,,,,,,,,,title_abstract,
https://openalex.org/W2271129245,,,,,,,,,,,,,,title_abstract,
https://openalex.org/W2272138347,,,,,,,,,,,,,,title_abstract,
https://openalex.org/W2274762189,displacement,,,,,,,5,no,,,,,candidate_screen,"did not meet inclusion criteria at screening (cross-national scope, explicit technology indicator, or biophysical outcome)"
https://openalex.org/W2275809422,,,,,,,,,,,,,,title_abstract,
https://openalex.org/W2276725792,,,,,,,,,,,,,,title_abstract,
https://openalex.org/W2277124766,,,,,,,,,,,,,,title_abstract,
https://openalex.org/W2277991275,,,,,,,,,,,,,,title_abstract,
https://openalex.org/W2278938776,,,,,,,,,,,,,,title_abstract,
https://openalex.org/W2279795386,tech_material,,,,,,,4.1,no,,,,,candidate_screen,"did not meet inclusion criteria at screening (cross-national scope, explicit technology indicator, or biophysical outcome)"
https://openalex.org/W2280828964,,,,,,,,,,,,,,title_abstract,
https://openalex.org/W2283079922,,,,,,,,,,,,,,title_abstract,
https://openalex.org/W2283346508,,,,,,,,,,,,,,title_abstract,
https://openalex.org/W228406965,,,,,,,,,,,,,,title_abstract,
https://openalex.org/W2284635478,,,,,,,,,,,,,,title_abstract,
https://openalex.org/W2285451681,,,,,,,,,,,,,,title_abstract,
https://openalex.org/W2288330981,,,,,,,,,,,,,,title_abstract,
https://openalex.org/W2289439864,,,,,,,,,,,,,,title_abstract,
https://openalex.org/W2289522459,,,,,,,,,,,,,,title_abstract,
https://openalex.org/W2289729991,,,,,,,,,,,,,,title_abstract,
https://openalex.org/W2290134431,,,,,,,,,,,,,,title_abstract,
https://openalex.org/W2290369781,,,,,,,,,,,,,,title_abstract,
https://openalex.org/W2291058877,displacement,,,,,,,5,no,,,,,candidate_screen,"did not meet inclusion criteria at screening (cross-national scope, explicit technology indicator, or biophysical outcome)"
https://openalex.org/W2291251860,,,,,,,,,,,,,,title_abstract,
https://openalex.org/W2291735052,,,,,,,,,,,,,,title_abstract,
https://openalex.org/W2292170486,,,,,,,,,,,,,,title_abstract,
https://openalex.org/W2292175537,,,,,,,,,,,,,,title_abstract,
https://openalex.org/W2293374779,,,,,,,,,,,,,,title_abstract,
https://openalex.org/W2299402696,,,,,,,,,,,,,,title_abstract,
https://openalex.org/W2300405077,,,,,,,,,,,,,,title_abstract,
https://openalex.org/W2301599595,,,,,,,,,,,,,,title_abstract,
https://openalex.org/W2302263814,,,,,,,,,,,,,,title_abstract,
https://openalex.org/W2307667127,,,,,,,,,,,,,,title_abstract,
https://openalex.org/W2307832927,,,,,,,,,,,,,,title_abstract,
https://openalex.org/W2314891018,,,,,,,,,,,,,,title_abstract,
https://openalex.org/W2316301889,,,,,,,,,,,,,,title_abstract,
https://openalex.org/W2317304769,,,,,,,,,,,,,,title_abstract,
https://openalex.org/W2317590236,,,,,,,,,,,,,,title_abstract,
https://openalex.org/W2318440657,,,,,,,,,,,,,,title_abstract,
https://openalex.org/W2318568688,,,,,,,,,,,,,,title_abstract,
https://openalex.org/W2321511225,,,,,,,,,,,,,,title_abstract,
https://openalex.org/W2321712428,,,,,,,,,,,,,,title_abstract,
https://openalex.org/W2321866166,,,,,,,,,,,,,,title_abstract,
https://openalex.org/W2322390167,,,,,,,,,,,,,,title_abstract,
https://openalex.org/W2322499846,,,,,,,,,,,,,,title_abstract,
https://openalex.org/W2324027358,,,,,,,,,,,,,,title_abstract,
https://openalex.org/W2324434786,,,,,,,,,,,,,,title_abstract,
https://openalex.org/W2325696756,,,,,,,,,,,,,,title_abstract,
https://openalex.org/W2327069728,,,,,,,,,,,,,,title_abstract,
https://openalex.org/W2327337926,,,,,,,,,,,,,,title_abstract,
https://openalex.org/W2328052033,,,,,,,,,,,,,,title_abstract,
https://openalex.org/W2328202620,,,,,,,,,,,,,,title_abstract,
https://openalex.org/W2328579459,,,,,,,,,,,,,,title_abstract,
https://openalex.org/W2329350920,,,,,,,,,,,,,,title_abstract,
https://openalex.org/W2329477571,,,,,,,,,,,,,,title_abstract,
https://openalex.org/W2330726004,,,,,,,,,,,,,,title_abstract,
https://openalex.org/W2331658664,,,,,,,,,,,,,,title_abstract,
https://openalex.org/W233209460,,,,,,,,,,,,,,title_abstract,
https://openalex.org/W2332217593,,,,,,,,,,,,,,title_abstract,
https://openalex.org/W2333552092,,,,,,,,,,,,,,title_abstract,
https://openalex.org/W2336137315,,,,,,,,,,,,,,title_abstract,
https://openalex.org/W2336412432,,,,,,,,,,,,,,title_abstract,
https://openalex.org/W2336886423,,,,,,,,,,,,,,title_abstract,
https://openalex.org/W2337021892,,,,,,,,,,,,,,title_abstract,
https://openalex.org/W2337175639,,,,,,,,,,,,,,title_abstract,
https://openalex.org/W2338357461,,,,,,,,,,,,,,title_abstract,
https://openalex.org/W2339639362,,,,,,,,,,,,,,title_abstract,
https://openalex.org/W2340142363,,,,,,,,,,,,,,title_abstract,
https://openalex.org/W2341916519,,,,,,,,,,,,,,title_abstract,
https://openalex.org/W2342541694,,,,,,,,,,,,,,title_abstract,
https://openalex.org/W2342655129,displacement,,,,,,,5,no,,,,,candidate_screen,"did not meet inclusion criteria at screening (cross-national scope, explicit technology indicator, or biophysical outcome)"
https://openalex.org/W2343832013,tech_material,,,,,,,4.1,no,,,,,candidate_screen,"did not meet inclusion criteria at screening (cross-national scope, explicit technology indicator, or biophysical outcome)"
https://openalex.org/W2345880622,,,,,,,,,,,,,,title_abstract,
https://openalex.org/W2346316876,,,,,,,,,,,,,,title_abstract,
https://openalex.org/W2346794603,,,,,,,,,,,,,,title_abstract,
https://openalex.org/W2347173099,,,,,,,,,,,,,,title_abstract,
https://openalex.org/W237673081,,,,,,,,,,,,,,title_abstract,
https://openalex.org/W237973156,,,,,,,,,,,,,,title_abstract,
https://openalex.org/W2394650140,,,,,,,,,,,,,,title_abstract,
https://openalex.org/W2396305074,,,,,,,,,,,,,,title_abstract,
https://openalex.org/W2396551682,,,,,,,,,,,,,,title_abstract,
https://openalex.org/W2398108414,,,,,,,,,,,,,,title_abstract,
https://openalex.org/W2400733993,,,,,,,,,,,,,,title_abstract,
https://openalex.org/W2400882185,,,,,,,,,,,,,,title_abstract,
https://openalex.org/W2401549434,,,,,,,,,,,,,,title_abstract,
https://openalex.org/W2406101001,,,,,,,,,,,,,,title_abstract,
https://openalex.org/W2407450045,,,,,,,,,,,,,,title_abstract,
https://openalex.org/W2409321536,,,,,,,,,,,,,,title_abstract,
https://openalex.org/W2409717638,,,,,,,,,,,,,,title_abstract,
https://openalex.org/W2411041166,,,,,,,,,,,,,,title_abstract,
https://openalex.org/W2411887133,,,,,,,,,,,,,,title_abstract,
https://openalex.org/W2416674396,,,,,,,,,,,,,,title_abstract,
https://openalex.org/W2417137410,,,,,,,,,,,,,,title_abstract,
https://openalex.org/W2417750249,,,,,,,,,,,,,,title_abstract,
https://openalex.org/W2421571241,,,,,,,,,,,,,,title_abstract,
https://openalex.org/W2424195506,ecological_modernisation,,,,,,,3.1,no,,,,,candidate_screen,theoretical / interpretive literature - screened for framework relevance only
https://openalex.org/W2428179272,,,,,,,,,,,,,,title_abstract,
https://openalex.org/W2432099443,,,,,,,,,,,,,,title_abstract,
https://openalex.org/W2436405769,,,,,,,,,,,,,,title_abstract,
https://openalex.org/W2437756833,,,,,,,,,,,,,,title_abstract,
https://openalex.org/W2460037126,,,,,,,,,,,,,,title_abstract,
https://openalex.org/W2464033042,technology_indicators,,,,,,,4.2,no,,,,,candidate_screen,"did not meet inclusion criteria at screening (cross-national scope, explicit technology indicator, or biophysical outcome)"
https://openalex.org/W2464366492,,,,,,,,,,,,,,title_abstract,
https://openalex.org/W2465216607,,,,,,,,,,,,,,title_abstract,
https://openalex.org/W2468716954,,,,,,,,,,,,,,title_abstract,
https://openalex.org/W2469144556,,,,,,,,,,,,,,title_abstract,
https://openalex.org/W2470981325,,,,,,,,,,,,,,title_abstract,
https://openalex.org/W2471648147,,,,,,,,,,,,,,title_abstract,
https://openalex.org/W2471846522,,,,,,,,,,,,,,title_abstract,
https://openalex.org/W2471948464,,,,,,,,,,,,,,title_abstract,
https://openalex.org/W2472414167,,,,,,,,,,,,,,title_abstract,
https://openalex.org/W2474494573,,,,,,,,,,,,,,title_abstract,
https://openalex.org/W2475009926,,,,,,,,,,,,,,title_abstract,
https://openalex.org/W2475068370,,,,,,,,,,,,,,title_abstract,
https://openalex.org/W2475993019,,,,,,,,,,,,,,title_abstract,
https://openalex.org/W2476110738,,,,,,,,,,,,,,title_abstract,
https://openalex.org/W2477717103,,,,,,,,,,,,,,title_abstract,
https://openalex.org/W2479043778,technology_indicators,,,,,,,4.2,no,,,,,candidate_screen,"did not meet inclusion criteria at screening (cross-national scope, explicit technology indicator, or biophysical outcome)"
https://openalex.org/W2479401919,,,,,,,,,,,,,,title_abstract,
https://openalex.org/W2479784535,,,,,,,,,,,,,,title_abstract,
https://openalex.org/W2479898389,,,,,,,,,,,,,,title_abstract,
https://openalex.org/W2480136109,,,,,,,,,,,,,,title_abstract,
https://openalex.org/W2482698670,,,,,,,,,,,,,,title_abstract,
https://openalex.org/W2483855738,,,,,,,,,,,,,,title_abstract,
https://openalex.org/W2484271127,,,,,,,,,,,,,,title_abstract,
https://openalex.org/W2485217422,,,,,,,,,,,,,,title_abstract,
https://openalex.org/W2487074041,,,,,,,,,,,,,,title_abstract,
https://openalex.org/W2487226343,,,,,,,,,,,,,,title_abstract,
https://openalex.org/W2489378031,,,,,,,,,,,,,,title_abstract,
https://openalex.org/W2493118195,,,,,,,,,,,,,,title_abstract,
https://openalex.org/W2494102450,,,,,,,,,,,,,,title_abstract,
https://openalex.org/W2494201477,,,,,,,,,,,,,,title_abstract,
https://openalex.org/W2494291749,,,,,,,,,,,,,,title_abstract,
https://openalex.org/W2495673309,,,,,,,,,,,,,,title_abstract,
https://openalex.org/W2497007015,,,,,,,,,,,,,,title_abstract,
https://openalex.org/W2497761198,,,,,,,,,,,,,,title_abstract,
https://openalex.org/W2497910398,,,,,,,,,,,,,,title_abstract,
https://openalex.org/W2498720985,,,,,,,,,,,,,,title_abstract,
https://openalex.org/W2499750458,,,,,,,,,,,,,,title_abstract,
https://openalex.org/W2500154032,,,,,,,,,,,,,,title_abstract,
https://openalex.org/W2502001096,,,,,,,,,,,,,,title_abstract,
https://openalex.org/W2502394913,,,,,,,,,,,,,,title_abstract,
https://openalex.org/W2502773451,,,,,,,,,,,,,,title_abstract,
https://openalex.org/W2504638593,,,,,,,,,,,,,,title_abstract,
https://openalex.org/W2505219786,,,,,,,,,,,,,,title_abstract,
https://openalex.org/W2507590465,,,,,,,,,,,,,,title_abstract,
https://openalex.org/W2512173100,,,,,,,,,,,,,,title_abstract,
https://openalex.org/W2512232203,,,,,,,,,,,,,,title_abstract,
https://openalex.org/W2515063842,,,,,,,,,,,,,,title_abstract,
https://openalex.org/W2515117542,,,,,,,,,,,,,,title_abstract,
https://openalex.org/W2515824161,,,,,,,,,,,,,,title_abstract,
https://openalex.org/W2516490851,,,,,,,,,,,,,,title_abstract,
https://openalex.org/W2516572514,,,,,,,,,,,,,,title_abstract,
https://openalex.org/W2517396109,,,,,,,,,,,,,,title_abstract,
https://openalex.org/W2517631865,,,,,,,,,,,,,,title_abstract,
https://openalex.org/W2517771749,,,,,,,,,,,,,,title_abstract,
https://openalex.org/W2518090521,,,,,,,,,,,,,,title_abstract,
https://openalex.org/W2518510133,,,,,,,,,,,,,,title_abstract,
https://openalex.org/W2518951755,,,,,,,,,,,,,,title_abstract,
https://openalex.org/W2519462609,,,,,,,,,,,,,,title_abstract,
https://openalex.org/W2521014799,,,,,,,,,,,,,,title_abstract,
https://openalex.org/W2521273680,,,,,,,,,,,,,,title_abstract,
https://openalex.org/W2521782427,,,,,,,,,,,,,,title_abstract,
https://openalex.org/W2522183154,,,,,,,,,,,,,,title_abstract,
https://openalex.org/W2522302414,,,,,,,,,,,,,,title_abstract,
https://openalex.org/W2523304678,,,,,,,,,,,,,,title_abstract,
https://openalex.org/W2523488318,,,,,,,,,,,,,,title_abstract,
https://openalex.org/W2523695809,,,,,,,,,,,,,,title_abstract,
https://openalex.org/W2525750233,,,,,,,,,,,,,,title_abstract,
https://openalex.org/W2525821132,,,,,,,,,,,,,,title_abstract,
https://openalex.org/W2525939143,,,,,,,,,,,,,,title_abstract,
https://openalex.org/W2526464781,,,,,,,,,,,,,,title_abstract,
https://openalex.org/W2527176584,,,,,,,,,,,,,,title_abstract,
https://openalex.org/W2527435842,,,,,,,,,,,,,,title_abstract,
https://openalex.org/W2528571762,,,,,,,,,,,,,,title_abstract,
https://openalex.org/W2528655985,,,,,,,,,,,,,,title_abstract,
https://openalex.org/W2528919822,,,,,,,,,,,,,,title_abstract,
https://openalex.org/W2529037365,,,,,,,,,,,,,,title_abstract,
https://openalex.org/W2530106058,,,,,,,,,,,,,,title_abstract,
https://openalex.org/W2530637976,,,,,,,,,,,,,,title_abstract,
https://openalex.org/W2531521956,,,,,,,,,,,,,,title_abstract,
https://openalex.org/W2531703846,,,,,,,,,,,,,,title_abstract,
https://openalex.org/W2534220396,,,,,,,,,,,,,,title_abstract,
https://openalex.org/W2535795149,,,,,,,,,,,,,,title_abstract,
https://openalex.org/W2536894378,tech_material,,,,,,,4.1,no,,,,,candidate_screen,"did not meet inclusion criteria at screening (cross-national scope, explicit technology indicator, or biophysical outcome)"
https://openalex.org/W2537674000,,,,,,,,,,,,,,title_abstract,
https://openalex.org/W2537972263,technology_indicators,,,,,,,4.2,no,,,,,candidate_screen,"did not meet inclusion criteria at screening (cross-national scope, explicit technology indicator, or biophysical outcome)"
https://openalex.org/W2539209430,,,,,,,,,,,,,,title_abstract,
https://openalex.org/W2539801067,,,,,,,,,,,,,,title_abstract,
https://openalex.org/W2540334732,,,,,,,,,,,,,,title_abstract,
https://openalex.org/W2542727241,,,,,,,,,,,,,,title_abstract,
https://openalex.org/W2544293211,,,,,,,,,,,,,,title_abstract,
https://openalex.org/W2546040478,,,,,,,,,,,,,,title_abstract,
https://openalex.org/W2546076068,,,,,,,,,,,,,,title_abstract,
https://openalex.org/W2546519255,,,,,,,,,,,,,,title_abstract,
https://openalex.org/W2546725635,,,,,,,,,,,,,,title_abstract,
https://openalex.org/W2547343163,,,,,,,,,,,,,,title_abstract,
https://openalex.org/W2549830915,,,,,,,,,,,,,,title_abstract,
https://openalex.org/W2553825371,,,,,,,,,,,,,,title_abstract,
https://openalex.org/W2554778377,,,,,,,,,,,,,,title_abstract,
https://openalex.org/W2555438519,,,,,,,,,,,,,,title_abstract,
https://openalex.org/W2557171271,,,,,,,,,,,,,,title_abstract,
https://openalex.org/W2557195567,,,,,,,,,,,,,,title_abstract,
https://openalex.org/W2557746235,,,,,,,,,,,,,,title_abstract,
https://openalex.org/W2558402566,,,,,,,,,,,,,,title_abstract,
https://openalex.org/W2559805026,,,,,,,,,,,,,,title_abstract,
https://openalex.org/W2561002008,,,,,,,,,,,,,,title_abstract,
https://openalex.org/W2561441082,,,,,,,,,,,,,,title_abstract,
https://openalex.org/W2562324168,,,,,,,,,,,,,,title_abstract,
https://openalex.org/W2562534834,,,,,,,,,,,,,,title_abstract,
https://openalex.org/W2562562379,,,,,,,,,,,,,,title_abstract,
https://openalex.org/W2563276130,,,,,,,,,,,,,,title_abstract,
https://openalex.org/W2564367251,,,,,,,,,,,,,,title_abstract,
https://openalex.org/W2564485785,technology_indicators,,,,,,,4.2,no,,,,,candidate_screen,"did not meet inclusion criteria at screening (cross-national scope, explicit technology indicator, or biophysical outcome)"
https://openalex.org/W2564688125,,,,,,,,,,,,,,title_abstract,
https://openalex.org/W2565496159,,,,,,,,,,,,,,title_abstract,
https://openalex.org/W256631746,,,,,,,,,,,,,,title_abstract,
https://openalex.org/W2566963209,technology_indicators,,,,,,,4.2,no,,,,,candidate_screen,"did not meet inclusion criteria at screening (cross-national scope, explicit technology indicator, or biophysical outcome)"
https://openalex.org/W2567268612,,,,,,,,,,,,,,title_abstract,
https://openalex.org/W2567643124,,,,,,,,,,,,,,title_abstract,
https://openalex.org/W2568713864,,,,,,,,,,,,,,title_abstract,
https://openalex.org/W2570004221,,,,,,,,,,,,,,title_abstract,
https://openalex.org/W2572756882,,,,,,,,,,,,,,title_abstract,
https://openalex.org/W2573048718,,,,,,,,,,,,,,title_abstract,
https://openalex.org/W2577274285,,,,,,,,,,,,,,title_abstract,
https://openalex.org/W2579323840,,,,,,,,,,,,,,title_abstract,
https://openalex.org/W2579732001,,,,,,,,,,,,,,title_abstract,
https://openalex.org/W2581032812,,,,,,,,,,,,,,title_abstract,
https://openalex.org/W2581097476,,,,,,,,,,,,,,title_abstract,
https://openalex.org/W2581648439,,,,,,,,,,,,,,title_abstract,
https://openalex.org/W2582613950,,,,,,,,,,,,,,title_abstract,
https://openalex.org/W2583546201,,,,,,,,,,,,,,title_abstract,
https://openalex.org/W2584957423,,,,,,,,,,,,,,title_abstract,
https://openalex.org/W2585099235,,,,,,,,,,,,,,title_abstract,
https://openalex.org/W2585150802,,,,,,,,,,,,,,title_abstract,
https://openalex.org/W2585577514,,,,,,,,,,,,,,title_abstract,
https://openalex.org/W2586269836,,,,,,,,,,,,,,title_abstract,
https://openalex.org/W2586523431,,,,,,,,,,,,,,title_abstract,
https://openalex.org/W2587442983,,,,,,,,,,,,,,title_abstract,
https://openalex.org/W2587933483,,,,,,,,,,,,,,title_abstract,
https://openalex.org/W2588410872,tech_material,,,,,,,4.1,no,,,,,candidate_screen,"did not meet inclusion criteria at screening (cross-national scope, explicit technology indicator, or biophysical outcome)"
https://openalex.org/W2588563204,,,,,,,,,,,,,,title_abstract,
https://openalex.org/W2589699685,,,,,,,,,,,,,,title_abstract,
https://openalex.org/W2589712200,,,,,,,,,,,,,,title_abstract,
https://openalex.org/W2590119808,,,,,,,,,,,,,,title_abstract,
https://openalex.org/W2590549603,,,,,,,,,,,,,,title_abstract,
https://openalex.org/W2590659601,,,,,,,,,,,,,,title_abstract,
https://openalex.org/W2590698382,,,,,,,,,,,,,,title_abstract,
https://openalex.org/W2590760796,,,,,,,,,,,,,,title_abstract,
https://openalex.org/W2591222790,,,,,,,,,,,,,,title_abstract,
https://openalex.org/W2591669187,,,,,,,,,,,,,,title_abstract,
https://openalex.org/W2591830599,,,,,,,,,,,,,,title_abstract,
https://openalex.org/W2592356138,,,,,,,,,,,,,,title_abstract,
https://openalex.org/W2593519339,,,,,,,,,,,,,,title_abstract,
https://openalex.org/W2593558144,,,,,,,,,,,,,,title_abstract,
https://openalex.org/W2593577295,,,,,,,,,,,,,,title_abstract,
https://openalex.org/W259415033,,,,,,,,,,,,,,title_abstract,
https://openalex.org/W2594514630,,,,,,,,,,,,,,title_abstract,
https://openalex.org/W2595093736,,,,,,,,,,,,,,title_abstract,
https://openalex.org/W2595262448,,,,,,,,,,,,,,title_abstract,
https://openalex.org/W2596986553,,,,,,,,,,,,,,title_abstract,
https://openalex.org/W2597303636,,,,,,,,,,,,,,title_abstract,
https://openalex.org/W2598340704,,,,,,,,,,,,,,title_abstract,
https://openalex.org/W2599987874,,,,,,,,,,,,,,title_abstract,
https://openalex.org/W2599995029,,,,,,,,,,,,,,title_abstract,
https://openalex.org/W2601653087,tech_material,,,,,,,4.1,no,,,,,candidate_screen,"did not meet inclusion criteria at screening (cross-national scope, explicit technology indicator, or biophysical outcome)"
https://openalex.org/W2601697486,displacement,,,,,,,5,no,,,,,candidate_screen,"did not meet inclusion criteria at screening (cross-national scope, explicit technology indicator, or biophysical outcome)"
https://openalex.org/W2601976332,,,,,,,,,,,,,,title_abstract,
https://openalex.org/W2602396444,,,,,,,,,,,,,,title_abstract,
https://openalex.org/W2602511763,,,,,,,,,,,,,,title_abstract,
https://openalex.org/W2602809109,,,,,,,,,,,,,,title_abstract,
https://openalex.org/W2603392448,,,,,,,,,,,,,,title_abstract,
https://openalex.org/W2603419447,,,,,,,,,,,,,,title_abstract,
https://openalex.org/W2604147589,,,,,,,,,,,,,,title_abstract,
https://openalex.org/W2604560350,,,,,,,,,,,,,,title_abstract,
https://openalex.org/W2604849961,,,,,,,,,,,,,,title_abstract,
https://openalex.org/W2605728354,,,,,,,,,,,,,,title_abstract,
https://openalex.org/W2606031577,,,,,,,,,,,,,,title_abstract,
https://openalex.org/W2606674341,,,,,,,,,,,,,,title_abstract,
https://openalex.org/W2606900880,,,,,,,,,,,,,,title_abstract,
https://openalex.org/W2607164469,,,,,,,,,,,,,,title_abstract,
https://openalex.org/W2607344080,,,,,,,,,,,,,,title_abstract,
https://openalex.org/W2607359118,,,,,,,,,,,,,,title_abstract,
https://openalex.org/W2607629229,,,,,,,,,,,,,,title_abstract,
https://openalex.org/W2607757716,,,,,,,,,,,,,,title_abstract,
https://openalex.org/W2607761695,,,,,,,,,,,,,,title_abstract,
https://openalex.org/W2607935378,,,,,,,,,,,,,,title_abstract,
https://openalex.org/W2607960744,,,,,,,,,,,,,,title_abstract,
https://openalex.org/W2608923998,,,,,,,,,,,,,,title_abstract,
https://openalex.org/W2609840959,,,,,,,,,,,,,,title_abstract,
https://openalex.org/W2609992825,,,,,,,,,,,,,,title_abstract,
https://openalex.org/W2610364555,,,,,,,,,,,,,,title_abstract,
https://openalex.org/W2611498547,,,,,,,,,,,,,,title_abstract,
https://openalex.org/W2611817473,,,,,,,,,,,,,,title_abstract,
https://openalex.org/W2612235460,,,,,,,,,,,,,,title_abstract,
https://openalex.org/W2612633463,,,,,,,,,,,,,,title_abstract,
https://openalex.org/W2612719327,,,,,,,,,,,,,,title_abstract,
https://openalex.org/W2612747242,,,,,,,,,,,,,,title_abstract,
https://openalex.org/W2613647112,,,,,,,,,,,,,,title_abstract,
https://openalex.org/W2614705128,,,,,,,,,,,,,,title_abstract,
https://openalex.org/W2616221216,,,,,,,,,,,,,,title_abstract,
https://openalex.org/W2616801105,,,,,,,,,,,,,,title_abstract,
https://openalex.org/W2617960253,,,,,,,,,,,,,,title_abstract,
https://openalex.org/W2618067250,,,,,,,,,,,,,,title_abstract,
https://openalex.org/W2618852203,tech_material,,,,,,,4.1,no,,,,,candidate_screen,"did not meet inclusion criteria at screening (cross-national scope, explicit technology indicator, or biophysical outcome)"
https://openalex.org/W26188744,,,,,,,,,,,,,,title_abstract,
https://openalex.org/W2619158487,,,,,,,,,,,,,,title_abstract,
https://openalex.org/W2619655581,,,,,,,,,,,,,,title_abstract,
https://openalex.org/W2619814250,,,,,,,,,,,,,,title_abstract,
https://openalex.org/W2620367759,,,,,,,,,,,,,,title_abstract,
https://openalex.org/W2620413123,,,,,,,,,,,,,,title_abstract,
https://openalex.org/W2620480234,,,,,,,,,,,,,,title_abstract,
https://openalex.org/W2620483946,,,,,,,,,,,,,,title_abstract,
https://openalex.org/W2620495996,,,,,,,,,,,,,,title_abstract,
https://openalex.org/W2620554679,,,,,,,,,,,,,,title_abstract,
https://openalex.org/W2620652927,technology_indicators,,,,,,,4.2,no,,,,,candidate_screen,"did not meet inclusion criteria at screening (cross-national scope, explicit technology indicator, or biophysical outcome)"
https://openalex.org/W2621187651,,,,,,,,,,,,,,title_abstract,
https://openalex.org/W2622502855,,,,,,,,,,,,,,title_abstract,
https://openalex.org/W2623152824,,,,,,,,,,,,,,title_abstract,
https://openalex.org/W2623994864,,,,,,,,,,,,,,title_abstract,
https://openalex.org/W2624091911,,,,,,,,,,,,,,title_abstract,
https://openalex.org/W2624321076,,,,,,,,,,,,,,title_abstract,
https://openalex.org/W2624459891,,,,,,,,,,,,,,title_abstract,
https://openalex.org/W2625265814,,,,,,,,,,,,,,title_abstract,
https://openalex.org/W2625542710,affluence_confound,,,,,,,4.3,no,,,,,candidate_screen,"did not meet inclusion criteria at screening (cross-national scope, explicit technology indicator, or biophysical outcome)"
https://openalex.org/W2626369651,,,,,,,,,,,,,,title_abstract,
https://openalex.org/W2663635534,,,,,,,,,,,,,,title_abstract,
https://openalex.org/W2664907000,,,,,,,,,,,,,,title_abstract,
https://openalex.org/W2669385366,,,,,,,,,,,,,,title_abstract,
https://openalex.org/W2670840378,,,,,,,,,,,,,,title_abstract,
https://openalex.org/W2692821985,,,,,,,,,,,,,,title_abstract,
https://openalex.org/W2695794836,,,,,,,,,,,,,,title_abstract,
https://openalex.org/W2696589634,technology_indicators,,,,,,,4.2,no,,,,,candidate_screen,"did not meet inclusion criteria at screening (cross-national scope, explicit technology indicator, or biophysical outcome)"
https://openalex.org/W271461912,,,,,,,,,,,,,,title_abstract,
https://openalex.org/W2721846799,,,,,,,,,,,,,,title_abstract,
https://openalex.org/W2724359878,,,,,,,,,,,,,,title_abstract,
https://openalex.org/W2725016372,,,,,,,,,,,,,,title_abstract,
https://openalex.org/W2725718514,,,,,,,,,,,,,,title_abstract,
https://openalex.org/W2726749319,,,,,,,,,,,,,,title_abstract,
https://openalex.org/W2726975821,,,,,,,,,,,,,,title_abstract,
https://openalex.org/W2727867159,,,,,,,,,,,,,,title_abstract,
https://openalex.org/W2729268376,,,,,,,,,,,,,,title_abstract,
https://openalex.org/W2730995737,,,,,,,,,,,,,,title_abstract,
https://openalex.org/W2731904261,,,,,,,,,,,,,,title_abstract,
https://openalex.org/W2732143709,,,,,,,,,,,,,,title_abstract,
https://openalex.org/W2733734262,,,,,,,,,,,,,,title_abstract,
https://openalex.org/W2734393371,,,,,,,,,,,,,,title_abstract,
https://openalex.org/W2734452337,,,,,,,,,,,,,,title_abstract,
https://openalex.org/W2734468618,,,,,,,,,,,,,,title_abstract,
https://openalex.org/W2734629408,,,,,,,,,,,,,,title_abstract,
https://openalex.org/W2734938105,,,,,,,,,,,,,,title_abstract,
https://openalex.org/W2735485714,,,,,,,,,,,,,,title_abstract,
https://openalex.org/W2735634334,,,,,,,,,,,,,,title_abstract,
https://openalex.org/W2735635571,,,,,,,,,,,,,,title_abstract,
https://openalex.org/W2735853518,,,,,,,,,,,,,,title_abstract,
https://openalex.org/W2735969906,,,,,,,,,,,,,,title_abstract,
https://openalex.org/W2736015519,,,,,,,,,,,,,,title_abstract,
https://openalex.org/W2736067584,,,,,,,,,,,,,,title_abstract,
https://openalex.org/W2736295315,,,,,,,,,,,,,,title_abstract,
https://openalex.org/W2736582946,,,,,,,,,,,,,,title_abstract,
https://openalex.org/W2736844827,,,,,,,,,,,,,,title_abstract,
https://openalex.org/W2738645699,,,,,,,,,,,,,,title_abstract,
https://openalex.org/W2738862495,,,,,,,,,,,,,,title_abstract,
https://openalex.org/W2739556038,,,,,,,,,,,,,,title_abstract,
https://openalex.org/W2739556580,,,,,,,,,,,,,,title_abstract,
https://openalex.org/W2741710022,,,,,,,,,,,,,,title_abstract,
https://openalex.org/W2741835031,,,,,,,,,,,,,,title_abstract,
https://openalex.org/W2742549319,,,,,,,,,,,,,,title_abstract,
https://openalex.org/W2742626859,,,,,,,,,,,,,,title_abstract,
https://openalex.org/W2742757814,,,,,,,,,,,,,,title_abstract,
https://openalex.org/W2742769303,,,,,,,,,,,,,,title_abstract,
https://openalex.org/W2742896146,,,,,,,,,,,,,,title_abstract,
https://openalex.org/W2742978797,,,,,,,,,,,,,,title_abstract,
https://openalex.org/W2743070697,,,,,,,,,,,,,,title_abstract,
https://openalex.org/W2743115428,,,,,,,,,,,,,,title_abstract,
https://openalex.org/W2743178718,,,,,,,,,,,,,,title_abstract,
https://openalex.org/W2743381055,,,,,,,,,,,,,,title_abstract,
https://openalex.org/W2743458798,,,,,,,,,,,,,,title_abstract,
https://openalex.org/W2743592665,,,,,,,,,,,,,,title_abstract,
https://openalex.org/W2744156129,,,,,,,,,,,,,,title_abstract,
https://openalex.org/W2744308400,,,,,,,,,,,,,,title_abstract,
https://openalex.org/W2744367743,,,,,,,,,,,,,,title_abstract,
https://openalex.org/W2745249395,,,,,,,,,,,,,,title_abstract,
https://openalex.org/W2746456622,,,,,,,,,,,,,,title_abstract,
https://openalex.org/W2746519257,,,,,,,,,,,,,,title_abstract,
https://openalex.org/W2747334613,,,,,,,,,,,,,,title_abstract,
https://openalex.org/W2748116247,,,,,,,,,,,,,,title_abstract,
https://openalex.org/W2749710769,,,,,,,,,,,,,,title_abstract,
https://openalex.org/W2750362201,,,,,,,,,,,,,,title_abstract,
https://openalex.org/W2751134272,,,,,,,,,,,,,,title_abstract,
https://openalex.org/W2751704775,technology_indicators,,,,,,,4.2,no,,,,,candidate_screen,"did not meet inclusion criteria at screening (cross-national scope, explicit technology indicator, or biophysical outcome)"
https://openalex.org/W2751841665,,,,,,,,,,,,,,title_abstract,
https://openalex.org/W2751941668,,,,,,,,,,,,,,title_abstract,
https://openalex.org/W2752221423,,,,,,,,,,,,,,title_abstract,
https://openalex.org/W2752860389,,,,,,,,,,,,,,title_abstract,
https://openalex.org/W2752932194,,,,,,,,,,,,,,title_abstract,
https://openalex.org/W2754514139,,,,,,,,,,,,,,title_abstract,
https://openalex.org/W2754760419,,,,,,,,,,,,,,title_abstract,
https://openalex.org/W2755057878,,,,,,,,,,,,,,title_abstract,
https://openalex.org/W2755210471,,,,,,,,,,,,,,title_abstract,
https://openalex.org/W2755630403,,,,,,,,,,,,,,title_abstract,
https://openalex.org/W2756008540,,,,,,,,,,,,,,title_abstract,
https://openalex.org/W2756370004,,,,,,,,,,,,,,title_abstract,
https://openalex.org/W2757088857,,,,,,,,,,,,,,title_abstract,
https://openalex.org/W2758015834,,,,,,,,,,,,,,title_abstract,
https://openalex.org/W2758134938,,,,,,,,,,,,,,title_abstract,
https://openalex.org/W2758135617,,,,,,,,,,,,,,title_abstract,
https://openalex.org/W2758174445,,,,,,,,,,,,,,title_abstract,
https://openalex.org/W2758535167,,,,,,,,,,,,,,title_abstract,
https://openalex.org/W2758571161,,,,,,,,,,,,,,title_abstract,
https://openalex.org/W2758823016,,,,,,,,,,,,,,title_abstract,
https://openalex.org/W2758953665,,,,,,,,,,,,,,title_abstract,
https://openalex.org/W2759382500,,,,,,,,,,,,,,title_abstract,
https://openalex.org/W2759914397,,,,,,,,,,,,,,title_abstract,
https://openalex.org/W2760157135,,,,,,,,,,,,,,title_abstract,
https://openalex.org/W2760228896,,,,,,,,,,,,,,title_abstract,
https://openalex.org/W2760670879,,,,,,,,,,,,,,title_abstract,
https://openalex.org/W2761317243,,,,,,,,,,,,,,title_abstract,
https://openalex.org/W2761509420,,,,,,,,,,,,,,title_abstract,
https://openalex.org/W2761775458,,,,,,,,,,,,,,title_abstract,
https://openalex.org/W2762788878,,,,,,,,,,,,,,title_abstract,
https://openalex.org/W2763296742,,,,,,,,,,,,,,title_abstract,
https://openalex.org/W2763307013,,,,,,,,,,,,,,title_abstract,
https://openalex.org/W2763556726,,,,,,,,,,,,,,title_abstract,
https://openalex.org/W2765096669,,,,,,,,,,,,,,title_abstract,
https://openalex.org/W2765238356,,,,,,,,,,,,,,title_abstract,
https://openalex.org/W2765452421,,,,,,,,,,,,,,title_abstract,
https://openalex.org/W2765740226,,,,,,,,,,,,,,title_abstract,
https://openalex.org/W2765835428,,,,,,,,,,,,,,title_abstract,
https://openalex.org/W2766206584,technology_indicators,,,,,,,4.2,no,,,,,candidate_screen,"did not meet inclusion criteria at screening (cross-national scope, explicit technology indicator, or biophysical outcome)"
https://openalex.org/W2766784207,,,,,,,,,,,,,,title_abstract,
https://openalex.org/W2766805818,,,,,,,,,,,,,,title_abstract,
https://openalex.org/W2767427960,,,,,,,,,,,,,,title_abstract,
https://openalex.org/W2767448593,,,,,,,,,,,,,,title_abstract,
https://openalex.org/W2767596061,,,,,,,,,,,,,,title_abstract,
https://openalex.org/W2767661140,,,,,,,,,,,,,,title_abstract,
https://openalex.org/W2768273372,,,,,,,,,,,,,,title_abstract,
https://openalex.org/W2768423442,,,,,,,,,,,,,,title_abstract,
https://openalex.org/W2769874491,,,,,,,,,,,,,,title_abstract,
https://openalex.org/W2770080506,,,,,,,,,,,,,,title_abstract,
https://openalex.org/W2770202386,,,,,,,,,,,,,,title_abstract,
https://openalex.org/W2771357360,,,,,,,,,,,,,,title_abstract,
https://openalex.org/W2771628933,,,,,,,,,,,,,,title_abstract,
https://openalex.org/W2772251281,technology_indicators,,,,,,,4.2,no,,,,,candidate_screen,"did not meet inclusion criteria at screening (cross-national scope, explicit technology indicator, or biophysical outcome)"
https://openalex.org/W2772565402,,,,,,,,,,,,,,title_abstract,
https://openalex.org/W2772569564,,,,,,,,,,,,,,title_abstract,
https://openalex.org/W2772802389,,,,,,,,,,,,,,title_abstract,
https://openalex.org/W2772929271,,,,,,,,,,,,,,title_abstract,
https://openalex.org/W2773989883,,,,,,,,,,,,,,title_abstract,
https://openalex.org/W2774004854,,,,,,,,,,,,,,title_abstract,
https://openalex.org/W2774647128,,,,,,,,,,,,,,title_abstract,
https://openalex.org/W2774985386,,,,,,,,,,,,,,title_abstract,
https://openalex.org/W2775232582,,,,,,,,,,,,,,title_abstract,
https://openalex.org/W2775248180,,,,,,,,,,,,,,title_abstract,
https://openalex.org/W2775255004,,,,,,,,,,,,,,title_abstract,
https://openalex.org/W2775478090,,,,,,,,,,,,,,title_abstract,
https://openalex.org/W2775777764,,,,,,,,,,,,,,title_abstract,
https://openalex.org/W2777238761,,,,,,,,,,,,,,title_abstract,
https://openalex.org/W2777385110,,,,,,,,,,,,,,title_abstract,
https://openalex.org/W2778165427,,,,,,,,,,,,,,title_abstract,
https://openalex.org/W2778297836,,,,,,,,,,,,,,title_abstract,
https://openalex.org/W2778763860,technology_indicators,,,,,,,4.2,no,,,,,candidate_screen,"did not meet inclusion criteria at screening (cross-national scope, explicit technology indicator, or biophysical outcome)"
https://openalex.org/W2779727356,,,,,,,,,,,,,,title_abstract,
https://openalex.org/W2781022301,technology_indicators,,,,,,,4.2,no,,,,,candidate_screen,"did not meet inclusion criteria at screening (cross-national scope, explicit technology indicator, or biophysical outcome)"
https://openalex.org/W2781138934,,,,,,,,,,,,,,title_abstract,
https://openalex.org/W2781420626,,,,,,,,,,,,,,title_abstract,
https://openalex.org/W2781661799,,,,,,,,,,,,,,title_abstract,
https://openalex.org/W2782285469,,,,,,,,,,,,,,title_abstract,
https://openalex.org/W2782341335,,,,,,,,,,,,,,title_abstract,
https://openalex.org/W2782780157,,,,,,,,,,,,,,title_abstract,
https://openalex.org/W2783214422,,,,,,,,,,,,,,title_abstract,
https://openalex.org/W2784220693,,,,,,,,,,,,,,title_abstract,
https://openalex.org/W2784458553,,,,,,,,,,,,,,title_abstract,
https://openalex.org/W2784821929,,,,,,,,,,,,,,title_abstract,
https://openalex.org/W2785177109,,,,,,,,,,,,,,title_abstract,
https://openalex.org/W2785949837,,,,,,,,,,,,,,title_abstract,
https://openalex.org/W2786202104,,,,,,,,,,,,,,title_abstract,
https://openalex.org/W2786624683,,,,,,,,,,,,,,title_abstract,
https://openalex.org/W2786634238,,,,,,,,,,,,,,title_abstract,
https://openalex.org/W2786652139,,,,,,,,,,,,,,title_abstract,
https://openalex.org/W2788001753,technology_indicators,,,,,,,4.2,no,,,,,candidate_screen,"did not meet inclusion criteria at screening (cross-national scope, explicit technology indicator, or biophysical outcome)"
https://openalex.org/W2788252618,,,,,,,,,,,,,,title_abstract,
https://openalex.org/W2788653656,,,,,,,,,,,,,,title_abstract,
https://openalex.org/W2788783627,,,,,,,,,,,,,,title_abstract,
https://openalex.org/W2789053637,,,,,,,,,,,,,,title_abstract,
https://openalex.org/W2789165955,,,,,,,,,,,,,,title_abstract,
https://openalex.org/W2789359237,,,,,,,,,,,,,,title_abstract,
https://openalex.org/W2789690499,tech_material,,,,,,,4.1,no,,,,,candidate_screen,"did not meet inclusion criteria at screening (cross-national scope, explicit technology indicator, or biophysical outcome)"
https://openalex.org/W2789854516,,,,,,,,,,,,,,title_abstract,
https://openalex.org/W2789870312,,,,,,,,,,,,,,title_abstract,
https://openalex.org/W2790147032,,,,,,,,,,,,,,title_abstract,
https://openalex.org/W2790286726,,,,,,,,,,,,,,title_abstract,
https://openalex.org/W2790534139,,,,,,,,,,,,,,title_abstract,
https://openalex.org/W2791261394,,,,,,,,,,,,,,title_abstract,
https://openalex.org/W2791639571,,,,,,,,,,,,,,title_abstract,
https://openalex.org/W2791657817,,,,,,,,,,,,,,title_abstract,
https://openalex.org/W2791706385,,,,,,,,,,,,,,title_abstract,
https://openalex.org/W2791852503,,,,,,,,,,,,,,title_abstract,
https://openalex.org/W2791909668,displacement,,,,,,,5,no,,,,,candidate_screen,"did not meet inclusion criteria at screening (cross-national scope, explicit technology indicator, or biophysical outcome)"
https://openalex.org/W2791983367,,,,,,,,,,,,,,title_abstract,
https://openalex.org/W2792067373,,,,,,,,,,,,,,title_abstract,
https://openalex.org/W2792316178,,,,,,,,,,,,,,title_abstract,
https://openalex.org/W2792327528,,,,,,,,,,,,,,title_abstract,
https://openalex.org/W2792425554,,,,,,,,,,,,,,title_abstract,
https://openalex.org/W2792451232,,,,,,,,,,,,,,title_abstract,
https://openalex.org/W2792777917,,,,,,,,,,,,,,title_abstract,
https://openalex.org/W2792992765,,,,,,,,,,,,,,title_abstract,
https://openalex.org/W2793168504,,,,,,,,,,,,,,title_abstract,
https://openalex.org/W2793189448,,,,,,,,,,,,,,title_abstract,
https://openalex.org/W2793563491,,,,,,,,,,,,,,title_abstract,
https://openalex.org/W2793918808,,,,,,,,,,,,,,title_abstract,
https://openalex.org/W2794054200,,,,,,,,,,,,,,title_abstract,
https://openalex.org/W2794080801,,,,,,,,,,,,,,title_abstract,
https://openalex.org/W2794400416,,,,,,,,,,,,,,title_abstract,
https://openalex.org/W2795066099,,,,,,,,,,,,,,title_abstract,
https://openalex.org/W2795135473,,,,,,,,,,,,,,title_abstract,
https://openalex.org/W2795904783,,,,,,,,,,,,,,title_abstract,
https://openalex.org/W2796327014,,,,,,,,,,,,,,title_abstract,
https://openalex.org/W2796329866,,,,,,,,,,,,,,title_abstract,
https://openalex.org/W2796437801,,,,,,,,,,,,,,title_abstract,
https://openalex.org/W2796481342,,,,,,,,,,,,,,title_abstract,
https://openalex.org/W2796805375,,,,,,,,,,,,,,title_abstract,
https://openalex.org/W2796806056,,,,,,,,,,,,,,title_abstract,
https://openalex.org/W2797037420,,,,,,,,,,,,,,title_abstract,
https://openalex.org/W2797042845,,,,,,,,,,,,,,title_abstract,
https://openalex.org/W2799533169,,,,,,,,,,,,,,title_abstract,
https://openalex.org/W2799555431,,,,,,,,,,,,,,title_abstract,
https://openalex.org/W2799703853,,,,,,,,,,,,,,title_abstract,
https://openalex.org/W2799899944,,,,,,,,,,,,,,title_abstract,
https://openalex.org/W2800054955,,,,,,,,,,,,,,title_abstract,
https://openalex.org/W2800161973,,,,,,,,,,,,,,title_abstract,
https://openalex.org/W2800240456,,,,,,,,,,,,,,title_abstract,
https://openalex.org/W2800306937,,,,,,,,,,,,,,title_abstract,
https://openalex.org/W2800820097,,,,,,,,,,,,,,title_abstract,
https://openalex.org/W2800936431,,,,,,,,,,,,,,title_abstract,
https://openalex.org/W2801150106,,,,,,,,,,,,,,title_abstract,
https://openalex.org/W2801365234,,,,,,,,,,,,,,title_abstract,
https://openalex.org/W2801506382,,,,,,,,,,,,,,title_abstract,
https://openalex.org/W2801626887,,,,,,,,,,,,,,title_abstract,
https://openalex.org/W2801686452,,,,,,,,,,,,,,title_abstract,
https://openalex.org/W2801751296,,,,,,,,,,,,,,title_abstract,
https://openalex.org/W2801823335,,,,,,,,,,,,,,title_abstract,
https://openalex.org/W2802258949,,,,,,,,,,,,,,title_abstract,
https://openalex.org/W2802275659,,,,,,,,,,,,,,title_abstract,
https://openalex.org/W2802533880,,,,,,,,,,,,,,title_abstract,
https://openalex.org/W2802578972,,,,,,,,,,,,,,title_abstract,
https://openalex.org/W2802653454,,,,,,,,,,,,,,title_abstract,
https://openalex.org/W2802861712,,,,,,,,,,,,,,title_abstract,
https://openalex.org/W2802970840,,,,,,,,,,,,,,title_abstract,
https://openalex.org/W2803303693,,,,,,,,,,,,,,title_abstract,
https://openalex.org/W2803623608,,,,,,,,,,,,,,title_abstract,
https://openalex.org/W2803712355,,,,,,,,,,,,,,title_abstract,
https://openalex.org/W2803777734,,,,,,,,,,,,,,title_abstract,
https://openalex.org/W2803812790,,,,,,,,,,,,,,title_abstract,
https://openalex.org/W2804282391,,,,,,,,,,,,,,title_abstract,
https://openalex.org/W2804312254,,,,,,,,,,,,,,title_abstract,
https://openalex.org/W2804366893,,,,,,,,,,,,,,title_abstract,
https://openalex.org/W2804391827,,,,,,,,,,,,,,title_abstract,
https://openalex.org/W2804473400,,,,,,,,,,,,,,title_abstract,
https://openalex.org/W2804480794,,,,,,,,,,,,,,title_abstract,
https://openalex.org/W2804739946,,,,,,,,,,,,,,title_abstract,
https://openalex.org/W2805150611,,,,,,,,,,,,,,title_abstract,
https://openalex.org/W2805161227,,,,,,,,,,,,,,title_abstract,
https://openalex.org/W2805195028,,,,,,,,,,,,,,title_abstract,
https://openalex.org/W2805449072,,,,,,,,,,,,,,title_abstract,
https://openalex.org/W2805651243,,,,,,,,,,,,,,title_abstract,
https://openalex.org/W2805708255,,,,,,,,,,,,,,title_abstract,
https://openalex.org/W2806152248,,,,,,,,,,,,,,title_abstract,
https://openalex.org/W2806160566,,,,,,,,,,,,,,title_abstract,
https://openalex.org/W2806339919,,,,,,,,,,,,,,title_abstract,
https://openalex.org/W2806351446,,,,,,,,,,,,,,title_abstract,
https://openalex.org/W2806553083,,,,,,,,,,,,,,title_abstract,
https://openalex.org/W2806712346,,,,,,,,,,,,,,title_abstract,
https://openalex.org/W2807694616,,,,,,,,,,,,,,title_abstract,
https://openalex.org/W2807885557,,,,,,,,,,,,,,title_abstract,
https://openalex.org/W2808045141,,,,,,,,,,,,,,title_abstract,
https://openalex.org/W2808252389,,,,,,,,,,,,,,title_abstract,
https://openalex.org/W2808285734,,,,,,,,,,,,,,title_abstract,
https://openalex.org/W2808294050,,,,,,,,,,,,,,title_abstract,
https://openalex.org/W2808412450,,,,,,,,,,,,,,title_abstract,
https://openalex.org/W2808503938,,,,,,,,,,,,,,title_abstract,
https://openalex.org/W2809788748,,,,,,,,,,,,,,title_abstract,
https://openalex.org/W2809792733,,,,,,,,,,,,,,title_abstract,
https://openalex.org/W2810012926,,,,,,,,,,,,,,title_abstract,
https://openalex.org/W2810296827,,,,,,,,,,,,,,title_abstract,
https://openalex.org/W2810327684,,,,,,,,,,,,,,title_abstract,
https://openalex.org/W2810576808,,,,,,,,,,,,,,title_abstract,
https://openalex.org/W2810591140,,,,,,,,,,,,,,title_abstract,
https://openalex.org/W2810653564,,,,,,,,,,,,,,title_abstract,
https://openalex.org/W2810681608,,,,,,,,,,,,,,title_abstract,
https://openalex.org/W2811393141,,,,,,,,,,,,,,title_abstract,
https://openalex.org/W282311044,,,,,,,,,,,,,,title_abstract,
https://openalex.org/W2850404539,,,,,,,,,,,,,,title_abstract,
https://openalex.org/W2857848549,,,,,,,,,,,,,,title_abstract,
https://openalex.org/W286354930,,,,,,,,,,,,,,title_abstract,
https://openalex.org/W287116681,,,,,,,,,,,,,,title_abstract,
https://openalex.org/W2882989923,,,,,,,,,,,,,,title_abstract,
https://openalex.org/W2883029238,,,,,,,,,,,,,,title_abstract,
https://openalex.org/W2883233402,,,,,,,,,,,,,,title_abstract,
https://openalex.org/W2883392244,,,,,,,,,,,,,,title_abstract,
https://openalex.org/W2883804795,,,,,,,,,,,,,,title_abstract,
https://openalex.org/W2883903367,,,,,,,,,,,,,,title_abstract,
https://openalex.org/W2883993197,,,,,,,,,,,,,,title_abstract,
https://openalex.org/W2884089094,,,,,,,,,,,,,,title_abstract,
https://openalex.org/W2884181289,,,,,,,,,,,,,,title_abstract,
https://openalex.org/W2884500552,,,,,,,,,,,,,,title_abstract,
https://openalex.org/W2884504490,,,,,,,,,,,,,,title_abstract,
https://openalex.org/W2884631198,,,,,,,,,,,,,,title_abstract,
https://openalex.org/W2884803830,,,,,,,,,,,,,,title_abstract,
https://openalex.org/W2884912724,,,,,,,,,,,,,,title_abstract,
https://openalex.org/W2884995140,,,,,,,,,,,,,,title_abstract,
https://openalex.org/W2885333540,,,,,,,,,,,,,,title_abstract,
https://openalex.org/W2885405672,,,,,,,,,,,,,,title_abstract,
https://openalex.org/W2885461311,,,,,,,,,,,,,,title_abstract,
https://openalex.org/W2886396805,,,,,,,,,,,,,,title_abstract,
https://openalex.org/W2886462286,,,,,,,,,,,,,,title_abstract,
https://openalex.org/W2886694919,,,,,,,,,,,,,,title_abstract,
https://openalex.org/W2886781604,,,,,,,,,,,,,,title_abstract,
https://openalex.org/W2887025831,,,,,,,,,,,,,,title_abstract,
https://openalex.org/W2887584395,,,,,,,,,,,,,,title_abstract,
https://openalex.org/W2887629867,,,,,,,,,,,,,,title_abstract,
https://openalex.org/W2888245499,,,,,,,,,,,,,,title_abstract,
https://openalex.org/W2888498453,,,,,,,,,,,,,,title_abstract,
https://openalex.org/W2888620192,,,,,,,,,,,,,,title_abstract,
https://openalex.org/W2888892882,,,,,,,,,,,,,,title_abstract,
https://openalex.org/W2889073977,,,,,,,,,,,,,,title_abstract,
https://openalex.org/W2889137294,,,,,,,,,,,,,,title_abstract,
https://openalex.org/W2889156307,,,,,,,,,,,,,,title_abstract,
https://openalex.org/W2889341262,,,,,,,,,,,,,,title_abstract,
https://openalex.org/W2889358587,,,,,,,,,,,,,,title_abstract,
https://openalex.org/W2889713705,,,,,,,,,,,,,,title_abstract,
https://openalex.org/W2889720020,,,,,,,,,,,,,,title_abstract,
https://openalex.org/W2889775201,,,,,,,,,,,,,,title_abstract,
https://openalex.org/W2889899448,,,,,,,,,,,,,,title_abstract,
https://openalex.org/W2889967009,,,,,,,,,,,,,,title_abstract,
https://openalex.org/W2890144647,,,,,,,,,,,,,,title_abstract,
https://openalex.org/W2890381213,,,,,,,,,,,,,,title_abstract,
https://openalex.org/W2890483718,,,,,,,,,,,,,,title_abstract,
https://openalex.org/W2890699185,,,,,,,,,,,,,,title_abstract,
https://openalex.org/W2890845094,,,,,,,,,,,,,,title_abstract,
https://openalex.org/W2890954814,,,,,,,,,,,,,,title_abstract,
https://openalex.org/W2891242691,,,,,,,,,,,,,,title_abstract,
https://openalex.org/W2891267570,,,,,,,,,,,,,,title_abstract,
https://openalex.org/W2891635975,,,,,,,,,,,,,,title_abstract,
https://openalex.org/W2892186081,,,,,,,,,,,,,,title_abstract,
https://openalex.org/W2893356248,,,,,,,,,,,,,,title_abstract,
https://openalex.org/W2893692370,,,,,,,,,,,,,,title_abstract,
https://openalex.org/W2894084641,,,,,,,,,,,,,,title_abstract,
https://openalex.org/W2894253391,,,,,,,,,,,,,,title_abstract,
https://openalex.org/W2894672757,,,,,,,,,,,,,,title_abstract,
https://openalex.org/W2894845975,,,,,,,,,,,,,,title_abstract,
https://openalex.org/W2896079048,,,,,,,,,,,,,,title_abstract,
https://openalex.org/W2896189326,,,,,,,,,,,,,,title_abstract,
https://openalex.org/W2896649245,,,,,,,,,,,,,,title_abstract,
https://openalex.org/W2896715253,,,,,,,,,,,,,,title_abstract,
https://openalex.org/W2896945577,,,,,,,,,,,,,,title_abstract,
https://openalex.org/W2897001149,,,,,,,,,,,,,,title_abstract,
https://openalex.org/W2897384998,,,,,,,,,,,,,,title_abstract,
https://openalex.org/W2897462783,,,,,,,,,,,,,,title_abstract,
https://openalex.org/W2897497425,,,,,,,,,,,,,,title_abstract,
https://openalex.org/W2897575180,,,,,,,,,,,,,,title_abstract,
https://openalex.org/W2897706533,,,,,,,,,,,,,,title_abstract,
https://openalex.org/W2897724954,,,,,,,,,,,,,,title_abstract,
https://openalex.org/W2897789268,,,,,,,,,,,,,,title_abstract,
https://openalex.org/W2897862780,,,,,,,,,,,,,,title_abstract,
https://openalex.org/W2897985668,,,,,,,,,,,,,,title_abstract,
https://openalex.org/W2898116053,,,,,,,,,,,,,,title_abstract,
https://openalex.org/W2898276114,,,,,,,,,,,,,,title_abstract,
https://openalex.org/W2898296907,,,,,,,,,,,,,,title_abstract,
https://openalex.org/W2898732811,,,,,,,,,,,,,,title_abstract,
https://openalex.org/W2898969809,,,,,,,,,,,,,,title_abstract,
https://openalex.org/W2899037911,,,,,,,,,,,,,,title_abstract,
https://openalex.org/W2899399258,,,,,,,,,,,,,,title_abstract,
https://openalex.org/W2899864787,,,,,,,,,,,,,,title_abstract,
https://openalex.org/W2899921915,,,,,,,,,,,,,,title_abstract,
https://openalex.org/W2900191041,,,,,,,,,,,,,,title_abstract,
https://openalex.org/W2900323749,,,,,,,,,,,,,,title_abstract,
https://openalex.org/W2900557756,,,,,,,,,,,,,,title_abstract,
https://openalex.org/W2900572145,,,,,,,,,,,,,,title_abstract,
https://openalex.org/W2900747453,,,,,,,,,,,,,,title_abstract,
https://openalex.org/W2900801515,,,,,,,,,,,,,,title_abstract,
https://openalex.org/W2901052446,,,,,,,,,,,,,,title_abstract,
https://openalex.org/W2901240755,,,,,,,,,,,,,,title_abstract,
https://openalex.org/W2901436129,,,,,,,,,,,,,,title_abstract,
https://openalex.org/W2901741390,,,,,,,,,,,,,,title_abstract,
https://openalex.org/W2901959119,,,,,,,,,,,,,,title_abstract,
https://openalex.org/W2902084066,,,,,,,,,,,,,,title_abstract,
https://openalex.org/W2902089000,,,,,,,,,,,,,,title_abstract,
https://openalex.org/W2902115203,,,,,,,,,,,,,,title_abstract,
https://openalex.org/W2902129958,,,,,,,,,,,,,,title_abstract,
https://openalex.org/W2902266432,,,,,,,,,,,,,,title_abstract,
https://openalex.org/W2902350380,,,,,,,,,,,,,,title_abstract,
https://openalex.org/W2902432252,,,,,,,,,,,,,,title_abstract,
https://openalex.org/W2902599859,,,,,,,,,,,,,,title_abstract,
https://openalex.org/W2902784394,,,,,,,,,,,,,,title_abstract,
https://openalex.org/W2903005902,,,,,,,,,,,,,,title_abstract,
https://openalex.org/W2903208610,,,,,,,,,,,,,,title_abstract,
https://openalex.org/W2903385015,tech_material,,,,,,,4.1,no,,,,,candidate_screen,"did not meet inclusion criteria at screening (cross-national scope, explicit technology indicator, or biophysical outcome)"
https://openalex.org/W2903761486,,,,,,,,,,,,,,title_abstract,
https://openalex.org/W2903899972,,,,,,,,,,,,,,title_abstract,
https://openalex.org/W2904285522,,,,,,,,,,,,,,title_abstract,
https://openalex.org/W2904854333,,,,,,,,,,,,,,title_abstract,
https://openalex.org/W2905076489,,,,,,,,,,,,,,title_abstract,
https://openalex.org/W2905596951,,,,,,,,,,,,,,title_abstract,
https://openalex.org/W2905655852,,,,,,,,,,,,,,title_abstract,
https://openalex.org/W2906650566,,,,,,,,,,,,,,title_abstract,
https://openalex.org/W2906665422,,,,,,,,,,,,,,title_abstract,
https://openalex.org/W2907869218,,,,,,,,,,,,,,title_abstract,
https://openalex.org/W2908270530,,,,,,,,,,,,,,title_abstract,
https://openalex.org/W2908326658,,,,,,,,,,,,,,title_abstract,
https://openalex.org/W2908461037,,,,,,,,,,,,,,title_abstract,
https://openalex.org/W2908553138,,,,,,,,,,,,,,title_abstract,
https://openalex.org/W2908595291,,,,,,,,,,,,,,title_abstract,
https://openalex.org/W2908826698,,,,,,,,,,,,,,title_abstract,
https://openalex.org/W2909125774,,,,,,,,,,,,,,title_abstract,
https://openalex.org/W2909202499,,,,,,,,,,,,,,title_abstract,
https://openalex.org/W2909217299,,,,,,,,,,,,,,title_abstract,
https://openalex.org/W2909326542,,,,,,,,,,,,,,title_abstract,
https://openalex.org/W2909485101,,,,,,,,,,,,,,title_abstract,
https://openalex.org/W2909583817,,,,,,,,,,,,,,title_abstract,
https://openalex.org/W2909738188,,,,,,,,,,,,,,title_abstract,
https://openalex.org/W2909796576,,,,,,,,,,,,,,title_abstract,
https://openalex.org/W2910783508,,,,,,,,,,,,,,title_abstract,
https://openalex.org/W2911025841,,,,,,,,,,,,,,title_abstract,
https://openalex.org/W2911070737,,,,,,,,,,,,,,title_abstract,
https://openalex.org/W2911136666,,,,,,,,,,,,,,title_abstract,
https://openalex.org/W2911281420,,,,,,,,,,,,,,title_abstract,
https://openalex.org/W2911308729,,,,,,,,,,,,,,title_abstract,
https://openalex.org/W2911760408,,,,,,,,,,,,,,title_abstract,
https://openalex.org/W2911958848,,,,,,,,,,,,,,title_abstract,
https://openalex.org/W2912016977,,,,,,,,,,,,,,title_abstract,
https://openalex.org/W2912281700,,,,,,,,,,,,,,title_abstract,
https://openalex.org/W2912629596,,,,,,,,,,,,,,title_abstract,
https://openalex.org/W2913282831,,,,,,,,,,,,,,title_abstract,
https://openalex.org/W2913341627,,,,,,,,,,,,,,title_abstract,
https://openalex.org/W2913469866,,,,,,,,,,,,,,title_abstract,
https://openalex.org/W2913631090,,,,,,,,,,,,,,title_abstract,
https://openalex.org/W2913642086,,,,,,,,,,,,,,title_abstract,
https://openalex.org/W2913714623,,,,,,,,,,,,,,title_abstract,
https://openalex.org/W2913825685,,,,,,,,,,,,,,title_abstract,
https://openalex.org/W2913975975,,,,,,,,,,,,,,title_abstract,
https://openalex.org/W2914103751,,,,,,,,,,,,,,title_abstract,
https://openalex.org/W2914169501,,,,,,,,,,,,,,title_abstract,
https://openalex.org/W2914851794,,,,,,,,,,,,,,title_abstract,
https://openalex.org/W2915859673,,,,,,,,,,,,,,title_abstract,
https://openalex.org/W2915871516,,,,,,,,,,,,,,title_abstract,
https://openalex.org/W2916447524,,,,,,,,,,,,,,title_abstract,
https://openalex.org/W2916627756,,,,,,,,,,,,,,title_abstract,
https://openalex.org/W2917263165,,,,,,,,,,,,,,title_abstract,
https://openalex.org/W2917355729,,,,,,,,,,,,,,title_abstract,
https://openalex.org/W2917406875,,,,,,,,,,,,,,title_abstract,
https://openalex.org/W2919224033,,,,,,,,,,,,,,title_abstract,
https://openalex.org/W2920138469,,,,,,,,,,,,,,title_abstract,
https://openalex.org/W2920584678,,,,,,,,,,,,,,title_abstract,
https://openalex.org/W2920820166,,,,,,,,,,,,,,title_abstract,
https://openalex.org/W2920906396,,,,,,,,,,,,,,title_abstract,
https://openalex.org/W2920978155,,,,,,,,,,,,,,title_abstract,
https://openalex.org/W2921101491,,,,,,,,,,,,,,title_abstract,
https://openalex.org/W2921109827,,,,,,,,,,,,,,title_abstract,
https://openalex.org/W2921222095,,,,,,,,,,,,,,title_abstract,
https://openalex.org/W2921264663,,,,,,,,,,,,,,title_abstract,
https://openalex.org/W2921298739,,,,,,,,,,,,,,title_abstract,
https://openalex.org/W2921328172,,,,,,,,,,,,,,title_abstract,
https://openalex.org/W2921440405,,,,,,,,,,,,,,title_abstract,
https://openalex.org/W2922016065,,,,,,,,,,,,,,title_abstract,
https://openalex.org/W2922027436,,,,,,,,,,,,,,title_abstract,
https://openalex.org/W2922105130,,,,,,,,,,,,,,title_abstract,
https://openalex.org/W2922414044,,,,,,,,,,,,,,title_abstract,
https://openalex.org/W2922982473,,,,,,,,,,,,,,title_abstract,
https://openalex.org/W2923314661,,,,,,,,,,,,,,title_abstract,
https://openalex.org/W2923571172,,,,,,,,,,,,,,title_abstract,
https://openalex.org/W2923932498,,,,,,,,,,,,,,title_abstract,
https://openalex.org/W2924120992,,,,,,,,,,,,,,title_abstract,
https://openalex.org/W2924763107,,,,,,,,,,,,,,title_abstract,
https://openalex.org/W2924969659,,,,,,,,,,,,,,title_abstract,
https://openalex.org/W2928248320,,,,,,,,,,,,,,title_abstract,
https://openalex.org/W2928775545,,,,,,,,,,,,,,title_abstract,
https://openalex.org/W2930040016,displacement,,none,not_applicable,linked,yes,no,5,yes,,literature review,EUE literature,embodied resource flows,full_text,
https://openalex.org/W2931547652,,,,,,,,,,,,,,title_abstract,
https://openalex.org/W2932492920,,,,,,,,,,,,,,title_abstract,
https://openalex.org/W293524010,,,,,,,,,,,,,,title_abstract,
https://openalex.org/W2936403767,,,,,,,,,,,,,,title_abstract,
https://openalex.org/W2936919896,,,,,,,,,,,,,,title_abstract,
https://openalex.org/W2936949122,,,,,,,,,,,,,,title_abstract,
https://openalex.org/W2937057685,,,,,,,,,,,,,,title_abstract,
https://openalex.org/W2937238062,,,,,,,,,,,,,,title_abstract,
https://openalex.org/W2938038695,,,,,,,,,,,,,,title_abstract,
https://openalex.org/W2939537499,,,,,,,,,,,,,,title_abstract,
https://openalex.org/W2940333481,,,,,,,,,,,,,,title_abstract,
https://openalex.org/W2940964362,,,,,,,,,,,,,,title_abstract,
https://openalex.org/W2941093261,,,,,,,,,,,,,,title_abstract,
https://openalex.org/W2941769054,,,,,,,,,,,,,,title_abstract,
https://openalex.org/W2941995832,,,,,,,,,,,,,,title_abstract,
https://openalex.org/W2942230041,,,,,,,,,,,,,,title_abstract,
https://openalex.org/W2942243061,,,,,,,,,,,,,,title_abstract,
https://openalex.org/W2943948535,,,,,,,,,,,,,,title_abstract,
https://openalex.org/W2943950764,tech_material,,,,,,,4.1,no,,,,,candidate_screen,"did not meet inclusion criteria at screening (cross-national scope, explicit technology indicator, or biophysical outcome)"
https://openalex.org/W2944032611,,,,,,,,,,,,,,title_abstract,
https://openalex.org/W2944349741,,,,,,,,,,,,,,title_abstract,
https://openalex.org/W2944380431,,,,,,,,,,,,,,title_abstract,
https://openalex.org/W2944659559,,,,,,,,,,,,,,title_abstract,
https://openalex.org/W2944767545,,,,,,,,,,,,,,title_abstract,
https://openalex.org/W2944785538,,,,,,,,,,,,,,title_abstract,
https://openalex.org/W2945033999,,,,,,,,,,,,,,title_abstract,
https://openalex.org/W2945268285,,,,,,,,,,,,,,title_abstract,
https://openalex.org/W2945557658,,,,,,,,,,,,,,title_abstract,
https://openalex.org/W2945681263,,,,,,,,,,,,,,title_abstract,
https://openalex.org/W2945900308,,,,,,,,,,,,,,title_abstract,
https://openalex.org/W2945925773,,,,,,,,,,,,,,title_abstract,
https://openalex.org/W2946054442,,,,,,,,,,,,,,title_abstract,
https://openalex.org/W2946613584,,,,,,,,,,,,,,title_abstract,
https://openalex.org/W2946913469,,,,,,,,,,,,,,title_abstract,
https://openalex.org/W2947017189,,,,,,,,,,,,,,title_abstract,
https://openalex.org/W2947058897,,,,,,,,,,,,,,title_abstract,
https://openalex.org/W2947515191,,,,,,,,,,,,,,title_abstract,
https://openalex.org/W2947570611,,,,,,,,,,,,,,title_abstract,
https://openalex.org/W2947746912,,,,,,,,,,,,,,title_abstract,
https://openalex.org/W2947867906,,,,,,,,,,,,,,title_abstract,
https://openalex.org/W2947922566,,,,,,,,,,,,,,title_abstract,
https://openalex.org/W2947936732,,,,,,,,,,,,,,title_abstract,
https://openalex.org/W2948546859,,,,,,,,,,,,,,title_abstract,
https://openalex.org/W2949112363,,,,,,,,,,,,,,title_abstract,
https://openalex.org/W2949361292,,,,,,,,,,,,,,title_abstract,
https://openalex.org/W2949554074,,,,,,,,,,,,,,title_abstract,
https://openalex.org/W2949585406,,,,,,,,,,,,,,title_abstract,
https://openalex.org/W2949947129,,,,,,,,,,,,,,title_abstract,
https://openalex.org/W2950014323,,,,,,,,,,,,,,title_abstract,
https://openalex.org/W2950734190,,,,,,,,,,,,,,title_abstract,
https://openalex.org/W2951879929,,,,,,,,,,,,,,title_abstract,
https://openalex.org/W2952546539,,,,,,,,,,,,,,title_abstract,
https://openalex.org/W2952982270,,,,,,,,,,,,,,title_abstract,
https://openalex.org/W2953384764,,,,,,,,,,,,,,title_abstract,
https://openalex.org/W2953590317,,,,,,,,,,,,,,title_abstract,
https://openalex.org/W2953781404,,,,,,,,,,,,,,title_abstract,
https://openalex.org/W2954288801,,,,,,,,,,,,,,title_abstract,
https://openalex.org/W2954593791,,,,,,,,,,,,,,title_abstract,
https://openalex.org/W2954934243,,,,,,,,,,,,,,title_abstract,
https://openalex.org/W2955324822,,,,,,,,,,,,,,title_abstract,
https://openalex.org/W2955761344,,,,,,,,,,,,,,title_abstract,
https://openalex.org/W2956065906,,,,,,,,,,,,,,title_abstract,
https://openalex.org/W2956475893,,,,,,,,,,,,,,title_abstract,
https://openalex.org/W2956733809,,,,,,,,,,,,,,title_abstract,
https://openalex.org/W2959561833,,,,,,,,,,,,,,title_abstract,
https://openalex.org/W2959785136,,,,,,,,,,,,,,title_abstract,
https://openalex.org/W2960049244,,,,,,,,,,,,,,title_abstract,
https://openalex.org/W2962045372,,,,,,,,,,,,,,title_abstract,
https://openalex.org/W2962216381,,,,,,,,,,,,,,title_abstract,
https://openalex.org/W2963325416,,,,,,,,,,,,,,title_abstract,
https://openalex.org/W2963802729,,,,,,,,,,,,,,title_abstract,
https://openalex.org/W2963989931,,,,,,,,,,,,,,title_abstract,
https://openalex.org/W2964479602,,,,,,,,,,,,,,title_abstract,
https://openalex.org/W2964527111,,,,,,,,,,,,,,title_abstract,
https://openalex.org/W2964527887,,,,,,,,,,,,,,title_abstract,
https://openalex.org/W2964812611,,,,,,,,,,,,,,title_abstract,
https://openalex.org/W2965960474,,,,,,,,,,,,,,title_abstract,
https://openalex.org/W2966050092,,,,,,,,,,,,,,title_abstract,
https://openalex.org/W2966175297,,,,,,,,,,,,,,title_abstract,
https://openalex.org/W2966273315,,,,,,,,,,,,,,title_abstract,
https://openalex.org/W2966440616,,,,,,,,,,,,,,title_abstract,
https://openalex.org/W2966527079,,,,,,,,,,,,,,title_abstract,
https://openalex.org/W2966562828,,,,,,,,,,,,,,title_abstract,
https://openalex.org/W2967567331,,,,,,,,,,,,,,title_abstract,
https://openalex.org/W2967610546,,,,,,,,,,,,,,title_abstract,
https://openalex.org/W2967614609,,,,,,,,,,,,,,title_abstract,
https://openalex.org/W2968014775,,,,,,,,,,,,,,title_abstract,
https://openalex.org/W2968303690,,,,,,,,,,,,,,title_abstract,
https://openalex.org/W2968327953,,,,,,,,,,,,,,title_abstract,
https://openalex.org/W2968981297,,,,,,,,,,,,,,title_abstract,
https://openalex.org/W2969136554,,,,,,,,,,,,,,title_abstract,
https://openalex.org/W2969227083,,,,,,,,,,,,,,title_abstract,
https://openalex.org/W2969545807,,,,,,,,,,,,,,title_abstract,
https://openalex.org/W2969675151,,,,,,,,,,,,,,title_abstract,
https://openalex.org/W2969687057,,,,,,,,,,,,,,title_abstract,
https://openalex.org/W2969811253,,,,,,,,,,,,,,title_abstract,
https://openalex.org/W2969816384,,,,,,,,,,,,,,title_abstract,
https://openalex.org/W2969832592,,,,,,,,,,,,,,title_abstract,
https://openalex.org/W2969844606,,,,,,,,,,,,,,title_abstract,
https://openalex.org/W2969937890,,,,,,,,,,,,,,title_abstract,
https://openalex.org/W2970054763,,,,,,,,,,,,,,title_abstract,
https://openalex.org/W2970237252,,,,,,,,,,,,,,title_abstract,
https://openalex.org/W2970297605,,,,,,,,,,,,,,title_abstract,
https://openalex.org/W2970812037,,,,,,,,,,,,,,title_abstract,
https://openalex.org/W2970906782,,,,,,,,,,,,,,title_abstract,
https://openalex.org/W2971005377,,,,,,,,,,,,,,title_abstract,
https://openalex.org/W2971010033,,,,,,,,,,,,,,title_abstract,
https://openalex.org/W2971465468,,,,,,,,,,,,,,title_abstract,
https://openalex.org/W2971587640,,,,,,,,,,,,,,title_abstract,
https://openalex.org/W2971895374,,,,,,,,,,,,,,title_abstract,
https://openalex.org/W2972706642,,,,,,,,,,,,,,title_abstract,
https://openalex.org/W2972755783,,,,,,,,,,,,,,title_abstract,
https://openalex.org/W2972767137,,,,,,,,,,,,,,title_abstract,
https://openalex.org/W2972811834,,,,,,,,,,,,,,title_abstract,
https://openalex.org/W2972979480,,,,,,,,,,,,,,title_abstract,
https://openalex.org/W2972987832,,,,,,,,,,,,,,title_abstract,
https://openalex.org/W2973035317,,,,,,,,,,,,,,title_abstract,
https://openalex.org/W2973104365,,,,,,,,,,,,,,title_abstract,
https://openalex.org/W2973177457,,,,,,,,,,,,,,title_abstract,
https://openalex.org/W2973339863,,,,,,,,,,,,,,title_abstract,
https://openalex.org/W2973440022,,,,,,,,,,,,,,title_abstract,
https://openalex.org/W2973465441,,,,,,,,,,,,,,title_abstract,
https://openalex.org/W2974561102,,,,,,,,,,,,,,title_abstract,
https://openalex.org/W2975120496,,,,,,,,,,,,,,title_abstract,
https://openalex.org/W2975947457,,,,,,,,,,,,,,title_abstract,
https://openalex.org/W2975998885,,,,,,,,,,,,,,title_abstract,
https://openalex.org/W2976587664,,,,,,,,,,,,,,title_abstract,
https://openalex.org/W2976753291,,,,,,,,,,,,,,title_abstract,
https://openalex.org/W2976783509,,,,,,,,,,,,,,title_abstract,
https://openalex.org/W2977260107,,,,,,,,,,,,,,title_abstract,
https://openalex.org/W2979397094,,,,,,,,,,,,,,title_abstract,
https://openalex.org/W2979463257,,,,,,,,,,,,,,title_abstract,
https://openalex.org/W2980154303,,,,,,,,,,,,,,title_abstract,
https://openalex.org/W2980187407,,,,,,,,,,,,,,title_abstract,
https://openalex.org/W2980199938,,,,,,,,,,,,,,title_abstract,
https://openalex.org/W2980566250,tech_material,,,,,,,4.1,no,,,,,candidate_screen,"did not meet inclusion criteria at screening (cross-national scope, explicit technology indicator, or biophysical outcome)"
https://openalex.org/W2980604069,technology_indicators,,,,,,,4.2,no,,,,,candidate_screen,"did not meet inclusion criteria at screening (cross-national scope, explicit technology indicator, or biophysical outcome)"
https://openalex.org/W2980724302,,,,,,,,,,,,,,title_abstract,
https://openalex.org/W2981114254,,,,,,,,,,,,,,title_abstract,
https://openalex.org/W2981119952,,,,,,,,,,,,,,title_abstract,
https://openalex.org/W2981247470,,,,,,,,,,,,,,title_abstract,
https://openalex.org/W2981481899,,,,,,,,,,,,,,title_abstract,
https://openalex.org/W2981514925,,,,,,,,,,,,,,title_abstract,
https://openalex.org/W2981614486,,,,,,,,,,,,,,title_abstract,
https://openalex.org/W2981793793,,,,,,,,,,,,,,title_abstract,
https://openalex.org/W2981922374,,,,,,,,,,,,,,title_abstract,
https://openalex.org/W2981975217,,,,,,,,,,,,,,title_abstract,
https://openalex.org/W2981996680,,,,,,,,,,,,,,title_abstract,
https://openalex.org/W2982040790,,,,,,,,,,,,,,title_abstract,
https://openalex.org/W2982082329,,,,,,,,,,,,,,title_abstract,
https://openalex.org/W2982165506,,,,,,,,,,,,,,title_abstract,
https://openalex.org/W2982398610,,,,,,,,,,,,,,title_abstract,
https://openalex.org/W2982740746,,,,,,,,,,,,,,title_abstract,
https://openalex.org/W2982930761,,,,,,,,,,,,,,title_abstract,
https://openalex.org/W2983001879,,,,,,,,,,,,,,title_abstract,
https://openalex.org/W2983103658,,,,,,,,,,,,,,title_abstract,
https://openalex.org/W2983647822,,,,,,,,,,,,,,title_abstract,
https://openalex.org/W2983719761,,,,,,,,,,,,,,title_abstract,
https://openalex.org/W2983955419,,,,,,,,,,,,,,title_abstract,
https://openalex.org/W2984877663,,,,,,,,,,,,,,title_abstract,
https://openalex.org/W2986480233,,,,,,,,,,,,,,title_abstract,
https://openalex.org/W2986716431,,,,,,,,,,,,,,title_abstract,
https://openalex.org/W2986885340,,,,,,,,,,,,,,title_abstract,
https://openalex.org/W2987379598,,,,,,,,,,,,,,title_abstract,
https://openalex.org/W2987637206,,,,,,,,,,,,,,title_abstract,
https://openalex.org/W2988125793,,,,,,,,,,,,,,title_abstract,
https://openalex.org/W2988260070,,,,,,,,,,,,,,title_abstract,
https://openalex.org/W2988590694,,,,,,,,,,,,,,title_abstract,
https://openalex.org/W2989456626,,,,,,,,,,,,,,title_abstract,
https://openalex.org/W2989614506,,,,,,,,,,,,,,title_abstract,
https://openalex.org/W2990126043,,,,,,,,,,,,,,title_abstract,
https://openalex.org/W2990483234,,,,,,,,,,,,,,title_abstract,
https://openalex.org/W2990704601,tech_material,,,,,,,4.1,no,,,,,candidate_screen,"did not meet inclusion criteria at screening (cross-national scope, explicit technology indicator, or biophysical outcome)"
https://openalex.org/W2990864573,,,,,,,,,,,,,,title_abstract,
https://openalex.org/W2990981538,,,,,,,,,,,,,,title_abstract,
https://openalex.org/W2991088874,,,,,,,,,,,,,,title_abstract,
https://openalex.org/W2991281980,,,,,,,,,,,,,,title_abstract,
https://openalex.org/W2991446304,,,,,,,,,,,,,,title_abstract,
https://openalex.org/W2991527452,,,,,,,,,,,,,,title_abstract,
https://openalex.org/W2992398751,tech_material,,,,,,,4.1,no,,,,,candidate_screen,"did not meet inclusion criteria at screening (cross-national scope, explicit technology indicator, or biophysical outcome)"
https://openalex.org/W2993496297,,,,,,,,,,,,,,title_abstract,
https://openalex.org/W2993818533,,,,,,,,,,,,,,title_abstract,
https://openalex.org/W2994347082,,,,,,,,,,,,,,title_abstract,
https://openalex.org/W2994466783,,,,,,,,,,,,,,title_abstract,
https://openalex.org/W2994611161,,,,,,,,,,,,,,title_abstract,
https://openalex.org/W2994650851,,,,,,,,,,,,,,title_abstract,
https://openalex.org/W2994764890,,,,,,,,,,,,,,title_abstract,
https://openalex.org/W2994916617,,,,,,,,,,,,,,title_abstract,
https://openalex.org/W2994948867,,,,,,,,,,,,,,title_abstract,
https://openalex.org/W2994977076,,,,,,,,,,,,,,title_abstract,
https://openalex.org/W2995465423,,,,,,,,,,,,,,title_abstract,
https://openalex.org/W2995510589,,,,,,,,,,,,,,title_abstract,
https://openalex.org/W2995548094,,,,,,,,,,,,,,title_abstract,
https://openalex.org/W2995850512,,,,,,,,,,,,,,title_abstract,
https://openalex.org/W2995946162,,,,,,,,,,,,,,title_abstract,
https://openalex.org/W2996168669,,,,,,,,,,,,,,title_abstract,
https://openalex.org/W2996306876,,,,,,,,,,,,,,title_abstract,
https://openalex.org/W2996428800,,,,,,,,,,,,,,title_abstract,
https://openalex.org/W2996452798,,,,,,,,,,,,,,title_abstract,
https://openalex.org/W2996488178,,,,,,,,,,,,,,title_abstract,
https://openalex.org/W2996506207,,,,,,,,,,,,,,title_abstract,
https://openalex.org/W2996594197,,,,,,,,,,,,,,title_abstract,
https://openalex.org/W2996844041,,,,,,,,,,,,,,title_abstract,
https://openalex.org/W2996954518,,,,,,,,,,,,,,title_abstract,
https://openalex.org/W2997117354,,,,,,,,,,,,,,title_abstract,
https://openalex.org/W2997339393,,,,,,,,,,,,,,title_abstract,
https://openalex.org/W2997780508,tech_material,,,,,,,4.1,no,,,,,candidate_screen,"did not meet inclusion criteria at screening (cross-national scope, explicit technology indicator, or biophysical outcome)"
https://openalex.org/W2998329634,,,,,,,,,,,,,,title_abstract,
https://openalex.org/W2998949489,,,,,,,,,,,,,,title_abstract,
https://openalex.org/W2999094038,,,,,,,,,,,,,,title_abstract,
https://openalex.org/W2999329913,,,,,,,,,,,,,,title_abstract,
https://openalex.org/W2999396145,,,,,,,,,,,,,,title_abstract,
https://openalex.org/W2999497476,,,,,,,,,,,,,,title_abstract,
https://openalex.org/W2999541183,,,,,,,,,,,,,,title_abstract,
https://openalex.org/W3000083427,,,,,,,,,,,,,,title_abstract,
https://openalex.org/W3000549764,,,,,,,,,,,,,,title_abstract,
https://openalex.org/W3000782533,,,,,,,,,,,,,,title_abstract,
https://openalex.org/W3001149842,,,,,,,,,,,,,,title_abstract,
https://openalex.org/W3001409023,,,,,,,,,,,,,,title_abstract,
https://openalex.org/W3001629137,,,,,,,,,,,,,,title_abstract,
https://openalex.org/W3001719147,,,,,,,,,,,,,,title_abstract,
https://openalex.org/W3001893136,,,,,,,,,,,,,,title_abstract,
https://openalex.org/W3001954095,,,,,,,,,,,,,,title_abstract,
https://openalex.org/W3002699777,,,,,,,,,,,,,,title_abstract,
https://openalex.org/W3003060236,,,,,,,,,,,,,,title_abstract,
https://openalex.org/W3003139008,,,,,,,,,,,,,,title_abstract,
https://openalex.org/W300394196,,,,,,,,,,,,,,title_abstract,
https://openalex.org/W3004470935,,,,,,,,,,,,,,title_abstract,
https://openalex.org/W3004487875,,,,,,,,,,,,,,title_abstract,
https://openalex.org/W3004644317,,,,,,,,,,,,,,title_abstract,
https://openalex.org/W3004816341,,,,,,,,,,,,,,title_abstract,
https://openalex.org/W3004925438,,,,,,,,,,,,,,title_abstract,
https://openalex.org/W3005751093,,,,,,,,,,,,,,title_abstract,
https://openalex.org/W3006206289,,,,,,,,,,,,,,title_abstract,
https://openalex.org/W3007001865,,,,,,,,,,,,,,title_abstract,
https://openalex.org/W3007091919,,,,,,,,,,,,,,title_abstract,
https://openalex.org/W3007122921,,,,,,,,,,,,,,title_abstract,
https://openalex.org/W3007340296,,,,,,,,,,,,,,title_abstract,
https://openalex.org/W3007692928,,,,,,,,,,,,,,title_abstract,
https://openalex.org/W3007935942,,,,,,,,,,,,,,title_abstract,
https://openalex.org/W3008125567,,,,,,,,,,,,,,title_abstract,
https://openalex.org/W3008650408,,,,,,,,,,,,,,title_abstract,
https://openalex.org/W3009019603,,,,,,,,,,,,,,title_abstract,
https://openalex.org/W3009243847,,,,,,,,,,,,,,title_abstract,
https://openalex.org/W3009290256,,,,,,,,,,,,,,title_abstract,
https://openalex.org/W3009667123,,,,,,,,,,,,,,title_abstract,
https://openalex.org/W3009759253,,,,,,,,,,,,,,title_abstract,
https://openalex.org/W3009773614,,,,,,,,,,,,,,title_abstract,
https://openalex.org/W3009796604,,,,,,,,,,,,,,title_abstract,
https://openalex.org/W3009939214,,,,,,,,,,,,,,title_abstract,
https://openalex.org/W3010013823,,,,,,,,,,,,,,title_abstract,
https://openalex.org/W3010119891,,,,,,,,,,,,,,title_abstract,
https://openalex.org/W3010123702,,,,,,,,,,,,,,title_abstract,
https://openalex.org/W3010431451,,,,,,,,,,,,,,title_abstract,
https://openalex.org/W3011031212,,,,,,,,,,,,,,title_abstract,
https://openalex.org/W3011128369,,,,,,,,,,,,,,title_abstract,
https://openalex.org/W3011576998,,,,,,,,,,,,,,title_abstract,
https://openalex.org/W3011648816,,,,,,,,,,,,,,title_abstract,
https://openalex.org/W3011727639,,,,,,,,,,,,,,title_abstract,
https://openalex.org/W3011853792,,,,,,,,,,,,,,title_abstract,
https://openalex.org/W3012031418,,,,,,,,,,,,,,title_abstract,
https://openalex.org/W3012117326,,,,,,,,,,,,,,title_abstract,
https://openalex.org/W3012347068,,,,,,,,,,,,,,title_abstract,
https://openalex.org/W3013031329,tech_material,,various,mixed,not_assessed,not_tested,mixed_maps_both,4.counter,yes,counter-evidence/mixed row; counts confirmed against source,systematic review (mapping),"11,500+ records screened; 835 articles selected",CO2 / energy / materials,full_text,
https://openalex.org/W3013079304,,,,,,,,,,,,,,title_abstract,
https://openalex.org/W3013151332,,,,,,,,,,,,,,title_abstract,
https://openalex.org/W3013632702,tech_material,,various,mixed,dominant,yes,mixed_relative_common_absolute_rare,4.1,yes,835 articles confirmed against source; also reports recent production- and (weaker) consumption-based CO2 absolute decoupling in some industrialised countries,systematic review,synthesis of 835 peer-reviewed articles,CO2 / energy / materials,full_text,
https://openalex.org/W3013664316,,,,,,,,,,,,,,title_abstract,
https://openalex.org/W3013947548,,,,,,,,,,,,,,title_abstract,
https://openalex.org/W3014052546,,,,,,,,,,,,,,title_abstract,
https://openalex.org/W3014488149,,,,,,,,,,,,,,title_abstract,
https://openalex.org/W3014709884,,,,,,,,,,,,,,title_abstract,
https://openalex.org/W3014999631,,,,,,,,,,,,,,title_abstract,
https://openalex.org/W3015085331,,,,,,,,,,,,,,title_abstract,
https://openalex.org/W3015111487,,,,,,,,,,,,,,title_abstract,
https://openalex.org/W3015553605,,,,,,,,,,,,,,title_abstract,
https://openalex.org/W3015675867,,,,,,,,,,,,,,title_abstract,
https://openalex.org/W3016049632,,,,,,,,,,,,,,title_abstract,
https://openalex.org/W3016195942,,,,,,,,,,,,,,title_abstract,
https://openalex.org/W3016381323,,,,,,,,,,,,,,title_abstract,
https://openalex.org/W3016506823,,,,,,,,,,,,,,title_abstract,
https://openalex.org/W3016633995,,,,,,,,,,,,,,title_abstract,
https://openalex.org/W3016640228,,,,,,,,,,,,,,title_abstract,
https://openalex.org/W3016767819,,,,,,,,,,,,,,title_abstract,
https://openalex.org/W3016858403,,,,,,,,,,,,,,title_abstract,
https://openalex.org/W3017043845,,,,,,,,,,,,,,title_abstract,
https://openalex.org/W3017181615,,,,,,,,,,,,,,title_abstract,
https://openalex.org/W3017281525,,,,,,,,,,,,,,title_abstract,
https://openalex.org/W3017475674,,,,,,,,,,,,,,title_abstract,
https://openalex.org/W3018927907,,,,,,,,,,,,,,title_abstract,
https://openalex.org/W3018966587,,,,,,,,,,,,,,title_abstract,
https://openalex.org/W3019542635,,,,,,,,,,,,,,title_abstract,
https://openalex.org/W3019566763,,,,,,,,,,,,,,title_abstract,
https://openalex.org/W3020300452,,,,,,,,,,,,,,title_abstract,
https://openalex.org/W3020855431,,,,,,,,,,,,,,title_abstract,
https://openalex.org/W3021209774,,,,,,,,,,,,,,title_abstract,
https://openalex.org/W3021392671,,,,,,,,,,,,,,title_abstract,
https://openalex.org/W3021908981,,,,,,,,,,,,,,title_abstract,
https://openalex.org/W3022038666,,,,,,,,,,,,,,title_abstract,
https://openalex.org/W3022456884,,,,,,,,,,,,,,title_abstract,
https://openalex.org/W3022759312,,,,,,,,,,,,,,title_abstract,
https://openalex.org/W3023024572,,,,,,,,,,,,,,title_abstract,
https://openalex.org/W3023039829,,,,,,,,,,,,,,title_abstract,
https://openalex.org/W3023516657,,,,,,,,,,,,,,title_abstract,
https://openalex.org/W3023644614,tech_material,,,,,,,4.1,no,,,,,candidate_screen,"did not meet inclusion criteria at screening (cross-national scope, explicit technology indicator, or biophysical outcome)"
https://openalex.org/W3023687723,,,,,,,,,,,,,,title_abstract,
https://openalex.org/W3023935494,,,,,,,,,,,,,,title_abstract,
https://openalex.org/W3024080896,,,,,,,,,,,,,,title_abstract,
https://openalex.org/W3024231109,,,,,,,,,,,,,,title_abstract,
https://openalex.org/W3024439515,,,,,,,,,,,,,,title_abstract,
https://openalex.org/W3024470992,,,,,,,,,,,,,,title_abstract,
https://openalex.org/W3024640997,,,,,,,,,,,,,,title_abstract,
https://openalex.org/W3024648988,,,,,,,,,,,,,,title_abstract,
https://openalex.org/W3025208657,,,,,,,,,,,,,,title_abstract,
https://openalex.org/W3025886403,,,,,,,,,,,,,,title_abstract,
https://openalex.org/W3025907308,,,,,,,,,,,,,,title_abstract,
https://openalex.org/W3025961797,,,,,,,,,,,,,,title_abstract,
https://openalex.org/W3026374557,,,,,,,,,,,,,,title_abstract,
https://openalex.org/W3027618874,,,,,,,,,,,,,,title_abstract,
https://openalex.org/W3027807818,,,,,,,,,,,,,,title_abstract,
https://openalex.org/W3028217461,,,,,,,,,,,,,,title_abstract,
https://openalex.org/W3028334544,,,,,,,,,,,,,,title_abstract,
https://openalex.org/W3029242453,,,,,,,,,,,,,,title_abstract,
https://openalex.org/W3029990582,,,,,,,,,,,,,,title_abstract,
https://openalex.org/W3029998894,,,,,,,,,,,,,,title_abstract,
https://openalex.org/W3030158308,,,,,,,,,,,,,,title_abstract,
https://openalex.org/W3031257780,,,,,,,,,,,,,,title_abstract,
https://openalex.org/W3031694613,,,,,,,,,,,,,,title_abstract,
https://openalex.org/W3032516102,,,,,,,,,,,,,,title_abstract,
https://openalex.org/W3033004881,,,,,,,,,,,,,,title_abstract,
https://openalex.org/W3033084021,,,,,,,,,,,,,,title_abstract,
https://openalex.org/W3033171085,,,,,,,,,,,,,,title_abstract,
https://openalex.org/W3033869977,,,,,,,,,,,,,,title_abstract,
https://openalex.org/W3034179836,,,,,,,,,,,,,,title_abstract,
https://openalex.org/W3034363656,,,,,,,,,,,,,,title_abstract,
https://openalex.org/W3034488186,,,,,,,,,,,,,,title_abstract,
https://openalex.org/W3034617965,,,,,,,,,,,,,,title_abstract,
https://openalex.org/W3035030362,,,,,,,,,,,,,,title_abstract,
https://openalex.org/W3035690650,,,,,,,,,,,,,,title_abstract,
https://openalex.org/W3035883307,,,,,,,,,,,,,,title_abstract,
https://openalex.org/W3035967785,tech_material,,,,,,,4.1,no,,,,,candidate_screen,"did not meet inclusion criteria at screening (cross-national scope, explicit technology indicator, or biophysical outcome)"
https://openalex.org/W3036018084,,,,,,,,,,,,,,title_abstract,
https://openalex.org/W3036298078,,,,,,,,,,,,,,title_abstract,
https://openalex.org/W3036484392,,,,,,,,,,,,,,title_abstract,
https://openalex.org/W3036679823,affluence_confound,,none,not_applicable,dominant,yes,no,4.3,yes,"cited in text, not tabulated (perspective piece)",synthesis / perspective,evidence synthesis (no primary sample),multiple pressures,full_text,
https://openalex.org/W3036822305,,,,,,,,,,,,,,title_abstract,
https://openalex.org/W3037034859,,,,,,,,,,,,,,title_abstract,
https://openalex.org/W3037035471,,,,,,,,,,,,,,title_abstract,
https://openalex.org/W3037168550,,,,,,,,,,,,,,title_abstract,
https://openalex.org/W3037377642,,,,,,,,,,,,,,title_abstract,
https://openalex.org/W3037473845,,,,,,,,,,,,,,title_abstract,
https://openalex.org/W3037550216,,,,,,,,,,,,,,title_abstract,
https://openalex.org/W3037974478,,,,,,,,,,,,,,title_abstract,
https://openalex.org/W3038114223,,,,,,,,,,,,,,title_abstract,
https://openalex.org/W3038244561,,,,,,,,,,,,,,title_abstract,
https://openalex.org/W3038477720,,,,,,,,,,,,,,title_abstract,
https://openalex.org/W3038664965,,,,,,,,,,,,,,title_abstract,
https://openalex.org/W3038750848,,,,,,,,,,,,,,title_abstract,
https://openalex.org/W3039078974,,,,,,,,,,,,,,title_abstract,
https://openalex.org/W3039198048,,,,,,,,,,,,,,title_abstract,
https://openalex.org/W3039304320,,,,,,,,,,,,,,title_abstract,
https://openalex.org/W3040108457,,,,,,,,,,,,,,title_abstract,
https://openalex.org/W3040891069,,,,,,,,,,,,,,title_abstract,
https://openalex.org/W3041029357,,,,,,,,,,,,,,title_abstract,
https://openalex.org/W3041043908,,,,,,,,,,,,,,title_abstract,
https://openalex.org/W3041191960,,,,,,,,,,,,,,title_abstract,
https://openalex.org/W3041359002,,,,,,,,,,,,,,title_abstract,
https://openalex.org/W3041445843,,,,,,,,,,,,,,title_abstract,
https://openalex.org/W3041632850,,,,,,,,,,,,,,title_abstract,
https://openalex.org/W3042258493,,,,,,,,,,,,,,title_abstract,
https://openalex.org/W3042465381,,,,,,,,,,,,,,title_abstract,
https://openalex.org/W3042654563,,,,,,,,,,,,,,title_abstract,
https://openalex.org/W3042686984,,,,,,,,,,,,,,title_abstract,
https://openalex.org/W3042727733,,,,,,,,,,,,,,title_abstract,
https://openalex.org/W3042844085,,,,,,,,,,,,,,title_abstract,
https://openalex.org/W3042852333,,,,,,,,,,,,,,title_abstract,
https://openalex.org/W3043019604,,,,,,,,,,,,,,title_abstract,
https://openalex.org/W3043041414,,,,,,,,,,,,,,title_abstract,
https://openalex.org/W3043184714,,,,,,,,,,,,,,title_abstract,
https://openalex.org/W3043381687,,,,,,,,,,,,,,title_abstract,
https://openalex.org/W3043395686,,,,,,,,,,,,,,title_abstract,
https://openalex.org/W3043438095,,,,,,,,,,,,,,title_abstract,
https://openalex.org/W3043679250,,,,,,,,,,,,,,title_abstract,
https://openalex.org/W3043794684,,,,,,,,,,,,,,title_abstract,
https://openalex.org/W3043939277,,,,,,,,,,,,,,title_abstract,
https://openalex.org/W3044037744,,,,,,,,,,,,,,title_abstract,
https://openalex.org/W3044354283,,,,,,,,,,,,,,title_abstract,
https://openalex.org/W3044376494,,,,,,,,,,,,,,title_abstract,
https://openalex.org/W3044586026,,,,,,,,,,,,,,title_abstract,
https://openalex.org/W3044606135,,,,,,,,,,,,,,title_abstract,
https://openalex.org/W3044660011,,,,,,,,,,,,,,title_abstract,
https://openalex.org/W3044994094,,,,,,,,,,,,,,title_abstract,
https://openalex.org/W3044995610,,,,,,,,,,,,,,title_abstract,
https://openalex.org/W3046545685,,,,,,,,,,,,,,title_abstract,
https://openalex.org/W3046913502,,,,,,,,,,,,,,title_abstract,
https://openalex.org/W3047102513,,,,,,,,,,,,,,title_abstract,
https://openalex.org/W3047223579,,,,,,,,,,,,,,title_abstract,
https://openalex.org/W3047274677,,,,,,,,,,,,,,title_abstract,
https://openalex.org/W3047630197,,,,,,,,,,,,,,title_abstract,
https://openalex.org/W3047726629,,,,,,,,,,,,,,title_abstract,
https://openalex.org/W3048190684,,,,,,,,,,,,,,title_abstract,
https://openalex.org/W3048552818,,,,,,,,,,,,,,title_abstract,
https://openalex.org/W3048748696,,,,,,,,,,,,,,title_abstract,
https://openalex.org/W3049137723,,,,,,,,,,,,,,title_abstract,
https://openalex.org/W3049576138,,,,,,,,,,,,,,title_abstract,
https://openalex.org/W3049696304,,,,,,,,,,,,,,title_abstract,
https://openalex.org/W3062691301,,,,,,,,,,,,,,title_abstract,
https://openalex.org/W3073310447,,,,,,,,,,,,,,title_abstract,
https://openalex.org/W3077788306,,,,,,,,,,,,,,title_abstract,
https://openalex.org/W3080074869,,,,,,,,,,,,,,title_abstract,
https://openalex.org/W3080078277,,,,,,,,,,,,,,title_abstract,
https://openalex.org/W3080413620,,,,,,,,,,,,,,title_abstract,
https://openalex.org/W3080793707,technology_indicators,,,,,,,4.2,no,,,,,candidate_screen,"did not meet inclusion criteria at screening (cross-national scope, explicit technology indicator, or biophysical outcome)"
https://openalex.org/W3080850104,,,,,,,,,,,,,,title_abstract,
https://openalex.org/W3080861472,,,,,,,,,,,,,,title_abstract,
https://openalex.org/W3080904170,,,,,,,,,,,,,,title_abstract,
https://openalex.org/W3080964389,,,,,,,,,,,,,,title_abstract,
https://openalex.org/W3081098895,,,,,,,,,,,,,,title_abstract,
https://openalex.org/W3081381803,,,,,,,,,,,,,,title_abstract,
https://openalex.org/W3081396469,,,,,,,,,,,,,,title_abstract,
https://openalex.org/W3081752082,,,,,,,,,,,,,,title_abstract,
https://openalex.org/W3082005054,,,,,,,,,,,,,,title_abstract,
https://openalex.org/W3082114169,,,,,,,,,,,,,,title_abstract,
https://openalex.org/W3082429976,,,,,,,,,,,,,,title_abstract,
https://openalex.org/W3082833260,,,,,,,,,,,,,,title_abstract,
https://openalex.org/W3082960231,,,,,,,,,,,,,,title_abstract,
https://openalex.org/W3082984159,,,,,,,,,,,,,,title_abstract,
https://openalex.org/W3083054972,,,,,,,,,,,,,,title_abstract,
https://openalex.org/W3083059792,,,,,,,,,,,,,,title_abstract,
https://openalex.org/W3083185741,,,,,,,,,,,,,,title_abstract,
https://openalex.org/W3083280272,displacement,,none,not_applicable,linked,yes,no,5,yes,,MRIO accounting (Eora),"global, 1990-2015",embodied materials/energy/labour/land,full_text,
https://openalex.org/W3083466835,,,,,,,,,,,,,,title_abstract,
https://openalex.org/W3083644226,,,,,,,,,,,,,,title_abstract,
https://openalex.org/W3083910680,,,,,,,,,,,,,,title_abstract,
https://openalex.org/W3084078201,,,,,,,,,,,,,,title_abstract,
https://openalex.org/W3084198316,,,,,,,,,,,,,,title_abstract,
https://openalex.org/W3084311030,,,,,,,,,,,,,,title_abstract,
https://openalex.org/W3084325419,,,,,,,,,,,,,,title_abstract,
https://openalex.org/W3084995745,,,,,,,,,,,,,,title_abstract,
https://openalex.org/W3085028108,,,,,,,,,,,,,,title_abstract,
https://openalex.org/W3085467616,,,,,,,,,,,,,,title_abstract,
https://openalex.org/W3086847796,tech_material,,,,,,,4.1,no,,,,,candidate_screen,"did not meet inclusion criteria at screening (cross-national scope, explicit technology indicator, or biophysical outcome)"
https://openalex.org/W3087040116,,,,,,,,,,,,,,title_abstract,
https://openalex.org/W3087275929,,,,,,,,,,,,,,title_abstract,
https://openalex.org/W3087293280,,,,,,,,,,,,,,title_abstract,
https://openalex.org/W3087450190,,,,,,,,,,,,,,title_abstract,
https://openalex.org/W3087740874,,,,,,,,,,,,,,title_abstract,
https://openalex.org/W3087978463,,,,,,,,,,,,,,title_abstract,
https://openalex.org/W3088280835,,,,,,,,,,,,,,title_abstract,
https://openalex.org/W3088462158,,,,,,,,,,,,,,title_abstract,
https://openalex.org/W3088697090,,,,,,,,,,,,,,title_abstract,
https://openalex.org/W3088732120,,,,,,,,,,,,,,title_abstract,
https://openalex.org/W3088884426,,,,,,,,,,,,,,title_abstract,
https://openalex.org/W3088889790,,,,,,,,,,,,,,title_abstract,
https://openalex.org/W3088943958,,,,,,,,,,,,,,title_abstract,
https://openalex.org/W3089093778,,,,,,,,,,,,,,title_abstract,
https://openalex.org/W3089215304,,,,,,,,,,,,,,title_abstract,
https://openalex.org/W3089332178,,,,,,,,,,,,,,title_abstract,
https://openalex.org/W3089787740,,,,,,,,,,,,,,title_abstract,
https://openalex.org/W3089837352,,,,,,,,,,,,,,title_abstract,
https://openalex.org/W3090001233,,,,,,,,,,,,,,title_abstract,
https://openalex.org/W3090228490,,,,,,,,,no,,,,,candidate_screen,"did not meet inclusion criteria at screening (cross-national scope, explicit technology indicator, or biophysical outcome)"
https://openalex.org/W3090263972,,,,,,,,,,,,,,title_abstract,
https://openalex.org/W3090415216,,,,,,,,,,,,,,title_abstract,
https://openalex.org/W3090728776,,,,,,,,,,,,,,title_abstract,
https://openalex.org/W3090905803,,,,,,,,,,,,,,title_abstract,
https://openalex.org/W3091763402,,,,,,,,,,,,,,title_abstract,
https://openalex.org/W3091806113,,,,,,,,,,,,,,title_abstract,
https://openalex.org/W3091916148,,,,,,,,,,,,,,title_abstract,
https://openalex.org/W3091965243,,,,,,,,,,,,,,title_abstract,
https://openalex.org/W3092079165,,,,,,,,,,,,,,title_abstract,
https://openalex.org/W3092079511,,,,,,,,,,,,,,title_abstract,
https://openalex.org/W3092119342,,,,,,,,,,,,,,title_abstract,
https://openalex.org/W3092149276,,,,,,,,,,,,,,title_abstract,
https://openalex.org/W3092181091,,,,,,,,,,,,,,title_abstract,
https://openalex.org/W3092189602,,,,,,,,,,,,,,title_abstract,
https://openalex.org/W3092211605,,,,,,,,,,,,,,title_abstract,
https://openalex.org/W3092278466,,,,,,,,,,,,,,title_abstract,
https://openalex.org/W3092296592,,,,,,,,,,,,,,title_abstract,
https://openalex.org/W3092306643,,,,,,,,,,,,,,title_abstract,
https://openalex.org/W3092310584,,,,,,,,,,,,,,title_abstract,
https://openalex.org/W3092345588,tech_material,,ICT diffusion,no_independent_effect,dominant,not_tested,no,4.2,yes,,panel 2005-2017,28 European countries,DMC,full_text,
https://openalex.org/W3092405529,,,,,,,,,,,,,,title_abstract,
https://openalex.org/W3092413284,,,,,,,,,,,,,,title_abstract,
https://openalex.org/W3092460709,,,,,,,,,,,,,,title_abstract,
https://openalex.org/W3092525073,,,,,,,,,,,,,,title_abstract,
https://openalex.org/W3092603644,,,,,,,,,,,,,,title_abstract,
https://openalex.org/W3092619818,,,,,,,,,,,,,,title_abstract,
https://openalex.org/W3092621118,,,,,,,,,,,,,,title_abstract,
https://openalex.org/W3092843175,,,,,,,,,,,,,,title_abstract,
https://openalex.org/W3093023762,,,,,,,,,,,,,,title_abstract,
https://openalex.org/W3093146375,,,,,,,,,,,,,,title_abstract,
https://openalex.org/W3093182151,,,,,,,,,,,,,,title_abstract,
https://openalex.org/W3093215719,,,,,,,,,,,,,,title_abstract,
https://openalex.org/W3093237567,,,,,,,,,,,,,,title_abstract,
https://openalex.org/W3093240894,,,,,,,,,,,,,,title_abstract,
https://openalex.org/W3093241814,,,,,,,,,,,,,,title_abstract,
https://openalex.org/W3093297310,,,,,,,,,,,,,,title_abstract,
https://openalex.org/W3093409671,,,,,,,,,,,,,,title_abstract,
https://openalex.org/W3093574855,,,,,,,,,,,,,,title_abstract,
https://openalex.org/W3093678459,,,,,,,,,,,,,,title_abstract,
https://openalex.org/W3093695356,,,,,,,,,,,,,,title_abstract,
https://openalex.org/W3093774276,,,,,,,,,,,,,,title_abstract,
https://openalex.org/W3094012240,,,,,,,,,,,,,,title_abstract,
https://openalex.org/W3094146600,,,,,,,,,,,,,,title_abstract,
https://openalex.org/W3094207033,,,,,,,,,,,,,,title_abstract,
https://openalex.org/W3094287697,,,,,,,,,,,,,,title_abstract,
https://openalex.org/W3094408911,,,,,,,,,,,,,,title_abstract,
https://openalex.org/W3094451639,,,,,,,,,,,,,,title_abstract,
https://openalex.org/W3094625357,,,,,,,,,,,,,,title_abstract,
https://openalex.org/W3094805058,,,,,,,,,,,,,,title_abstract,
https://openalex.org/W3095585857,,,,,,,,,,,,,,title_abstract,
https://openalex.org/W3095855805,,,,,,,,,,,,,,title_abstract,
https://openalex.org/W3096030299,,,,,,,,,,,,,,title_abstract,
https://openalex.org/W3096070418,,,,,,,,,,,,,,title_abstract,
https://openalex.org/W3096488352,,,,,,,,,,,,,,title_abstract,
https://openalex.org/W3096601081,,,,,,,,,,,,,,title_abstract,
https://openalex.org/W3096751151,,,,,,,,,,,,,,title_abstract,
https://openalex.org/W3096979474,,,,,,,,,,,,,,title_abstract,
https://openalex.org/W3097098960,,,,,,,,,,,,,,title_abstract,
https://openalex.org/W3097215057,,,,,,,,,,,,,,title_abstract,
https://openalex.org/W3097286540,,,,,,,,,,,,,,title_abstract,
https://openalex.org/W3097377440,,,,,,,,,,,,,,title_abstract,
https://openalex.org/W3097453793,,,,,,,,,,,,,,title_abstract,
https://openalex.org/W3098883967,,,,,,,,,,,,,,title_abstract,
https://openalex.org/W3099101154,,,,,,,,,,,,,,title_abstract,
https://openalex.org/W3101013372,,,,,,,,,,,,,,title_abstract,
https://openalex.org/W3102307104,,,,,,,,,,,,,,title_abstract,
https://openalex.org/W3103498539,,,,,,,,,,,,,,title_abstract,
https://openalex.org/W3103720642,,,,,,,,,,,,,,title_abstract,
https://openalex.org/W3104558197,,,,,,,,,,,,,,title_abstract,
https://openalex.org/W3105349321,,,,,,,,,,,,,,title_abstract,
https://openalex.org/W3105397511,,,,,,,,,,,,,,title_abstract,
https://openalex.org/W3106126783,,,,,,,,,,,,,,title_abstract,
https://openalex.org/W3106564867,,,,,,,,,,,,,,title_abstract,
https://openalex.org/W3106574417,,,,,,,,,,,,,,title_abstract,
https://openalex.org/W3106580083,,,,,,,,,,,,,,title_abstract,
https://openalex.org/W3106848731,,,,,,,,,,,,,,title_abstract,
https://openalex.org/W3107038690,,,,,,,,,,,,,,title_abstract,
https://openalex.org/W3107048385,,,,,,,,,,,,,,title_abstract,
https://openalex.org/W3107175289,,,,,,,,,,,,,,title_abstract,
https://openalex.org/W3107308276,,,,,,,,,,,,,,title_abstract,
https://openalex.org/W3107562269,,,,,,,,,,,,,,title_abstract,
https://openalex.org/W3107588161,,,,,,,,,,,,,,title_abstract,
https://openalex.org/W3107621447,,,,,,,,,,,,,,title_abstract,
https://openalex.org/W3107709507,,,,,,,,,,,,,,title_abstract,
https://openalex.org/W3108083693,,,,,,,,,,,,,,title_abstract,
https://openalex.org/W3108368761,,,,,,,,,,,,,,title_abstract,
https://openalex.org/W3108549282,,,,,,,,,,,,,,title_abstract,
https://openalex.org/W3108622850,,,,,,,,,,,,,,title_abstract,
https://openalex.org/W3108920563,,,,,,,,,,,,,,title_abstract,
https://openalex.org/W3109283012,,,,,,,,,,,,,,title_abstract,
https://openalex.org/W3109596871,,,,,,,,,,,,,,title_abstract,
https://openalex.org/W3109760348,,,,,,,,,,,,,,title_abstract,
https://openalex.org/W3109968306,,,,,,,,,,,,,,title_abstract,
https://openalex.org/W3110345540,,,,,,,,,,,,,,title_abstract,
https://openalex.org/W3110428230,,,,,,,,,,,,,,title_abstract,
https://openalex.org/W3110598736,,,,,,,,,,,,,,title_abstract,
https://openalex.org/W3110900536,,,,,,,,,,,,,,title_abstract,
https://openalex.org/W3111203462,,,,,,,,,,,,,,title_abstract,
https://openalex.org/W3111205846,,,,,,,,,,,,,,title_abstract,
https://openalex.org/W3111354858,,,,,,,,,,,,,,title_abstract,
https://openalex.org/W3111438812,,,,,,,,,,,,,,title_abstract,
https://openalex.org/W3111644277,,,,,,,,,,,,,,title_abstract,
https://openalex.org/W3111756156,technology_indicators,,,,,,,4.2,no,,,,,candidate_screen,"did not meet inclusion criteria at screening (cross-national scope, explicit technology indicator, or biophysical outcome)"
https://openalex.org/W3111836618,,,,,,,,,,,,,,title_abstract,
https://openalex.org/W3111857226,,,,,,,,,,,,,,title_abstract,
https://openalex.org/W3111864906,,,,,,,,,,,,,,title_abstract,
https://openalex.org/W3111969132,,,,,,,,,,,,,,title_abstract,
https://openalex.org/W3112140862,,,,,,,,,,,,,,title_abstract,
https://openalex.org/W3112545416,,,,,,,,,,,,,,title_abstract,
https://openalex.org/W3112767094,,,,,,,,,,,,,,title_abstract,
https://openalex.org/W3113007429,,,,,,,,,,,,,,title_abstract,
https://openalex.org/W3113023050,,,,,,,,,,,,,,title_abstract,
https://openalex.org/W3113061488,,,,,,,,,,,,,,title_abstract,
https://openalex.org/W3113104665,,,,,,,,,,,,,,title_abstract,
https://openalex.org/W3113219147,,,,,,,,,,,,,,title_abstract,
https://openalex.org/W3113242907,,,,,,,,,,,,,,title_abstract,
https://openalex.org/W3113253028,,,,,,,,,,,,,,title_abstract,
https://openalex.org/W3113385863,,,,,,,,,,,,,,title_abstract,
https://openalex.org/W3113664488,,,,,,,,,,,,,,title_abstract,
https://openalex.org/W3114042982,,,,,,,,,,,,,,title_abstract,
https://openalex.org/W3114096387,,,,,,,,,,,,,,title_abstract,
https://openalex.org/W3114393045,,,,,,,,,,,,,,title_abstract,
https://openalex.org/W3115876367,,,,,,,,,,,,,,title_abstract,
https://openalex.org/W3116100595,,,,,,,,,,,,,,title_abstract,
https://openalex.org/W3116709441,,,,,,,,,,,,,,title_abstract,
https://openalex.org/W3116934262,,,,,,,,,,,,,,title_abstract,
https://openalex.org/W3117661467,,,,,,,,,,,,,,title_abstract,
https://openalex.org/W3118651707,,,,,,,,,,,,,,title_abstract,
https://openalex.org/W3118694283,,,,,,,,,,,,,,title_abstract,
https://openalex.org/W3118907176,,,,,,,,,,,,,,title_abstract,
https://openalex.org/W3118912950,,,,,,,,,,,,,,title_abstract,
https://openalex.org/W3119209496,,,,,,,,,,,,,,title_abstract,
https://openalex.org/W3119605326,,,,,,,,,,,,,,title_abstract,
https://openalex.org/W3119609160,,,,,,,,,,,,,,title_abstract,
https://openalex.org/W3119646565,technology_indicators,,,,,,,4.2,no,,,,,candidate_screen,"did not meet inclusion criteria at screening (cross-national scope, explicit technology indicator, or biophysical outcome)"
https://openalex.org/W3119694155,,,,,,,,,,,,,,title_abstract,
https://openalex.org/W3120160719,,,,,,,,,,,,,,title_abstract,
https://openalex.org/W3120396227,,,,,,,,,,,,,,title_abstract,
https://openalex.org/W3121196455,,,,,,,,,,,,,,title_abstract,
https://openalex.org/W3121257677,,,,,,,,,,,,,,title_abstract,
https://openalex.org/W3121593626,,,,,,,,,,,,,,title_abstract,
https://openalex.org/W3122081083,,,,,,,,,,,,,,title_abstract,
https://openalex.org/W3122110164,,,,,,,,,,,,,,title_abstract,
https://openalex.org/W3122267697,,,,,,,,,,,,,,title_abstract,
https://openalex.org/W3122320331,,,,,,,,,,,,,,title_abstract,
https://openalex.org/W3122473978,,,,,,,,,,,,,,title_abstract,
https://openalex.org/W3122570896,,,,,,,,,,,,,,title_abstract,
https://openalex.org/W3122573849,,,,,,,,,,,,,,title_abstract,
https://openalex.org/W3122648297,,,,,,,,,,,,,,title_abstract,
https://openalex.org/W3122788154,,,,,,,,,,,,,,title_abstract,
https://openalex.org/W3122929643,,,,,,,,,,,,,,title_abstract,
https://openalex.org/W3122981660,,,,,,,,,,,,,,title_abstract,
https://openalex.org/W3123180041,,,,,,,,,,,,,,title_abstract,
https://openalex.org/W3123526696,,,,,,,,,,,,,,title_abstract,
https://openalex.org/W3123601655,,,,,,,,,,,,,,title_abstract,
https://openalex.org/W3123694143,,,,,,,,,,,,,,title_abstract,
https://openalex.org/W3124038588,,,,,,,,,,,,,,title_abstract,
https://openalex.org/W3124276400,,,,,,,,,,,,,,title_abstract,
https://openalex.org/W3124381801,,,,,,,,,,,,,,title_abstract,
https://openalex.org/W3124955924,,,,,,,,,,,,,,title_abstract,
https://openalex.org/W3125077876,,,,,,,,,,,,,,title_abstract,
https://openalex.org/W3125591068,,,,,,,,,,,,,,title_abstract,
https://openalex.org/W3125847417,,,,,,,,,,,,,,title_abstract,
https://openalex.org/W3126488169,,,,,,,,,,,,,,title_abstract,
https://openalex.org/W3126515851,,,,,,,,,,,,,,title_abstract,
https://openalex.org/W3126516874,,,,,,,,,,,,,,title_abstract,
https://openalex.org/W3126541356,,,,,,,,,,,,,,title_abstract,
https://openalex.org/W3127208098,,,,,,,,,,,,,,title_abstract,
https://openalex.org/W3127256893,,,,,,,,,,,,,,title_abstract,
https://openalex.org/W3127305070,,,,,,,,,,,,,,title_abstract,
https://openalex.org/W3127330845,,,,,,,,,,,,,,title_abstract,
https://openalex.org/W3127637765,,,,,,,,,,,,,,title_abstract,
https://openalex.org/W3127848497,,,,,,,,,,,,,,title_abstract,
https://openalex.org/W3127860459,,,,,,,,,,,,,,title_abstract,
https://openalex.org/W3127913593,,,,,,,,,,,,,,title_abstract,
https://openalex.org/W3127993532,,,,,,,,,,,,,,title_abstract,
https://openalex.org/W3128150811,,,,,,,,,,,,,,title_abstract,
https://openalex.org/W3128164993,,,,,,,,,,,,,,title_abstract,
https://openalex.org/W3128413215,,,,,,,,,,,,,,title_abstract,
https://openalex.org/W3128534642,,,,,,,,,,,,,,title_abstract,
https://openalex.org/W3128585792,,,,,,,,,,,,,,title_abstract,
https://openalex.org/W3128590197,,,,,,,,,,,,,,title_abstract,
https://openalex.org/W3128991446,,,,,,,,,,,,,,title_abstract,
https://openalex.org/W3129028597,,,,,,,,,,,,,,title_abstract,
https://openalex.org/W3129084528,,,,,,,,,,,,,,title_abstract,
https://openalex.org/W3129366383,,,,,,,,,,,,,,title_abstract,
https://openalex.org/W3129480077,,,,,,,,,,,,,,title_abstract,
https://openalex.org/W3129603369,,,,,,,,,,,,,,title_abstract,
https://openalex.org/W3129623606,,,,,,,,,,,,,,title_abstract,
https://openalex.org/W3129645497,,,,,,,,,,,,,,title_abstract,
https://openalex.org/W3129663696,,,,,,,,,,,,,,title_abstract,
https://openalex.org/W3129727108,,,,,,,,,,,,,,title_abstract,
https://openalex.org/W3129969154,,,,,,,,,,,,,,title_abstract,
https://openalex.org/W3129998045,,,,,,,,,,,,,,title_abstract,
https://openalex.org/W3130276205,,,,,,,,,,,,,,title_abstract,
https://openalex.org/W3130316293,,,,,,,,,,,,,,title_abstract,
https://openalex.org/W3130481019,,,,,,,,,,,,,,title_abstract,
https://openalex.org/W3130507431,,,,,,,,,,,,,,title_abstract,
https://openalex.org/W3130739571,,,,,,,,,,,,,,title_abstract,
https://openalex.org/W3131487350,,,,,,,,,,,,,,title_abstract,
https://openalex.org/W3131590295,,,,,,,,,,,,,,title_abstract,
https://openalex.org/W3132132623,,,,,,,,,,,,,,title_abstract,
https://openalex.org/W3132250373,,,,,,,,,,,,,,title_abstract,
https://openalex.org/W3132483371,,,,,,,,,,,,,,title_abstract,
https://openalex.org/W3132688225,,,,,,,,,,,,,,title_abstract,
https://openalex.org/W3132873551,,,,,,,,,,,,,,title_abstract,
https://openalex.org/W3133544137,,,,,,,,,,,,,,title_abstract,
https://openalex.org/W3133651327,,,,,,,,,,,,,,title_abstract,
https://openalex.org/W3134227409,,,,,,,,,,,,,,title_abstract,
https://openalex.org/W3134280505,,,,,,,,,,,,,,title_abstract,
https://openalex.org/W3134281945,,,,,,,,,,,,,,title_abstract,
https://openalex.org/W3134432503,,,,,,,,,,,,,,title_abstract,
https://openalex.org/W3134476194,,,,,,,,,,,,,,title_abstract,
https://openalex.org/W3134526661,tech_material,,,,,,,4.1,no,,,,,candidate_screen,"did not meet inclusion criteria at screening (cross-national scope, explicit technology indicator, or biophysical outcome)"
https://openalex.org/W3134546662,,,,,,,,,,,,,,title_abstract,
https://openalex.org/W3135066469,,,,,,,,,,,,,,title_abstract,
https://openalex.org/W3135259776,,,,,,,,,,,,,,title_abstract,
https://openalex.org/W3135313201,,,,,,,,,,,,,,title_abstract,
https://openalex.org/W3135322487,,,,,,,,,,,,,,title_abstract,
https://openalex.org/W3135445488,,,,,,,,,,,,,,title_abstract,
https://openalex.org/W3135539146,,,,,,,,,,,,,,title_abstract,
https://openalex.org/W3136124754,,,,,,,,,,,,,,title_abstract,
https://openalex.org/W3136209751,,,,,,,,,,,,,,title_abstract,
https://openalex.org/W3136300347,,,,,,,,,,,,,,title_abstract,
https://openalex.org/W3136393451,,,,,,,,,,,,,,title_abstract,
https://openalex.org/W3136439803,,,,,,,,,,,,,,title_abstract,
https://openalex.org/W3136463362,,,,,,,,,,,,,,title_abstract,
https://openalex.org/W3136483650,,,,,,,,,,,,,,title_abstract,
https://openalex.org/W3136577694,,,,,,,,,,,,,,title_abstract,
https://openalex.org/W3136585308,,,,,,,,,,,,,,title_abstract,
https://openalex.org/W3136594673,,,,,,,,,,,,,,title_abstract,
https://openalex.org/W3136797947,,,,,,,,,,,,,,title_abstract,
https://openalex.org/W3136979834,,,,,,,,,,,,,,title_abstract,
https://openalex.org/W3136983769,,,,,,,,,,,,,,title_abstract,
https://openalex.org/W3137024605,,,,,,,,,,,,,,title_abstract,
https://openalex.org/W3137079816,,,,,,,,,,,,,,title_abstract,
https://openalex.org/W3137407148,,,,,,,,,,,,,,title_abstract,
https://openalex.org/W3137562708,,,,,,,,,,,,,,title_abstract,
https://openalex.org/W3137809225,,,,,,,,,,,,,,title_abstract,
https://openalex.org/W3137988112,,,,,,,,,,,,,,title_abstract,
https://openalex.org/W3138253545,,,,,,,,,,,,,,title_abstract,
https://openalex.org/W3138272627,,,,,,,,,,,,,,title_abstract,
https://openalex.org/W3138302060,,,,,,,,,,,,,,title_abstract,
https://openalex.org/W3138354625,,,,,,,,,,,,,,title_abstract,
https://openalex.org/W3138924974,,,,,,,,,,,,,,title_abstract,
https://openalex.org/W3139228187,,,,,,,,,,,,,,title_abstract,
https://openalex.org/W3139724997,,,,,,,,,,,,,,title_abstract,
https://openalex.org/W3141053417,,,,,,,,,,,,,,title_abstract,
https://openalex.org/W3141607326,,,,,,,,,,,,,,title_abstract,
https://openalex.org/W3142187715,,,,,,,,,,,,,,title_abstract,
https://openalex.org/W3142625486,,,,,,,,,,,,,,title_abstract,
https://openalex.org/W3143580710,,,,,,,,,,,,,,title_abstract,
https://openalex.org/W3145006061,,,,,,,,,,,,,,title_abstract,
https://openalex.org/W3145233143,,,,,,,,,,,,,,title_abstract,
https://openalex.org/W3146691532,,,,,,,,,,,,,,title_abstract,
https://openalex.org/W3147174524,,,,,,,,,,,,,,title_abstract,
https://openalex.org/W3147986598,,,,,,,,,,,,,,title_abstract,
https://openalex.org/W3148376529,,,,,,,,,,,,,,title_abstract,
https://openalex.org/W3148602223,,,,,,,,,,,,,,title_abstract,
https://openalex.org/W3148629503,,,,,,,,,,,,,,title_abstract,
https://openalex.org/W3148657662,technology_indicators,,,,,,,4.2,no,,,,,candidate_screen,"did not meet inclusion criteria at screening (cross-national scope, explicit technology indicator, or biophysical outcome)"
https://openalex.org/W3148901153,,,,,,,,,,,,,,title_abstract,
https://openalex.org/W3149749205,,,,,,,,,,,,,,title_abstract,
https://openalex.org/W3150336188,,,,,,,,,,,,,,title_abstract,
https://openalex.org/W3150895847,,,,,,,,,,,,,,title_abstract,
https://openalex.org/W3152101971,,,,,,,,,,,,,,title_abstract,
https://openalex.org/W3152553079,,,,,,,,,,,,,,title_abstract,
https://openalex.org/W3152769561,,,,,,,,,,,,,,title_abstract,
https://openalex.org/W3152777674,,,,,,,,,,,,,,title_abstract,
https://openalex.org/W3153038573,,,,,,,,,,,,,,title_abstract,
https://openalex.org/W3153107167,,,,,,,,,,,,,,title_abstract,
https://openalex.org/W3153328997,,,,,,,,,,,,,,title_abstract,
https://openalex.org/W3153379120,,,,,,,,,,,,,,title_abstract,
https://openalex.org/W3153388452,,,,,,,,,,,,,,title_abstract,
https://openalex.org/W3153467763,,,,,,,,,,,,,,title_abstract,
https://openalex.org/W3153619746,,,,,,,,,,,,,,title_abstract,
https://openalex.org/W3153637827,,,,,,,,,,,,,,title_abstract,
https://openalex.org/W3153805634,,,,,,,,,,,,,,title_abstract,
https://openalex.org/W3153879679,,,,,,,,,,,,,,title_abstract,
https://openalex.org/W3153904132,,,,,,,,,,,,,,title_abstract,
https://openalex.org/W3154103326,,,,,,,,,,,,,,title_abstract,
https://openalex.org/W3154639332,,,,,,,,,,,,,,title_abstract,
https://openalex.org/W3154787182,,,,,,,,,,,,,,title_abstract,
https://openalex.org/W3154800950,,,,,,,,,,,,,,title_abstract,
https://openalex.org/W3154865069,,,,,,,,,,,,,,title_abstract,
https://openalex.org/W3155070712,,,,,,,,,,,,,,title_abstract,
https://openalex.org/W3155115631,,,,,,,,,,,,,,title_abstract,
https://openalex.org/W3155489015,,,,,,,,,,,,,,title_abstract,
https://openalex.org/W3155615762,,,,,,,,,,,,,,title_abstract,
https://openalex.org/W3155776265,,,,,,,,,,,,,,title_abstract,
https://openalex.org/W3156012754,,,,,,,,,,,,,,title_abstract,
https://openalex.org/W3156133767,,,,,,,,,,,,,,title_abstract,
https://openalex.org/W3156432632,,,,,,,,,,,,,,title_abstract,
https://openalex.org/W3156725840,,,,,,,,,,,,,,title_abstract,
https://openalex.org/W3156795555,,,,,,,,,,,,,,title_abstract,
https://openalex.org/W3157072599,,,,,,,,,,,,,,title_abstract,
https://openalex.org/W3157158669,,,,,,,,,,,,,,title_abstract,
https://openalex.org/W3157915774,,,,,,,,,,,,,,title_abstract,
https://openalex.org/W3158028766,,,,,,,,,,,,,,title_abstract,
https://openalex.org/W3158273190,,,,,,,,,,,,,,title_abstract,
https://openalex.org/W3158357160,,,,,,,,,,,,,,title_abstract,
https://openalex.org/W3158628160,,,,,,,,,,,,,,title_abstract,
https://openalex.org/W3158938486,,,,,,,,,,,,,,title_abstract,
https://openalex.org/W3159030236,,,,,,,,,,,,,,title_abstract,
https://openalex.org/W3159046368,,,,,,,,,,,,,,title_abstract,
https://openalex.org/W3159228194,,,,,,,,,,,,,,title_abstract,
https://openalex.org/W3159254601,,,,,,,,,,,,,,title_abstract,
https://openalex.org/W3159275532,,,,,,,,,,,,,,title_abstract,
https://openalex.org/W3159326540,,,,,,,,,,,,,,title_abstract,
https://openalex.org/W3159729536,,,,,,,,,,,,,,title_abstract,
https://openalex.org/W3159774868,,,,,,,,,,,,,,title_abstract,
https://openalex.org/W3159812008,,,,,,,,,,,,,,title_abstract,
https://openalex.org/W3159899751,,,,,,,,,,,,,,title_abstract,
https://openalex.org/W3159929271,,,,,,,,,,,,,,title_abstract,
https://openalex.org/W3159966055,,,,,,,,,,,,,,title_abstract,
https://openalex.org/W3159974855,,,,,,,,,,,,,,title_abstract,
https://openalex.org/W3160017585,,,,,,,,,,,,,,title_abstract,
https://openalex.org/W3160204869,,,,,,,,,,,,,,title_abstract,
https://openalex.org/W3160286356,,,,,,,,,,,,,,title_abstract,
https://openalex.org/W3160710616,,,,,,,,,,,,,,title_abstract,
https://openalex.org/W3161205446,,,,,,,,,,,,,,title_abstract,
https://openalex.org/W3161336800,,,,,,,,,,,,,,title_abstract,
https://openalex.org/W3161406099,,,,,,,,,,,,,,title_abstract,
https://openalex.org/W3161420851,,,,,,,,,,,,,,title_abstract,
https://openalex.org/W3161606329,,,,,,,,,,,,,,title_abstract,
https://openalex.org/W3161733161,,,,,,,,,,,,,,title_abstract,
https://openalex.org/W3161998989,,,,,,,,,,,,,,title_abstract,
https://openalex.org/W3162395326,,,,,,,,,,,,,,title_abstract,
https://openalex.org/W3163078683,,,,,,,,,,,,,,title_abstract,
https://openalex.org/W3163326544,,,,,,,,,,,,,,title_abstract,
https://openalex.org/W3163557091,,,,,,,,,,,,,,title_abstract,
https://openalex.org/W3163764344,,,,,,,,,,,,,,title_abstract,
https://openalex.org/W3163766566,,,,,,,,,,,,,,title_abstract,
https://openalex.org/W3163829343,tech_material,,,,,,,4.1,no,,,,,candidate_screen,"did not meet inclusion criteria at screening (cross-national scope, explicit technology indicator, or biophysical outcome)"
https://openalex.org/W3164119676,,,,,,,,,,,,,,title_abstract,
https://openalex.org/W3164210768,,,,,,,,,,,,,,title_abstract,
https://openalex.org/W3164243789,,,,,,,,,,,,,,title_abstract,
https://openalex.org/W3164854243,,,,,,,,,,,,,,title_abstract,
https://openalex.org/W3164912100,,,,,,,,,,,,,,title_abstract,
https://openalex.org/W3164960502,,,,,,,,,,,,,,title_abstract,
https://openalex.org/W3165061839,,,,,,,,,,,,,,title_abstract,
https://openalex.org/W3165457191,,,,,,,,,,,,,,title_abstract,
https://openalex.org/W3165494894,,,,,,,,,,,,,,title_abstract,
https://openalex.org/W3165554281,,,,,,,,,,,,,,title_abstract,
https://openalex.org/W3165641867,,,,,,,,,,,,,,title_abstract,
https://openalex.org/W3165837049,,,,,,,,,,,,,,title_abstract,
https://openalex.org/W3165850867,,,,,,,,,,,,,,title_abstract,
https://openalex.org/W3166490016,,,,,,,,,,,,,,title_abstract,
https://openalex.org/W3166627610,,,,,,,,,,,,,,title_abstract,
https://openalex.org/W3166965206,,,,,,,,,,,,,,title_abstract,
https://openalex.org/W3167136295,,,,,,,,,,,,,,title_abstract,
https://openalex.org/W3167390217,,,,,,,,,,,,,,title_abstract,
https://openalex.org/W3167530827,,,,,,,,,,,,,,title_abstract,
https://openalex.org/W3167675819,,,,,,,,,,,,,,title_abstract,
https://openalex.org/W3167729980,,,,,,,,,,,,,,title_abstract,
https://openalex.org/W3167937607,,,,,,,,,,,,,,title_abstract,
https://openalex.org/W3168025553,,,,,,,,,,,,,,title_abstract,
https://openalex.org/W3168246180,,,,,,,,,,,,,,title_abstract,
https://openalex.org/W3168266159,,,,,,,,,,,,,,title_abstract,
https://openalex.org/W3168386798,,,,,,,,,,,,,,title_abstract,
https://openalex.org/W3168667222,,,,,,,,,,,,,,title_abstract,
https://openalex.org/W3168705876,,,,,,,,,,,,,,title_abstract,
https://openalex.org/W3170611636,,,,,,,,,,,,,,title_abstract,
https://openalex.org/W3171173869,,,,,,,,,,,,,,title_abstract,
https://openalex.org/W3171238805,,,,,,,,,,,,,,title_abstract,
https://openalex.org/W3171591598,,,,,,,,,,,,,,title_abstract,
https://openalex.org/W3171602300,,,,,,,,,,,,,,title_abstract,
https://openalex.org/W3171754586,,,,,,,,,,,,,,title_abstract,
https://openalex.org/W3172011452,,,,,,,,,,,,,,title_abstract,
https://openalex.org/W3172022253,,,,,,,,,,,,,,title_abstract,
https://openalex.org/W3172203135,,,,,,,,,,,,,,title_abstract,
https://openalex.org/W3172328771,,,,,,,,,,,,,,title_abstract,
https://openalex.org/W3172997754,,,,,,,,,,,,,,title_abstract,
https://openalex.org/W3173126492,tech_material,,,,,,,4.1,no,,,,,candidate_screen,"did not meet inclusion criteria at screening (cross-national scope, explicit technology indicator, or biophysical outcome)"
https://openalex.org/W3173233589,,,,,,,,,,,,,,title_abstract,
https://openalex.org/W3173305409,,,,,,,,,,,,,,title_abstract,
https://openalex.org/W3173352658,,,,,,,,,,,,,,title_abstract,
https://openalex.org/W3173791564,,,,,,,,,,,,,,title_abstract,
https://openalex.org/W3173915161,,,,,,,,,,,,,,title_abstract,
https://openalex.org/W3174009970,,,,,,,,,,,,,,title_abstract,
https://openalex.org/W3174144098,,,,,,,,,,,,,,title_abstract,
https://openalex.org/W3174145429,,,,,,,,,,,,,,title_abstract,
https://openalex.org/W3174175492,,,,,,,,,,,,,,title_abstract,
https://openalex.org/W3174179289,technology_indicators,,,,,,,4.2,no,,,,,candidate_screen,"did not meet inclusion criteria at screening (cross-national scope, explicit technology indicator, or biophysical outcome)"
https://openalex.org/W3174185763,,,,,,,,,,,,,,title_abstract,
https://openalex.org/W3174406273,,,,,,,,,,,,,,title_abstract,
https://openalex.org/W3174898753,,,,,,,,,,,,,,title_abstract,
https://openalex.org/W3175071746,,,,,,,,,,,,,,title_abstract,
https://openalex.org/W3175094532,,,,,,,,,,,,,,title_abstract,
https://openalex.org/W3175363454,,,,,,,,,,,,,,title_abstract,
https://openalex.org/W3175572557,,,,,,,,,,,,,,title_abstract,
https://openalex.org/W3175634483,,,,,,,,,,,,,,title_abstract,
https://openalex.org/W3175677670,,,,,,,,,,,,,,title_abstract,
https://openalex.org/W3176309988,,,,,,,,,,,,,,title_abstract,
https://openalex.org/W3176696069,,,,,,,,,,,,,,title_abstract,
https://openalex.org/W3176741248,,,,,,,,,,,,,,title_abstract,
https://openalex.org/W3176745631,,,,,,,,,,,,,,title_abstract,
https://openalex.org/W3177112528,,,,,,,,,,,,,,title_abstract,
https://openalex.org/W3177198842,,,,,,,,,,,,,,title_abstract,
https://openalex.org/W3177554272,,,,,,,,,,,,,,title_abstract,
https://openalex.org/W3177834727,,,,,,,,,,,,,,title_abstract,
https://openalex.org/W3178051616,,,,,,,,,,,,,,title_abstract,
https://openalex.org/W3178067099,,,,,,,,,,,,,,title_abstract,
https://openalex.org/W3178673686,,,,,,,,,,,,,,title_abstract,
https://openalex.org/W3178827236,,,,,,,,,,,,,,title_abstract,
https://openalex.org/W3178908439,,,,,,,,,,,,,,title_abstract,
https://openalex.org/W3179143844,,,,,,,,,,,,,,title_abstract,
https://openalex.org/W3179328848,,,,,,,,,,,,,,title_abstract,
https://openalex.org/W3179537316,,,,,,,,,,,,,,title_abstract,
https://openalex.org/W3179604304,,,,,,,,,,,,,,title_abstract,
https://openalex.org/W3179997267,,,,,,,,,,,,,,title_abstract,
https://openalex.org/W3180193224,,,,,,,,,,,,,,title_abstract,
https://openalex.org/W3180345130,,,,,,,,,,,,,,title_abstract,
https://openalex.org/W3180448017,,,,,,,,,,,,,,title_abstract,
https://openalex.org/W3180471171,,,,,,,,,,,,,,title_abstract,
https://openalex.org/W3180530904,,,,,,,,,,,,,,title_abstract,
https://openalex.org/W3180679089,,,,,,,,,,,,,,title_abstract,
https://openalex.org/W3181465716,,,,,,,,,,,,,,title_abstract,
https://openalex.org/W3181884259,,,,,,,,,,,,,,title_abstract,
https://openalex.org/W3182547679,,,,,,,,,,,,,,title_abstract,
https://openalex.org/W3182885073,,,,,,,,,,,,,,title_abstract,
https://openalex.org/W3183256852,,,,,,,,,,,,,,title_abstract,
https://openalex.org/W3183353601,,,,,,,,,,,,,,title_abstract,
https://openalex.org/W3183392451,,,,,,,,,,,,,,title_abstract,
https://openalex.org/W3183471463,,,,,,,,,,,,,,title_abstract,
https://openalex.org/W3183599767,,,,,,,,,,,,,,title_abstract,
https://openalex.org/W3184139533,,,,,,,,,,,,,,title_abstract,
https://openalex.org/W3184212507,,,,,,,,,,,,,,title_abstract,
https://openalex.org/W3184231310,tech_material,,,,,,,4.1,no,,,,,candidate_screen,"did not meet inclusion criteria at screening (cross-national scope, explicit technology indicator, or biophysical outcome)"
https://openalex.org/W3184345730,,,,,,,,,,,,,,title_abstract,
https://openalex.org/W3184571843,,,,,,,,,,,,,,title_abstract,
https://openalex.org/W3185189421,,,,,,,,,,,,,,title_abstract,
https://openalex.org/W3185208021,,,,,,,,,,,,,,title_abstract,
https://openalex.org/W3185407092,,,,,,,,,,,,,,title_abstract,
https://openalex.org/W3185650148,,,,,,,,,,,,,,title_abstract,
https://openalex.org/W3185744784,,,,,,,,,,,,,,title_abstract,
https://openalex.org/W3185804540,,,,,,,,,,,,,,title_abstract,
https://openalex.org/W3186024554,,,,,,,,,,,,,,title_abstract,
https://openalex.org/W3186464508,,,,,,,,,,,,,,title_abstract,
https://openalex.org/W3186563525,,,,,,,,,,,,,,title_abstract,
https://openalex.org/W3186762777,,,,,,,,,,,,,,title_abstract,
https://openalex.org/W3186773089,,,,,,,,,,,,,,title_abstract,
https://openalex.org/W3186872377,,,,,,,,,,,,,,title_abstract,
https://openalex.org/W3187335033,,,,,,,,,,,,,,title_abstract,
https://openalex.org/W3187480562,,,,,,,,,,,,,,title_abstract,
https://openalex.org/W3187503925,,,,,,,,,,,,,,title_abstract,
https://openalex.org/W3187774949,,,,,,,,,,,,,,title_abstract,
https://openalex.org/W3187783150,,,,,,,,,,,,,,title_abstract,
https://openalex.org/W3187949645,affluence_confound,,,,,,,4.3,no,,,,,candidate_screen,"did not meet inclusion criteria at screening (cross-national scope, explicit technology indicator, or biophysical outcome)"
https://openalex.org/W3188335903,,,,,,,,,,,,,,title_abstract,
https://openalex.org/W3188391895,,,,,,,,,,,,,,title_abstract,
https://openalex.org/W3188407993,,,,,,,,,,,,,,title_abstract,
https://openalex.org/W3188774754,,,,,,,,,,,,,,title_abstract,
https://openalex.org/W3188806967,,,,,,,,,,,,,,title_abstract,
https://openalex.org/W3189515872,,,,,,,,,,,,,,title_abstract,
https://openalex.org/W3190167129,,,,,,,,,,,,,,title_abstract,
https://openalex.org/W3190540904,,,,,,,,,,,,,,title_abstract,
https://openalex.org/W3191226580,,,,,,,,,,,,,,title_abstract,
https://openalex.org/W3191806498,,,,,,,,,,,,,,title_abstract,
https://openalex.org/W3191809403,,,,,,,,,,,,,,title_abstract,
https://openalex.org/W3191991996,,,,,,,,,,,,,,title_abstract,
https://openalex.org/W3192423353,,,,,,,,,,,,,,title_abstract,
https://openalex.org/W3192486725,,,,,,,,,,,,,,title_abstract,
https://openalex.org/W3192535239,,,,,,,,,,,,,,title_abstract,
https://openalex.org/W3192565065,,,,,,,,,,,,,,title_abstract,
https://openalex.org/W3192640581,,,,,,,,,,,,,,title_abstract,
https://openalex.org/W3192811845,,,,,,,,,,,,,,title_abstract,
https://openalex.org/W3193064167,,,,,,,,,,,,,,title_abstract,
https://openalex.org/W3193942116,,,,,,,,,,,,,,title_abstract,
https://openalex.org/W3193957596,,,,,,,,,,,,,,title_abstract,
https://openalex.org/W3193996992,,,,,,,,,,,,,,title_abstract,
https://openalex.org/W3194039142,,,,,,,,,,,,,,title_abstract,
https://openalex.org/W3194146037,,,,,,,,,,,,,,title_abstract,
https://openalex.org/W3194254612,,,,,,,,,,,,,,title_abstract,
https://openalex.org/W3194259013,,,,,,,,,,,,,,title_abstract,
https://openalex.org/W3194286182,,,,,,,,,,,,,,title_abstract,
https://openalex.org/W3194326872,,,,,,,,,,,,,,title_abstract,
https://openalex.org/W3194357643,,,,,,,,,,,,,,title_abstract,
https://openalex.org/W3194399577,,,,,,,,,,,,,,title_abstract,
https://openalex.org/W3194422777,,,,,,,,,,,,,,title_abstract,
https://openalex.org/W3194461695,,,,,,,,,,,,,,title_abstract,
https://openalex.org/W3194907221,,,,,,,,,,,,,,title_abstract,
https://openalex.org/W3194941104,,,,,,,,,,,,,,title_abstract,
https://openalex.org/W3195033200,,,,,,,,,,,,,,title_abstract,
https://openalex.org/W3195049466,,,,,,,,,,,,,,title_abstract,
https://openalex.org/W3195263054,,,,,,,,,,,,,,title_abstract,
https://openalex.org/W3195515254,,,,,,,,,,,,,,title_abstract,
https://openalex.org/W3195518537,,,,,,,,,,,,,,title_abstract,
https://openalex.org/W3195625513,,,,,,,,,,,,,,title_abstract,
https://openalex.org/W3195630781,,,,,,,,,,,,,,title_abstract,
https://openalex.org/W3195682286,,,,,,,,,,,,,,title_abstract,
https://openalex.org/W3195877175,,,,,,,,,,,,,,title_abstract,
https://openalex.org/W3195937662,,,,,,,,,,,,,,title_abstract,
https://openalex.org/W3195966811,,,,,,,,,,,,,,title_abstract,
https://openalex.org/W3196066841,,,,,,,,,,,,,,title_abstract,
https://openalex.org/W3196339561,,,,,,,,,,,,,,title_abstract,
https://openalex.org/W3196375261,,,,,,,,,,,,,,title_abstract,
https://openalex.org/W3196409022,,,,,,,,,,,,,,title_abstract,
https://openalex.org/W3196422208,,,,,,,,,,,,,,title_abstract,
https://openalex.org/W3196693109,,,,,,,,,,,,,,title_abstract,
https://openalex.org/W3196781175,,,,,,,,,,,,,,title_abstract,
https://openalex.org/W3196794903,,,,,,,,,,,,,,title_abstract,
https://openalex.org/W3196845330,tech_material,,,,,,,4.1,no,,,,,candidate_screen,"did not meet inclusion criteria at screening (cross-national scope, explicit technology indicator, or biophysical outcome)"
https://openalex.org/W3196882155,,,,,,,,,,,,,,title_abstract,
https://openalex.org/W3196887549,,,,,,,,,,,,,,title_abstract,
https://openalex.org/W3196888564,,,,,,,,,,,,,,title_abstract,
https://openalex.org/W3196976457,,,,,,,,,,,,,,title_abstract,
https://openalex.org/W3197417553,,,,,,,,,,,,,,title_abstract,
https://openalex.org/W3197470839,,,,,,,,,,,,,,title_abstract,
https://openalex.org/W3197663995,,,,,,,,,,,,,,title_abstract,
https://openalex.org/W3197897119,,,,,,,,,,,,,,title_abstract,
https://openalex.org/W3197952511,,,,,,,,,,,,,,title_abstract,
https://openalex.org/W3198191907,,,,,,,,,,,,,,title_abstract,
https://openalex.org/W3198344290,,,,,,,,,,,,,,title_abstract,
https://openalex.org/W3198437108,,,,,,,,,,,,,,title_abstract,
https://openalex.org/W3198497505,tech_material,,,,,,,4.1,no,,,,,candidate_screen,"did not meet inclusion criteria at screening (cross-national scope, explicit technology indicator, or biophysical outcome)"
https://openalex.org/W3198504969,,,,,,,,,,,,,,title_abstract,
https://openalex.org/W3198521128,,,,,,,,,,,,,,title_abstract,
https://openalex.org/W3198927388,,,,,,,,,,,,,,title_abstract,
https://openalex.org/W3199580753,,,,,,,,,,,,,,title_abstract,
https://openalex.org/W3199611254,,,,,,,,,,,,,,title_abstract,
https://openalex.org/W3199709787,,,,,,,,,,,,,,title_abstract,
https://openalex.org/W3199802360,,,,,,,,,,,,,,title_abstract,
https://openalex.org/W3199879266,,,,,,,,,,,,,,title_abstract,
https://openalex.org/W3200031005,,,,,,,,,,,,,,title_abstract,
https://openalex.org/W3200061136,,,,,,,,,,,,,,title_abstract,
https://openalex.org/W3200145194,,,,,,,,,,,,,,title_abstract,
https://openalex.org/W3200231997,,,,,,,,,,,,,,title_abstract,
https://openalex.org/W3200240802,,,,,,,,,,,,,,title_abstract,
https://openalex.org/W3200342867,,,,,,,,,,,,,,title_abstract,
https://openalex.org/W3200532504,,,,,,,,,,,,,,title_abstract,
https://openalex.org/W3200661329,,,,,,,,,,,,,,title_abstract,
https://openalex.org/W3200706007,,,,,,,,,,,,,,title_abstract,
https://openalex.org/W3200881037,,,,,,,,,,,,,,title_abstract,
https://openalex.org/W3200900558,,,,,,,,,,,,,,title_abstract,
https://openalex.org/W3201177365,,,,,,,,,,,,,,title_abstract,
https://openalex.org/W3201210326,,,,,,,,,,,,,,title_abstract,
https://openalex.org/W3201444421,,,,,,,,,,,,,,title_abstract,
https://openalex.org/W3201681382,,,,,,,,,,,,,,title_abstract,
https://openalex.org/W3201696136,,,,,,,,,,,,,,title_abstract,
https://openalex.org/W3201772502,,,,,,,,,,,,,,title_abstract,
https://openalex.org/W3201918263,,,,,,,,,,,,,,title_abstract,
https://openalex.org/W3201994324,,,,,,,,,,,,,,title_abstract,
https://openalex.org/W3202136200,,,,,,,,,,,,,,title_abstract,
https://openalex.org/W3202147179,,,,,,,,,,,,,,title_abstract,
https://openalex.org/W3202265498,,,,,,,,,,,,,,title_abstract,
https://openalex.org/W3202394523,,,,,,,,,,,,,,title_abstract,
https://openalex.org/W3202428462,,,,,,,,,,,,,,title_abstract,
https://openalex.org/W3203016188,,,,,,,,,,,,,,title_abstract,
https://openalex.org/W3203115475,,,,,,,,,,,,,,title_abstract,
https://openalex.org/W3203497554,,,,,,,,,,,,,,title_abstract,
https://openalex.org/W3203529706,,,,,,,,,,,,,,title_abstract,
https://openalex.org/W3203648583,,,,,,,,,,,,,,title_abstract,
https://openalex.org/W3203990092,,,,,,,,,,,,,,title_abstract,
https://openalex.org/W3204027261,,,,,,,,,,,,,,title_abstract,
https://openalex.org/W3204243169,,,,,,,,,,,,,,title_abstract,
https://openalex.org/W3204417470,,,,,,,,,,,,,,title_abstract,
https://openalex.org/W3204772304,,,,,,,,,,,,,,title_abstract,
https://openalex.org/W3204805971,,,,,,,,,,,,,,title_abstract,
https://openalex.org/W3204812560,,,,,,,,,,,,,,title_abstract,
https://openalex.org/W3204870665,,,,,,,,,,,,,,title_abstract,
https://openalex.org/W3204924632,,,,,,,,,,,,,,title_abstract,
https://openalex.org/W3205254853,,,,,,,,,,,,,,title_abstract,
https://openalex.org/W3205260682,,,,,,,,,,,,,,title_abstract,
https://openalex.org/W3205369130,,,,,,,,,,,,,,title_abstract,
https://openalex.org/W3205480029,,,,,,,,,,,,,,title_abstract,
https://openalex.org/W3205484681,,,,,,,,,,,,,,title_abstract,
https://openalex.org/W3205874601,,,,,,,,,,,,,,title_abstract,
https://openalex.org/W3205944804,,,,,,,,,,,,,,title_abstract,
https://openalex.org/W3206050115,,,,,,,,,,,,,,title_abstract,
https://openalex.org/W3206156824,,,,,,,,,,,,,,title_abstract,
https://openalex.org/W3206250068,,,,,,,,,,,,,,title_abstract,
https://openalex.org/W3206682440,,,,,,,,,,,,,,title_abstract,
https://openalex.org/W3206873577,,,,,,,,,,,,,,title_abstract,
https://openalex.org/W3207118539,,,,,,,,,,,,,,title_abstract,
https://openalex.org/W3207346621,,,,,,,,,,,,,,title_abstract,
https://openalex.org/W3207523174,,,,,,,,,,,,,,title_abstract,
https://openalex.org/W3207549838,,,,,,,,,,,,,,title_abstract,
https://openalex.org/W3207559276,,,,,,,,,,,,,,title_abstract,
https://openalex.org/W3207560144,,,,,,,,,,,,,,title_abstract,
https://openalex.org/W3207597225,,,,,,,,,,,,,,title_abstract,
https://openalex.org/W3207937595,,,,,,,,,,,,,,title_abstract,
https://openalex.org/W3208000185,,,,,,,,,,,,,,title_abstract,
https://openalex.org/W3208131303,,,,,,,,,,,,,,title_abstract,
https://openalex.org/W3208421842,tech_material,,,,,,,4.1,no,,,,,candidate_screen,"did not meet inclusion criteria at screening (cross-national scope, explicit technology indicator, or biophysical outcome)"
https://openalex.org/W3208614783,,,,,,,,,,,,,,title_abstract,
https://openalex.org/W3208875054,,,,,,,,,,,,,,title_abstract,
https://openalex.org/W3208997850,,,,,,,,,,,,,,title_abstract,
https://openalex.org/W3209165233,,,,,,,,,,,,,,title_abstract,
https://openalex.org/W3209640007,,,,,,,,,,,,,,title_abstract,
https://openalex.org/W3209679717,,,,,,,,,,,,,,title_abstract,
https://openalex.org/W3209760672,,,,,,,,,,,,,,title_abstract,
https://openalex.org/W3209883919,,,,,,,,,,,,,,title_abstract,
https://openalex.org/W3209957778,,,,,,,,,,,,,,title_abstract,
https://openalex.org/W3209991058,tech_material,,,,,,,4.1,no,,,,,candidate_screen,"did not meet inclusion criteria at screening (cross-national scope, explicit technology indicator, or biophysical outcome)"
https://openalex.org/W3210188600,,,,,,,,,,,,,,title_abstract,
https://openalex.org/W3210334895,,,,,,,,,,,,,,title_abstract,
https://openalex.org/W3210679656,,,,,,,,,,,,,,title_abstract,
https://openalex.org/W3210712841,,,,,,,,,,,,,,title_abstract,
https://openalex.org/W3210719119,,,,,,,,,,,,,,title_abstract,
https://openalex.org/W3210822408,,,,,,,,,,,,,,title_abstract,
https://openalex.org/W3210890336,,,,,,,,,,,,,,title_abstract,
https://openalex.org/W3210983520,,,,,,,,,,,,,,title_abstract,
https://openalex.org/W3211029410,,,,,,,,,,,,,,title_abstract,
https://openalex.org/W3211060028,,,,,,,,,,,,,,title_abstract,
https://openalex.org/W3211097724,,,,,,,,,,,,,,title_abstract,
https://openalex.org/W3211126049,,,,,,,,,,,,,,title_abstract,
https://openalex.org/W3211267544,,,,,,,,,,,,,,title_abstract,
https://openalex.org/W3211600365,,,,,,,,,,,,,,title_abstract,
https://openalex.org/W3211711100,,,,,,,,,,,,,,title_abstract,
https://openalex.org/W3211765477,,,,,,,,,,,,,,title_abstract,
https://openalex.org/W3211869412,,,,,,,,,,,,,,title_abstract,
https://openalex.org/W3211873497,,,,,,,,,,,,,,title_abstract,
https://openalex.org/W3211976143,,,,,,,,,,,,,,title_abstract,
https://openalex.org/W3212198892,,,,,,,,,,,,,,title_abstract,
https://openalex.org/W3212361545,,,,,,,,,,,,,,title_abstract,
https://openalex.org/W3212380087,,,,,,,,,,,,,,title_abstract,
https://openalex.org/W3212480743,,,,,,,,,,,,,,title_abstract,
https://openalex.org/W3212563910,,,,,,,,,,,,,,title_abstract,
https://openalex.org/W3212614498,,,,,,,,,,,,,,title_abstract,
https://openalex.org/W3212636387,,,,,,,,,,,,,,title_abstract,
https://openalex.org/W3212727865,,,,,,,,,,,,,,title_abstract,
https://openalex.org/W3213137100,,,,,,,,,,,,,,title_abstract,
https://openalex.org/W3213160484,,,,,,,,,,,,,,title_abstract,
https://openalex.org/W3213185115,,,,,,,,,,,,,,title_abstract,
https://openalex.org/W3213375358,,,,,,,,,,,,,,title_abstract,
https://openalex.org/W3213381297,,,,,,,,,,,,,,title_abstract,
https://openalex.org/W3213590424,,,,,,,,,,,,,,title_abstract,
https://openalex.org/W3213844585,,,,,,,,,,,,,,title_abstract,
https://openalex.org/W3213958316,,,,,,,,,,,,,,title_abstract,
https://openalex.org/W3214115391,,,,,,,,,,,,,,title_abstract,
https://openalex.org/W3214359274,,,,,,,,,,,,,,title_abstract,
https://openalex.org/W3214395584,,,,,,,,,,,,,,title_abstract,
https://openalex.org/W3214469715,,,,,,,,,,,,,,title_abstract,
https://openalex.org/W3214592881,,,,,,,,,,,,,,title_abstract,
https://openalex.org/W3214650829,,,,,,,,,,,,,,title_abstract,
https://openalex.org/W3214928535,,,,,,,,,,,,,,title_abstract,
https://openalex.org/W3215285611,,,,,,,,,,,,,,title_abstract,
https://openalex.org/W3215914843,,,,,,,,,,,,,,title_abstract,
https://openalex.org/W3215978974,,,,,,,,,,,,,,title_abstract,
https://openalex.org/W3216069328,,,,,,,,,,,,,,title_abstract,
https://openalex.org/W3216110194,,,,,,,,,,,,,,title_abstract,
https://openalex.org/W3216200630,,,,,,,,,,,,,,title_abstract,
https://openalex.org/W3216267533,,,,,,,,,,,,,,title_abstract,
https://openalex.org/W3216343339,,,,,,,,,,,,,,title_abstract,
https://openalex.org/W3216488473,,,,,,,,,,,,,,title_abstract,
https://openalex.org/W3216511149,,,,,,,,,,,,,,title_abstract,
https://openalex.org/W3216594010,,,,,,,,,,,,,,title_abstract,
https://openalex.org/W3216642269,,,,,,,,,,,,,,title_abstract,
https://openalex.org/W3216682724,,,,,,,,,,,,,,title_abstract,
https://openalex.org/W3216719362,,,,,,,,,,,,,,title_abstract,
https://openalex.org/W3216899729,,,,,,,,,,,,,,title_abstract,
https://openalex.org/W3217058398,,,,,,,,,,,,,,title_abstract,
https://openalex.org/W3217250719,,,,,,,,,,,,,,title_abstract,
https://openalex.org/W3217794923,,,,,,,,,,,,,,title_abstract,
https://openalex.org/W332977670,,,,,,,,,,,,,,title_abstract,
https://openalex.org/W36259913,,,,,,,,,,,,,,title_abstract,
https://openalex.org/W366642236,,,,,,,,,,,,,,title_abstract,
https://openalex.org/W4200019255,,,,,,,,,,,,,,title_abstract,
https://openalex.org/W4200022341,,,,,,,,,,,,,,title_abstract,
https://openalex.org/W4200033708,,,,,,,,,,,,,,title_abstract,
https://openalex.org/W4200034035,,,,,,,,,,,,,,title_abstract,
https://openalex.org/W4200038107,,,,,,,,,,,,,,title_abstract,
https://openalex.org/W4200039049,,,,,,,,,,,,,,title_abstract,
https://openalex.org/W4200062753,,,,,,,,,,,,,,title_abstract,
https://openalex.org/W4200063877,,,,,,,,,,,,,,title_abstract,
https://openalex.org/W4200070990,,,,,,,,,,,,,,title_abstract,
https://openalex.org/W4200073099,,,,,,,,,,,,,,title_abstract,
https://openalex.org/W4200083698,,,,,,,,,,,,,,title_abstract,
https://openalex.org/W4200088874,,,,,,,,,,,,,,title_abstract,
https://openalex.org/W4200090714,,,,,,,,,,,,,,title_abstract,
https://openalex.org/W4200092595,,,,,,,,,,,,,,title_abstract,
https://openalex.org/W4200108214,,,,,,,,,,,,,,title_abstract,
https://openalex.org/W4200114524,,,,,,,,,,,,,,title_abstract,
https://openalex.org/W4200124927,,,,,,,,,,,,,,title_abstract,
https://openalex.org/W4200125572,,,,,,,,,,,,,,title_abstract,
https://openalex.org/W4200142587,,,,,,,,,,,,,,title_abstract,
https://openalex.org/W4200165802,,,,,,,,,,,,,,title_abstract,
https://openalex.org/W4200174474,,,,,,,,,,,,,,title_abstract,
https://openalex.org/W4200195573,,,,,,,,,,,,,,title_abstract,
https://openalex.org/W4200203227,,,,,,,,,,,,,,title_abstract,
https://openalex.org/W4200228110,,,,,,,,,,,,,,title_abstract,
https://openalex.org/W4200262217,,,,,,,,,,,,,,title_abstract,
https://openalex.org/W4200273232,,,,,,,,,,,,,,title_abstract,
https://openalex.org/W4200296834,,,,,,,,,,,,,,title_abstract,
https://openalex.org/W4200311768,,,,,,,,,,,,,,title_abstract,
https://openalex.org/W4200315900,,,,,,,,,,,,,,title_abstract,
https://openalex.org/W4200319034,,,,,,,,,,,,,,title_abstract,
https://openalex.org/W4200320579,,,,,,,,,,,,,,title_abstract,
https://openalex.org/W4200335502,,,,,,,,,,,,,,title_abstract,
https://openalex.org/W4200342938,,,,,,,,,,,,,,title_abstract,
https://openalex.org/W4200357865,,,,,,,,,,,,,,title_abstract,
https://openalex.org/W4200378992,,,,,,,,,,,,,,title_abstract,
https://openalex.org/W4200436828,,,,,,,,,,,,,,title_abstract,
https://openalex.org/W4200496825,,,,,,,,,,,,,,title_abstract,
https://openalex.org/W4200506494,,,,,,,,,,,,,,title_abstract,
https://openalex.org/W4200517298,,,,,,,,,,,,,,title_abstract,
https://openalex.org/W4200555175,,,,,,,,,,,,,,title_abstract,
https://openalex.org/W4205090483,displacement,,,,,,,5,no,,,,,candidate_screen,"did not meet inclusion criteria at screening (cross-national scope, explicit technology indicator, or biophysical outcome)"
https://openalex.org/W4205096557,,,,,,,,,,,,,,title_abstract,
https://openalex.org/W4205153682,,,,,,,,,,,,,,title_abstract,
https://openalex.org/W4205228675,,,,,,,,,,,,,,title_abstract,
https://openalex.org/W4205245442,,,,,,,,,,,,,,title_abstract,
https://openalex.org/W4205318498,,,,,,,,,,,,,,title_abstract,
https://openalex.org/W4205333839,,,,,,,,,,,,,,title_abstract,
https://openalex.org/W4205426769,,,,,,,,,,,,,,title_abstract,
https://openalex.org/W4205462390,,,,,,,,,,,,,,title_abstract,
https://openalex.org/W4205549062,,,,,,,,,,,,,,title_abstract,
https://openalex.org/W4205552251,,,,,,,,,,,,,,title_abstract,
https://openalex.org/W4205570166,,,,,,,,,,,,,,title_abstract,
https://openalex.org/W4205572483,,,,,,,,,,,,,,title_abstract,
https://openalex.org/W4205596113,,,,,,,,,,,,,,title_abstract,
https://openalex.org/W4205637634,,,,,,,,,,,,,,title_abstract,
https://openalex.org/W4205645924,,,,,,,,,,,,,,title_abstract,
https://openalex.org/W4205656483,,,,,,,,,,,,,,title_abstract,
https://openalex.org/W4205717034,,,,,,,,,,,,,,title_abstract,
https://openalex.org/W4205726743,,,,,,,,,,,,,,title_abstract,
https://openalex.org/W4205763264,,,,,,,,,,,,,,title_abstract,
https://openalex.org/W4205764444,,,,,,,,,,,,,,title_abstract,
https://openalex.org/W4205764929,tech_material,,,,,,,4.1,no,,,,,candidate_screen,"did not meet inclusion criteria at screening (cross-national scope, explicit technology indicator, or biophysical outcome)"
https://openalex.org/W4205771230,,,,,,,,,,,,,,title_abstract,
https://openalex.org/W4205853532,,,,,,,,,,,,,,title_abstract,
https://openalex.org/W4205882102,,,,,,,,,,,,,,title_abstract,
https://openalex.org/W4205922023,,,,,,,,,,,,,,title_abstract,
https://openalex.org/W4205963771,,,,,,,,,,,,,,title_abstract,
https://openalex.org/W4205971113,,,,,,,,,,,,,,title_abstract,
https://openalex.org/W4205978259,,,,,,,,,,,,,,title_abstract,
https://openalex.org/W4206010023,,,,,,,,,,,,,,title_abstract,
https://openalex.org/W4206010838,,,,,,,,,,,,,,title_abstract,
https://openalex.org/W4206022217,,,,,,,,,,,,,,title_abstract,
https://openalex.org/W4206084500,,,,,,,,,,,,,,title_abstract,
https://openalex.org/W4206104185,,,,,,,,,,,,,,title_abstract,
https://openalex.org/W4206122124,,,,,,,,,,,,,,title_abstract,
https://openalex.org/W4206182494,,,,,,,,,,,,,,title_abstract,
https://openalex.org/W4206196604,,,,,,,,,,,,,,title_abstract,
https://openalex.org/W4206209884,,,,,,,,,,,,,,title_abstract,
https://openalex.org/W4206318838,,,,,,,,,,,,,,title_abstract,
https://openalex.org/W4206435469,,,,,,,,,,,,,,title_abstract,
https://openalex.org/W4206441600,,,,,,,,,,,,,,title_abstract,
https://openalex.org/W4206569755,,,,,,,,,,,,,,title_abstract,
https://openalex.org/W4206584663,,,,,,,,,,,,,,title_abstract,
https://openalex.org/W4206757061,,,,,,,,,,,,,,title_abstract,
https://openalex.org/W4206827322,,,,,,,,,,,,,,title_abstract,
https://openalex.org/W4206932227,,,,,,,,,,,,,,title_abstract,
https://openalex.org/W4206936615,,,,,,,,,,,,,,title_abstract,
https://openalex.org/W4206949803,,,,,,,,,,,,,,title_abstract,
https://openalex.org/W4207019535,,,,,,,,,,,,,,title_abstract,
https://openalex.org/W4207021089,,,,,,,,,,,,,,title_abstract,
https://openalex.org/W4207065582,,,,,,,,,,,,,,title_abstract,
https://openalex.org/W4207071765,,,,,,,,,,,,,,title_abstract,
https://openalex.org/W4210257424,,,,,,,,,,,,,,title_abstract,
https://openalex.org/W4210268465,,,,,,,,,,,,,,title_abstract,
https://openalex.org/W4210336717,,,,,,,,,,,,,,title_abstract,
https://openalex.org/W4210365736,,,,,,,,,,,,,,title_abstract,
https://openalex.org/W4210418892,,,,,,,,,,,,,,title_abstract,
https://openalex.org/W4210425610,,,,,,,,,,,,,,title_abstract,
https://openalex.org/W4210503104,,,,,,,,,,,,,,title_abstract,
https://openalex.org/W4210525298,,,,,,,,,,,,,,title_abstract,
https://openalex.org/W4210576862,,,,,,,,,,,,,,title_abstract,
https://openalex.org/W4210606328,,,,,,,,,,,,,,title_abstract,
https://openalex.org/W4210791516,,,,,,,,,,,,,,title_abstract,
https://openalex.org/W4210807956,tech_material,,,,,,,4.1,no,,,,,candidate_screen,"did not meet inclusion criteria at screening (cross-national scope, explicit technology indicator, or biophysical outcome)"
https://openalex.org/W4210810052,,,,,,,,,,,,,,title_abstract,
https://openalex.org/W4210810788,,,,,,,,,,,,,,title_abstract,
https://openalex.org/W4210888908,,,,,,,,,,,,,,title_abstract,
https://openalex.org/W4210916416,,,,,,,,,,,,,,title_abstract,
https://openalex.org/W4210970757,,,,,,,,,,,,,,title_abstract,
https://openalex.org/W4210998138,,,,,,,,,,,,,,title_abstract,
https://openalex.org/W4211010800,,,,,,,,,,,,,,title_abstract,
https://openalex.org/W4211014160,,,,,,,,,,,,,,title_abstract,
https://openalex.org/W4211018151,,,,,,,,,,,,,,title_abstract,
https://openalex.org/W4211027828,,,,,,,,,,,,,,title_abstract,
https://openalex.org/W4211033060,,,,,,,,,,,,,,title_abstract,
https://openalex.org/W4211034737,,,,,,,,,,,,,,title_abstract,
https://openalex.org/W4211051001,,,,,,,,,,,,,,title_abstract,
https://openalex.org/W4211064250,,,,,,,,,,,,,,title_abstract,
https://openalex.org/W4211074467,,,,,,,,,,,,,,title_abstract,
https://openalex.org/W4211078487,,,,,,,,,,,,,,title_abstract,
https://openalex.org/W4211085733,,,,,,,,,,,,,,title_abstract,
https://openalex.org/W4211098779,,,,,,,,,,,,,,title_abstract,
https://openalex.org/W4211102015,,,,,,,,,,,,,,title_abstract,
https://openalex.org/W4211111199,,,,,,,,,,,,,,title_abstract,
https://openalex.org/W4211176414,,,,,,,,,,,,,,title_abstract,
https://openalex.org/W4211217447,,,,,,,,,,,,,,title_abstract,
https://openalex.org/W4211219269,,,,,,,,,,,,,,title_abstract,
https://openalex.org/W4211235122,,,,,,,,,,,,,,title_abstract,
https://openalex.org/W4211246174,,,,,,,,,,,,,,title_abstract,
https://openalex.org/W4211253346,,,,,,,,,,,,,,title_abstract,
https://openalex.org/W4211261102,,,,,,,,,,,,,,title_abstract,
https://openalex.org/W4212889296,,,,,,,,,,,,,,title_abstract,
https://openalex.org/W4212930015,,,,,,,,,,,,,,title_abstract,
https://openalex.org/W4212977532,,,,,,,,,,,,,,title_abstract,
https://openalex.org/W4213015795,,,,,,,,,,,,,,title_abstract,
https://openalex.org/W4213034201,,,,,,,,,,,,,,title_abstract,
https://openalex.org/W4213035980,,,,,,,,,,,,,,title_abstract,
https://openalex.org/W4213080549,,,,,,,,,,,,,,title_abstract,
https://openalex.org/W4213215629,,,,,,,,,,,,,,title_abstract,
https://openalex.org/W4213252343,,,,,,,,,,,,,,title_abstract,
https://openalex.org/W4213269278,,,,,,,,,,,,,,title_abstract,
https://openalex.org/W4213276089,,,,,,,,,,,,,,title_abstract,
https://openalex.org/W4213306918,,,,,,,,,,,,,,title_abstract,
https://openalex.org/W4213324180,,,,,,,,,,,,,,title_abstract,
https://openalex.org/W4213325112,,,,,,,,,,,,,,title_abstract,
https://openalex.org/W4213426392,,,,,,,,,,,,,,title_abstract,
https://openalex.org/W4213429459,,,,,,,,,,,,,,title_abstract,
https://openalex.org/W4213437522,,,,,,,,,,,,,,title_abstract,
https://openalex.org/W4213457094,,,,,,,,,,,,,,title_abstract,
https://openalex.org/W4213458388,,,,,,,,,,,,,,title_abstract,
https://openalex.org/W4214564532,,,,,,,,,,,,,,title_abstract,
https://openalex.org/W4214631295,,,,,,,,,,,,,,title_abstract,
https://openalex.org/W4214639826,,,,,,,,,,,,,,title_abstract,
https://openalex.org/W4214678694,,,,,,,,,,,,,,title_abstract,
https://openalex.org/W4214749070,,,,,,,,,,,,,,title_abstract,
https://openalex.org/W4214806037,,,,,,,,,,,,,,title_abstract,
https://openalex.org/W4214830278,,,,,,,,,,,,,,title_abstract,
https://openalex.org/W4214868750,,,,,,,,,,,,,,title_abstract,
https://openalex.org/W4214877809,,,,,,,,,,,,,,title_abstract,
https://openalex.org/W4214906123,,,,,,,,,,,,,,title_abstract,
https://openalex.org/W4214928811,,,,,,,,,,,,,,title_abstract,
https://openalex.org/W4220653267,,,,,,,,,,,,,,title_abstract,
https://openalex.org/W4220653392,,,,,,,,,,,,,,title_abstract,
https://openalex.org/W4220654041,,,,,,,,,,,,,,title_abstract,
https://openalex.org/W4220688845,,,,,,,,,,,,,,title_abstract,
https://openalex.org/W4220710490,,,,,,,,,,,,,,title_abstract,
https://openalex.org/W4220734903,,,,,,,,,,,,,,title_abstract,
https://openalex.org/W4220738448,,,,,,,,,,,,,,title_abstract,
https://openalex.org/W4220759153,,,,,,,,,,,,,,title_abstract,
https://openalex.org/W4220764869,,,,,,,,,,,,,,title_abstract,
https://openalex.org/W4220765124,,,,,,,,,,,,,,title_abstract,
https://openalex.org/W4220765533,,,,,,,,,,,,,,title_abstract,
https://openalex.org/W4220772910,,,,,,,,,,,,,,title_abstract,
https://openalex.org/W4220773259,,,,,,,,,,,,,,title_abstract,
https://openalex.org/W4220795853,,,,,,,,,,,,,,title_abstract,
https://openalex.org/W4220804107,,,,,,,,,,,,,,title_abstract,
https://openalex.org/W4220811946,,,,,,,,,,,,,,title_abstract,
https://openalex.org/W4220823403,,,,,,,,,,,,,,title_abstract,
https://openalex.org/W4220848157,,,,,,,,,,,,,,title_abstract,
https://openalex.org/W4220851165,,,,,,,,,,,,,,title_abstract,
https://openalex.org/W4220852129,,,,,,,,,,,,,,title_abstract,
https://openalex.org/W4220867555,,,,,,,,,,,,,,title_abstract,
https://openalex.org/W4220888094,,,,,,,,,,,,,,title_abstract,
https://openalex.org/W4220895546,,,,,,,,,,,,,,title_abstract,
https://openalex.org/W4220915601,,,,,,,,,,,,,,title_abstract,
https://openalex.org/W4220979443,,,,,,,,,,,,,,title_abstract,
https://openalex.org/W4220995210,,,,,,,,,,,,,,title_abstract,
https://openalex.org/W4221000352,,,,,,,,,,,,,,title_abstract,
https://openalex.org/W4221006631,,,,,,,,,,,,,,title_abstract,
https://openalex.org/W4221012522,,,,,,,,,,,,,,title_abstract,
https://openalex.org/W4221013014,,,,,,,,,,,,,,title_abstract,
https://openalex.org/W4221053884,,,,,,,,,,,,,,title_abstract,
https://openalex.org/W4221095074,,,,,,,,,,,,,,title_abstract,
https://openalex.org/W4221104955,,,,,,,,,,,,,,title_abstract,
https://openalex.org/W4221165962,,,,,,,,,,,,,,title_abstract,
https://openalex.org/W4223478429,,,,,,,,,,,,,,title_abstract,
https://openalex.org/W4223508664,,,,,,,,,,,,,,title_abstract,
https://openalex.org/W4223520720,tech_material,,,,,,,4.1,no,,,,,candidate_screen,"did not meet inclusion criteria at screening (cross-national scope, explicit technology indicator, or biophysical outcome)"
https://openalex.org/W4223571206,,,,,,,,,,,,,,title_abstract,
https://openalex.org/W4223573927,,,,,,,,,,,,,,title_abstract,
https://openalex.org/W4223908209,,,,,,,,,,,,,,title_abstract,
https://openalex.org/W4224058961,,,,,,,,,,,,,,title_abstract,
https://openalex.org/W4224065227,,,,,,,,,,,,,,title_abstract,
https://openalex.org/W4224088097,,,,,,,,,,,,,,title_abstract,
https://openalex.org/W4224213039,,,,,,,,,,,,,,title_abstract,
https://openalex.org/W4224228023,,,,,,,,,,,,,,title_abstract,
https://openalex.org/W4224230221,,,,,,,,,,,,,,title_abstract,
https://openalex.org/W4224246016,,,,,,,,,,,,,,title_abstract,
https://openalex.org/W4224250583,,,,,,,,,,,,,,title_abstract,
https://openalex.org/W4224250640,,,,,,,,,,,,,,title_abstract,
https://openalex.org/W4224252859,,,,,,,,,,,,,,title_abstract,
https://openalex.org/W4224273677,,,,,,,,,,,,,,title_abstract,
https://openalex.org/W4224285702,,,,,,,,,,,,,,title_abstract,
https://openalex.org/W4224291288,,,,,,,,,,,,,,title_abstract,
https://openalex.org/W4224297804,,,,,,,,,,,,,,title_abstract,
https://openalex.org/W4224308726,,,,,,,,,,,,,,title_abstract,
https://openalex.org/W4224313044,,,,,,,,,,,,,,title_abstract,
https://openalex.org/W4224323910,,,,,,,,,,,,,,title_abstract,
https://openalex.org/W4224443939,,,,,,,,,,,,,,title_abstract,
https://openalex.org/W4224864036,,,,,,,,,,,,,,title_abstract,
https://openalex.org/W4224996045,,,,,,,,,,,,,,title_abstract,
https://openalex.org/W4225100125,,,,,,,,,,,,,,title_abstract,
https://openalex.org/W4225117929,,,,,,,,,,,,,,title_abstract,
https://openalex.org/W4225129404,,,,,,,,,,,,,,title_abstract,
https://openalex.org/W4225164757,,,,,,,,,,,,,,title_abstract,
https://openalex.org/W4225275339,,,,,,,,,,,,,,title_abstract,
https://openalex.org/W4225305644,,,,,,,,,,,,,,title_abstract,
https://openalex.org/W4225319067,,,,,,,,,,,,,,title_abstract,
https://openalex.org/W4225388852,,,,,,,,,,,,,,title_abstract,
https://openalex.org/W4225406390,,,,,,,,,,,,,,title_abstract,
https://openalex.org/W4225429674,,,,,,,,,,,,,,title_abstract,
https://openalex.org/W4225496115,,,,,,,,,,,,,,title_abstract,
https://openalex.org/W4225607529,,,,,,,,,,,,,,title_abstract,
https://openalex.org/W4225757435,,,,,,,,,,,,,,title_abstract,
https://openalex.org/W4225829066,,,,,,,,,,,,,,title_abstract,
https://openalex.org/W4225966659,,,,,,,,,,,,,,title_abstract,
https://openalex.org/W4226031780,,,,,,,,,,,,,,title_abstract,
https://openalex.org/W4226075434,,,,,,,,,,,,,,title_abstract,
https://openalex.org/W4226100102,,,,,,,,,,,,,,title_abstract,
https://openalex.org/W4226107689,,,,,,,,,,,,,,title_abstract,
https://openalex.org/W4226161731,,,,,,,,,,,,,,title_abstract,
https://openalex.org/W4226163606,,,,,,,,,,,,,,title_abstract,
https://openalex.org/W4226293336,,,,,,,,,,,,,,title_abstract,
https://openalex.org/W4226354009,,,,,,,,,,,,,,title_abstract,
https://openalex.org/W4226373080,,,,,,,,,,,,,,title_abstract,
https://openalex.org/W4226404192,,,,,,,,,,,,,,title_abstract,
https://openalex.org/W4226412664,,,,,,,,,,,,,,title_abstract,
https://openalex.org/W4229028197,tech_material,,,,,,,4.1,no,,,,,candidate_screen,"did not meet inclusion criteria at screening (cross-national scope, explicit technology indicator, or biophysical outcome)"
https://openalex.org/W4229030956,,,,,,,,,,,,,,title_abstract,
https://openalex.org/W4229069547,,,,,,,,,,,,,,title_abstract,
https://openalex.org/W4229333775,,,,,,,,,,,,,,title_abstract,
https://openalex.org/W4229364049,,,,,,,,,,,,,,title_abstract,
https://openalex.org/W4229364341,,,,,,,,,,,,,,title_abstract,
https://openalex.org/W4229447533,,,,,,,,,,,,,,title_abstract,
https://openalex.org/W4229453553,,,,,,,,,,,,,,title_abstract,
https://openalex.org/W4229773784,,,,,,,,,,,,,,title_abstract,
https://openalex.org/W4232755579,,,,,,,,,,,,,,title_abstract,
https://openalex.org/W4233415473,,,,,,,,,,,,,,title_abstract,
https://openalex.org/W4233715444,,,,,,,,,,,,,,title_abstract,
https://openalex.org/W4233778845,,,,,,,,,,,,,,title_abstract,
https://openalex.org/W4235935655,,,,,,,,,,,,,,title_abstract,
https://openalex.org/W4237156576,,,,,,,,,,,,,,title_abstract,
https://openalex.org/W4237480219,ecological_modernisation,,,,,,,3.1,no,,,,,candidate_screen,theoretical / interpretive literature - screened for framework relevance only
https://openalex.org/W4238274163,,,,,,,,,,,,,,title_abstract,
https://openalex.org/W4238626014,,,,,,,,,,,,,,title_abstract,
https://openalex.org/W4239452343,,,,,,,,,,,,,,title_abstract,
https://openalex.org/W4240192899,,,,,,,,,,,,,,title_abstract,
https://openalex.org/W4240257482,,,,,,,,,,,,,,title_abstract,
https://openalex.org/W4240411357,,,,,,,,,,,,,,title_abstract,
https://openalex.org/W4240487079,,,,,,,,,,,,,,title_abstract,
https://openalex.org/W4240824307,,,,,,,,,,,,,,title_abstract,
https://openalex.org/W4241161963,,,,,,,,,,,,,,title_abstract,
https://openalex.org/W4241266037,,,,,,,,,,,,,,title_abstract,
https://openalex.org/W4241722896,technology_indicators,,,,,,,4.2,no,,,,,candidate_screen,"did not meet inclusion criteria at screening (cross-national scope, explicit technology indicator, or biophysical outcome)"
https://openalex.org/W4241857172,,,,,,,,,,,,,,title_abstract,
https://openalex.org/W4241910945,,,,,,,,,,,,,,title_abstract,
https://openalex.org/W4242407388,,,,,,,,,,,,,,title_abstract,
https://openalex.org/W4243420754,,,,,,,,,,,,,,title_abstract,
https://openalex.org/W4245745428,,,,,,,,,,,,,,title_abstract,
https://openalex.org/W4245766538,,,,,,,,,,,,,,title_abstract,
https://openalex.org/W4246316180,,,,,,,,,,,,,,title_abstract,
https://openalex.org/W4246877561,,,,,,,,,,,,,,title_abstract,
https://openalex.org/W4248026663,,,,,,,,,,,,,,title_abstract,
https://openalex.org/W4248156340,,,,,,,,,,,,,,title_abstract,
https://openalex.org/W4248198002,,,,,,,,,,,,,,title_abstract,
https://openalex.org/W4248471200,,,,,,,,,,,,,,title_abstract,
https://openalex.org/W4249029134,,,,,,,,,,,,,,title_abstract,
https://openalex.org/W4249040394,,,,,,,,,,,,,,title_abstract,
https://openalex.org/W4249068524,,,,,,,,,,,,,,title_abstract,
https://openalex.org/W4249997274,,,,,,,,,,,,,,title_abstract,
https://openalex.org/W4250218252,,,,,,,,,,,,,,title_abstract,
https://openalex.org/W4251468738,,,,,,,,,,,,,,title_abstract,
https://openalex.org/W4251534524,,,,,,,,,,,,,,title_abstract,
https://openalex.org/W4252640874,,,,,,,,,,,,,,title_abstract,
https://openalex.org/W4254614721,,,,,,,,,,,,,,title_abstract,
https://openalex.org/W4255108584,,,,,,,,,,,,,,title_abstract,
https://openalex.org/W4256251150,,,,,,,,,,,,,,title_abstract,
https://openalex.org/W4280489967,,,,,,,,,,,,,,title_abstract,
https://openalex.org/W4280490099,,,,,,,,,,,,,,title_abstract,
https://openalex.org/W4280504305,technology_indicators,,,,,,,4.2,no,,,,,candidate_screen,"did not meet inclusion criteria at screening (cross-national scope, explicit technology indicator, or biophysical outcome)"
https://openalex.org/W4280516174,,,,,,,,,,,,,,title_abstract,
https://openalex.org/W4280534034,,,,,,,,,,,,,,title_abstract,
https://openalex.org/W4280543587,,,,,,,,,,,,,,title_abstract,
https://openalex.org/W4280551842,,,,,,,,,,,,,,title_abstract,
https://openalex.org/W4280554812,,,,,,,,,,,,,,title_abstract,
https://openalex.org/W4280559756,,,,,,,,,,,,,,title_abstract,
https://openalex.org/W4280561752,,,,,,,,,,,,,,title_abstract,
https://openalex.org/W4280597088,,,,,,,,,,,,,,title_abstract,
https://openalex.org/W4280601380,,,,,,,,,,,,,,title_abstract,
https://openalex.org/W4280603643,,,,,,,,,,,,,,title_abstract,
https://openalex.org/W4280606184,,,,,,,,,,,,,,title_abstract,
https://openalex.org/W4280648926,,,,,,,,,,,,,,title_abstract,
https://openalex.org/W4280649897,,,,,,,,,,,,,,title_abstract,
https://openalex.org/W4281257922,,,,,,,,,,,,,,title_abstract,
https://openalex.org/W4281262199,,,,,,,,,,,,,,title_abstract,
https://openalex.org/W4281293429,,,,,,,,,,,,,,title_abstract,
https://openalex.org/W4281481120,,,,,,,,,,,,,,title_abstract,
https://openalex.org/W4281491831,,,,,,,,,,,,,,title_abstract,
https://openalex.org/W4281568809,,,,,,,,,,,,,,title_abstract,
https://openalex.org/W4281617566,,,,,,,,,,,,,,title_abstract,
https://openalex.org/W4281622969,,,,,,,,,,,,,,title_abstract,
https://openalex.org/W4281628495,,,,,,,,,,,,,,title_abstract,
https://openalex.org/W4281629419,,,,,,,,,,,,,,title_abstract,
https://openalex.org/W4281633493,,,,,,,,,,,,,,title_abstract,
https://openalex.org/W4281634923,,,,,,,,,,,,,,title_abstract,
https://openalex.org/W4281673660,,,,,,,,,,,,,,title_abstract,
https://openalex.org/W4281677116,,,,,,,,,,,,,,title_abstract,
https://openalex.org/W4281677147,,,,,,,,,,,,,,title_abstract,
https://openalex.org/W4281677977,,,,,,,,,,,,,,title_abstract,
https://openalex.org/W4281688389,,,,,,,,,,,,,,title_abstract,
https://openalex.org/W4281695664,,,,,,,,,,,,,,title_abstract,
https://openalex.org/W4281708974,,,,,,,,,,,,,,title_abstract,
https://openalex.org/W4281732804,,,,,,,,,,,,,,title_abstract,
https://openalex.org/W4281743478,,,,,,,,,,,,,,title_abstract,
https://openalex.org/W4281762399,,,,,,,,,,,,,,title_abstract,
https://openalex.org/W4281767139,,,,,,,,,,,,,,title_abstract,
https://openalex.org/W4281885466,,,,,,,,,,,,,,title_abstract,
https://openalex.org/W4281890357,,,,,,,,,,,,,,title_abstract,
https://openalex.org/W4281903100,,,,,,,,,,,,,,title_abstract,
https://openalex.org/W4281936093,,,,,,,,,,,,,,title_abstract,
https://openalex.org/W4281967141,,,,,,,,,,,,,,title_abstract,
https://openalex.org/W4282549828,,,,,,,,,,,,,,title_abstract,
https://openalex.org/W4282570192,,,,,,,,,,,,,,title_abstract,
https://openalex.org/W4282597335,,,,,,,,,,,,,,title_abstract,
https://openalex.org/W4282834253,,,,,,,,,,,,,,title_abstract,
https://openalex.org/W4282916256,,,,,,,,,,,,,,title_abstract,
https://openalex.org/W4282925883,,,,,,,,,,,,,,title_abstract,
https://openalex.org/W4282940057,,,,,,,,,,,,,,title_abstract,
https://openalex.org/W4282972393,,,,,,,,,,,,,,title_abstract,
https://openalex.org/W4282976885,,,,,,,,,,,,,,title_abstract,
https://openalex.org/W4282979577,,,,,,,,,,,,,,title_abstract,
https://openalex.org/W4283017451,,,,,,,,,,,,,,title_abstract,
https://openalex.org/W4283019180,,,,,,,,,,,,,,title_abstract,
https://openalex.org/W4283120164,,,,,,,,,,,,,,title_abstract,
https://openalex.org/W4283168128,,,,,,,,,,,,,,title_abstract,
https://openalex.org/W4283211973,,,,,,,,,,,,,,title_abstract,
https://openalex.org/W4283273967,,,,,,,,,,,,,,title_abstract,
https://openalex.org/W4283312317,,,,,,,,,,,,,,title_abstract,
https://openalex.org/W4283321882,,,,,,,,,,,,,,title_abstract,
https://openalex.org/W4283327789,,,,,,,,,,,,,,title_abstract,
https://openalex.org/W4283515940,,,,,,,,,,,,,,title_abstract,
https://openalex.org/W4283518776,,,,,,,,,,,,,,title_abstract,
https://openalex.org/W4283528513,,,,,,,,,,,,,,title_abstract,
https://openalex.org/W4283583963,,,,,,,,,,,,,,title_abstract,
https://openalex.org/W4283645999,,,,,,,,,,,,,,title_abstract,
https://openalex.org/W4283656522,,,,,,,,,,,,,,title_abstract,
https://openalex.org/W4283659482,,,,,,,,,,,,,,title_abstract,
https://openalex.org/W4283709181,,,,,,,,,,,,,,title_abstract,
https://openalex.org/W4283710501,,,,,,,,,,,,,,title_abstract,
https://openalex.org/W4283714445,,,,,,,,,,,,,,title_abstract,
https://openalex.org/W4283723395,,,,,,,,,,,,,,title_abstract,
https://openalex.org/W4283738965,,,,,,,,,,,,,,title_abstract,
https://openalex.org/W4283751143,,,,,,,,,,,,,,title_abstract,
https://openalex.org/W4283772162,,,,,,,,,,,,,,title_abstract,
https://openalex.org/W4283803723,,,,,,,,,,,,,,title_abstract,
https://openalex.org/W4283833611,,,,,,,,,,,,,,title_abstract,
https://openalex.org/W4284666739,,,,,,,,,,,,,,title_abstract,
https://openalex.org/W4284709602,,,,,,,,,,,,,,title_abstract,
https://openalex.org/W4284968877,,,,,,,,,,,,,,title_abstract,
https://openalex.org/W4284971031,,,,,,,,,,,,,,title_abstract,
https://openalex.org/W4284978027,,,,,,,,,,,,,,title_abstract,
https://openalex.org/W4284992343,,,,,,,,,,,,,,title_abstract,
https://openalex.org/W4285004952,,,,,,,,,,,,,,title_abstract,
https://openalex.org/W4285006041,,,,,,,,,,,,,,title_abstract,
https://openalex.org/W4285038634,,,,,,,,,,,,,,title_abstract,
https://openalex.org/W4285040408,,,,,,,,,,,,,,title_abstract,
https://openalex.org/W4285082249,,,,,,,,,,,,,,title_abstract,
https://openalex.org/W4285082400,,,,,,,,,,,,,,title_abstract,
https://openalex.org/W4285087953,,,,,,,,,,,,,,title_abstract,
https://openalex.org/W4285088110,,,,,,,,,,,,,,title_abstract,
https://openalex.org/W4285093646,,,,,,,,,,,,,,title_abstract,
https://openalex.org/W4285095097,,,,,,,,,,,,,,title_abstract,
https://openalex.org/W4285100216,,,,,,,,,,,,,,title_abstract,
https://openalex.org/W4285124852,,,,,,,,,,,,,,title_abstract,
https://openalex.org/W4285125599,,,,,,,,,,,,,,title_abstract,
https://openalex.org/W4285221141,,,,,,,,,,,,,,title_abstract,
https://openalex.org/W4285232515,,,,,,,,,,,,,,title_abstract,
https://openalex.org/W4285262434,,,,,,,,,,,,,,title_abstract,
https://openalex.org/W4285277461,,,,,,,,,,,,,,title_abstract,
https://openalex.org/W4285369847,,,,,,,,,,,,,,title_abstract,
https://openalex.org/W4285395138,,,,,,,,,,,,,,title_abstract,
https://openalex.org/W4285498876,,,,,,,,,,,,,,title_abstract,
https://openalex.org/W4285611596,,,,,,,,,,,,,,title_abstract,
https://openalex.org/W4285730726,,,,,,,,,,,,,,title_abstract,
https://openalex.org/W4285891075,,,,,,,,,,,,,,title_abstract,
https://openalex.org/W4286208844,,,,,,,,,,,,,,title_abstract,
https://openalex.org/W4286219296,,,,,,,,,,,,,,title_abstract,
https://openalex.org/W4286489751,,,,,,,,,,,,,,title_abstract,
https://openalex.org/W4286717100,,,,,,,,,,,,,,title_abstract,
https://openalex.org/W4286741967,,,,,,,,,,,,,,title_abstract,
https://openalex.org/W4287394036,,,,,,,,,,,,,,title_abstract,
https://openalex.org/W4287854497,,,,,,,,,,,,,,title_abstract,
https://openalex.org/W4287877230,,,,,,,,,,,,,,title_abstract,
https://openalex.org/W4287888138,,,,,,,,,,,,,,title_abstract,
https://openalex.org/W4287958847,,,,,,,,,,,,,,title_abstract,
https://openalex.org/W4288036810,,,,,,,,,,,,,,title_abstract,
https://openalex.org/W4288056556,,,,,,,,,,,,,,title_abstract,
https://openalex.org/W4288066418,,,,,,,,,,,,,,title_abstract,
https://openalex.org/W4288067238,,,,,,,,,,,,,,title_abstract,
https://openalex.org/W4288067255,,,,,,,,,,,,,,title_abstract,
https://openalex.org/W4288390325,,,,,,,,,,,,,,title_abstract,
https://openalex.org/W4288391568,,,,,,,,,,,,,,title_abstract,
https://openalex.org/W4288445077,,,,,,,,,,,,,,title_abstract,
https://openalex.org/W4288447590,,,,,,,,,,,,,,title_abstract,
https://openalex.org/W4289130621,,,,,,,,,,,,,,title_abstract,
https://openalex.org/W4289295863,,,,,,,,,,,,,,title_abstract,
https://openalex.org/W4289517391,,,,,,,,,,,,,,title_abstract,
https://openalex.org/W4289524781,,,,,,,,,,,,,,title_abstract,
https://openalex.org/W4289594957,,,,,,,,,,,,,,title_abstract,
https://openalex.org/W4289638249,,,,,,,,,,,,,,title_abstract,
https://openalex.org/W4289730885,,,,,,,,,,,,,,title_abstract,
https://openalex.org/W4289783302,,,,,,,,,,,,,,title_abstract,
https://openalex.org/W4289890432,,,,,,,,,,,,,,title_abstract,
https://openalex.org/W4289914015,,,,,,,,,,,,,,title_abstract,
https://openalex.org/W4289963743,,,,,,,,,,,,,,title_abstract,
https://openalex.org/W4290466019,,,,,,,,,,,,,,title_abstract,
https://openalex.org/W4290738906,,,,,,,,,,,,,,title_abstract,
https://openalex.org/W4291017756,,,,,,,,,,,,,,title_abstract,
https://openalex.org/W4291097582,,,,,,,,,,,,,,title_abstract,
https://openalex.org/W4291148793,,,,,,,,,,,,,,title_abstract,
https://openalex.org/W4291285834,,,,,,,,,,,,,,title_abstract,
https://openalex.org/W4291939800,,,,,,,,,,,,,,title_abstract,
https://openalex.org/W4292023685,,,,,,,,,,,,,,title_abstract,
https://openalex.org/W4292163900,,,,,,,,,,,,,,title_abstract,
https://openalex.org/W4292181417,,,,,,,,,,,,,,title_abstract,
https://openalex.org/W4292183243,,,,,,,,,,,,,,title_abstract,
https://openalex.org/W4292295219,,,,,,,,,,,,,,title_abstract,
https://openalex.org/W4292295323,,,,,,,,,,,,,,title_abstract,
https://openalex.org/W4292317450,,,,,,,,,,,,,,title_abstract,
https://openalex.org/W4292325727,,,,,,,,,,,,,,title_abstract,
https://openalex.org/W4292414343,,,,,,,,,,,,,,title_abstract,
https://openalex.org/W4292476218,,,,,,,,,,,,,,title_abstract,
https://openalex.org/W4292506188,,,,,,,,,,,,,,title_abstract,
https://openalex.org/W4292572282,,,,,,,,,,,,,,title_abstract,
https://openalex.org/W4292595726,,,,,,,,,,,,,,title_abstract,
https://openalex.org/W4292677011,,,,,,,,,,,,,,title_abstract,
https://openalex.org/W4292688673,,,,,,,,,,,,,,title_abstract,
https://openalex.org/W4292690656,,,,,,,,,,,,,,title_abstract,
https://openalex.org/W4292976850,,,,,,,,,,,,,,title_abstract,
https://openalex.org/W4293016839,,,,,,,,,,,,,,title_abstract,
https://openalex.org/W4293018643,,,,,,,,,,,,,,title_abstract,
https://openalex.org/W4293037415,,,,,,,,,,,,,,title_abstract,
https://openalex.org/W4293083725,,,,,,,,,,,,,,title_abstract,
https://openalex.org/W4293124675,,,,,,,,,,,,,,title_abstract,
https://openalex.org/W4293151497,,,,,,,,,,,,,,title_abstract,
https://openalex.org/W4293182045,,,,,,,,,,,,,,title_abstract,
https://openalex.org/W4293221155,,,,,,,,,,,,,,title_abstract,
https://openalex.org/W4293223877,,,,,,,,,,,,,,title_abstract,
https://openalex.org/W4293248228,,,,,,,,,,,,,,title_abstract,
https://openalex.org/W4293279693,,,,,,,,,,,,,,title_abstract,
https://openalex.org/W4293334876,,,,,,,,,,,,,,title_abstract,
https://openalex.org/W4293364421,,,,,,,,,,,,,,title_abstract,
https://openalex.org/W4293370802,,,,,,,,,,,,,,title_abstract,
https://openalex.org/W4293447101,,,,,,,,,,,,,,title_abstract,
https://openalex.org/W4293490408,,,,,,,,,,,,,,title_abstract,
https://openalex.org/W4293536258,,,,,,,,,,,,,,title_abstract,
https://openalex.org/W4293569043,,,,,,,,,,,,,,title_abstract,
https://openalex.org/W4293733743,,,,,,,,,,,,,,title_abstract,
https://openalex.org/W4293740908,,,,,,,,,,,,,,title_abstract,
https://openalex.org/W4293785794,,,,,,,,,,,,,,title_abstract,
https://openalex.org/W4293817138,technology_indicators,,,,,,,4.2,no,,,,,candidate_screen,"did not meet inclusion criteria at screening (cross-national scope, explicit technology indicator, or biophysical outcome)"
https://openalex.org/W4294242951,,,,,,,,,,,,,,title_abstract,
https://openalex.org/W4294280218,,,,,,,,,,,,,,title_abstract,
https://openalex.org/W4294349527,,,,,,,,,,,,,,title_abstract,
https://openalex.org/W4294549672,,,,,,,,,,,,,,title_abstract,
https://openalex.org/W4294600047,,,,,,,,,,,,,,title_abstract,
https://openalex.org/W4294613184,,,,,,,,,,,,,,title_abstract,
https://openalex.org/W4294733719,,,,,,,,,,,,,,title_abstract,
https://openalex.org/W4294882860,,,,,,,,,,,,,,title_abstract,
https://openalex.org/W4294934905,,,,,,,,,,,,,,title_abstract,
https://openalex.org/W4294955735,,,,,,,,,,,,,,title_abstract,
https://openalex.org/W4294957972,,,,,,,,,,,,,,title_abstract,
https://openalex.org/W4295004796,,,,,,,,,,,,,,title_abstract,
https://openalex.org/W4295011633,,,,,,,,,,,,,,title_abstract,
https://openalex.org/W4295027360,,,,,,,,,,,,,,title_abstract,
https://openalex.org/W4295048309,,,,,,,,,,,,,,title_abstract,
https://openalex.org/W4295166569,,,,,,,,,,,,,,title_abstract,
https://openalex.org/W4295308939,,,,,,,,,,,,,,title_abstract,
https://openalex.org/W4295332105,,,,,,,,,,,,,,title_abstract,
https://openalex.org/W4295366546,,,,,,,,,,,,,,title_abstract,
https://openalex.org/W4295408825,,,,,,,,,,,,,,title_abstract,
https://openalex.org/W4295539928,,,,,,,,,,,,,,title_abstract,
https://openalex.org/W4295549408,,,,,,,,,,,,,,title_abstract,
https://openalex.org/W4295677951,,,,,,,,,,,,,,title_abstract,
https://openalex.org/W4295681026,,,,,,,,,,,,,,title_abstract,
https://openalex.org/W4295845672,,,,,,,,,,,,,,title_abstract,
https://openalex.org/W4295851495,,,,,,,,,,,,,,title_abstract,
https://openalex.org/W4295924964,,,,,,,,,,,,,,title_abstract,
https://openalex.org/W4295949609,,,,,,,,,,,,,,title_abstract,
https://openalex.org/W4295949801,,,,,,,,,,,,,,title_abstract,
https://openalex.org/W4295990798,technology_indicators,,,,,,,4.2,no,,,,,candidate_screen,"did not meet inclusion criteria at screening (cross-national scope, explicit technology indicator, or biophysical outcome)"
https://openalex.org/W4296041454,,,,,,,,,,,,,,title_abstract,
https://openalex.org/W4296053886,,,,,,,,,,,,,,title_abstract,
https://openalex.org/W4296129378,,,,,,,,,,,,,,title_abstract,
https://openalex.org/W4296324927,,,,,,,,,,,,,,title_abstract,
https://openalex.org/W4296336234,,,,,,,,,,,,,,title_abstract,
https://openalex.org/W4296390364,,,,,,,,,,,,,,title_abstract,
https://openalex.org/W4296417283,,,,,,,,,,,,,,title_abstract,
https://openalex.org/W4296483384,,,,,,,,,,,,,,title_abstract,
https://openalex.org/W4296625366,,,,,,,,,,,,,,title_abstract,
https://openalex.org/W4296701027,,,,,,,,,,,,,,title_abstract,
https://openalex.org/W4296739840,,,,,,,,,,,,,,title_abstract,
https://openalex.org/W4296775932,,,,,,,,,,,,,,title_abstract,
https://openalex.org/W4296777481,,,,,,,,,,,,,,title_abstract,
https://openalex.org/W4296992816,,,,,,,,,,,,,,title_abstract,
https://openalex.org/W4296992993,,,,,,,,,,,,,,title_abstract,
https://openalex.org/W4297004960,,,,,,,,,,,,,,title_abstract,
https://openalex.org/W4297252254,,,,,,,,,,,,,,title_abstract,
https://openalex.org/W4297282630,,,,,,,,,,,,,,title_abstract,
https://openalex.org/W4297361098,,,,,,,,,,,,,,title_abstract,
https://openalex.org/W4297493513,,,,,,,,,,,,,,title_abstract,
https://openalex.org/W4297493894,,,,,,,,,,,,,,title_abstract,
https://openalex.org/W4297577129,,,,,,,,,,,,,,title_abstract,
https://openalex.org/W4297720902,,,,,,,,,,,,,,title_abstract,
https://openalex.org/W4297721113,,,,,,,,,,,,,,title_abstract,
https://openalex.org/W4297799134,,,,,,,,,,,,,,title_abstract,
https://openalex.org/W4297826767,,,,,,,,,,,,,,title_abstract,
https://openalex.org/W4297907588,,,,,,,,,,,,,,title_abstract,
https://openalex.org/W4297998357,,,,,,,,,,,,,,title_abstract,
https://openalex.org/W4297998576,,,,,,,,,,,,,,title_abstract,
https://openalex.org/W4297998595,,,,,,,,,,,,,,title_abstract,
https://openalex.org/W4297998597,,,,,,,,,,,,,,title_abstract,
https://openalex.org/W4297998708,,,,,,,,,,,,,,title_abstract,
https://openalex.org/W4297999082,,,,,,,,,,,,,,title_abstract,
https://openalex.org/W4298101675,,,,,,,,,,,,,,title_abstract,
https://openalex.org/W4298140811,,,,,,,,,,,,,,title_abstract,
https://openalex.org/W4298145911,,,,,,,,,,,,,,title_abstract,
https://openalex.org/W4298147450,,,,,,,,,,,,,,title_abstract,
https://openalex.org/W4300291538,,,,,,,,,,,,,,title_abstract,
https://openalex.org/W4300485768,,,,,,,,,,,,,,title_abstract,
https://openalex.org/W4300667344,,,,,,,,,,,,,,title_abstract,
https://openalex.org/W4300961869,,,,,,,,,,,,,,title_abstract,
https://openalex.org/W4301603459,,,,,,,,,,,,,,title_abstract,
https://openalex.org/W4302283889,,,,,,,,,,,,,,title_abstract,
https://openalex.org/W4302287475,,,,,,,,,,,,,,title_abstract,
https://openalex.org/W4303024499,,,,,,,,,,,,,,title_abstract,
https://openalex.org/W4303411531,,,,,,,,,,,,,,title_abstract,
https://openalex.org/W4303645899,,,,,,,,,,,,,,title_abstract,
https://openalex.org/W4303685906,,,,,,,,,,,,,,title_abstract,
https://openalex.org/W4303982197,,,,,,,,,,,,,,title_abstract,
https://openalex.org/W4304091620,,,,,,,,,,,,,,title_abstract,
https://openalex.org/W4304144550,,,,,,,,,,,,,,title_abstract,
https://openalex.org/W4304172110,,,,,,,,,,,,,,title_abstract,
https://openalex.org/W4304187076,,,,,,,,,,,,,,title_abstract,
https://openalex.org/W4304616394,,,,,,,,,,,,,,title_abstract,
https://openalex.org/W4304693729,,,,,,,,,,,,,,title_abstract,
https://openalex.org/W4304756213,,,,,,,,,,,,,,title_abstract,
https://openalex.org/W4304775983,,,,,,,,,,,,,,title_abstract,
https://openalex.org/W4304780007,,,,,,,,,,,,,,title_abstract,
https://openalex.org/W4304822885,,,,,,,,,,,,,,title_abstract,
https://openalex.org/W4304943299,,,,,,,,,,,,,,title_abstract,
https://openalex.org/W4304975968,,,,,,,,,,,,,,title_abstract,
https://openalex.org/W4306173629,,,,,,,,,,,,,,title_abstract,
https://openalex.org/W4306291487,,,,,,,,,,,,,,title_abstract,
https://openalex.org/W4306410348,,,,,,,,,,,,,,title_abstract,
https://openalex.org/W4306630467,,,,,,,,,,,,,,title_abstract,
https://openalex.org/W4306750099,,,,,,,,,,,,,,title_abstract,
https://openalex.org/W4306769457,,,,,,,,,,,,,,title_abstract,
https://openalex.org/W4306897122,,,,,,,,,,,,,,title_abstract,
https://openalex.org/W4306916454,,,,,,,,,,,,,,title_abstract,
https://openalex.org/W4307054451,,,,,,,,,,,,,,title_abstract,
https://openalex.org/W4307166303,,,,,,,,,,,,,,title_abstract,
https://openalex.org/W4307244553,,,,,,,,,,,,,,title_abstract,
https://openalex.org/W4307297877,,,,,,,,,,,,,,title_abstract,
https://openalex.org/W4307302080,,,,,,,,,,,,,,title_abstract,
https://openalex.org/W4307330861,,,,,,,,,,,,,,title_abstract,
https://openalex.org/W4307372409,,,,,,,,,,,,,,title_abstract,
https://openalex.org/W4307507244,,,,,,,,,,,,,,title_abstract,
https://openalex.org/W4307540560,,,,,,,,,,,,,,title_abstract,
https://openalex.org/W4307573214,,,,,,,,,,,,,,title_abstract,
https://openalex.org/W4307630951,,,,,,,,,,,,,,title_abstract,
https://openalex.org/W4307701803,,,,,,,,,,,,,,title_abstract,
https://openalex.org/W4307715300,,,,,,,,,,,,,,title_abstract,
https://openalex.org/W4307757489,,,,,,,,,,,,,,title_abstract,
https://openalex.org/W4307855161,,,,,,,,,,,,,,title_abstract,
https://openalex.org/W4307903930,,,,,,,,,,,,,,title_abstract,
https://openalex.org/W4307913282,,,,,,,,,,,,,,title_abstract,
https://openalex.org/W4308026639,,,,,,,,,,,,,,title_abstract,
https://openalex.org/W4308038032,,,,,,,,,,,,,,title_abstract,
https://openalex.org/W4308137977,,,,,,,,,,,,,,title_abstract,
https://openalex.org/W4308152359,,,,,,,,,,,,,,title_abstract,
https://openalex.org/W4308195445,,,,,,,,,,,,,,title_abstract,
https://openalex.org/W4308295819,,,,,,,,,,,,,,title_abstract,
https://openalex.org/W4308325267,,,,,,,,,,,,,,title_abstract,
https://openalex.org/W4308336038,,,,,,,,,,,,,,title_abstract,
https://openalex.org/W4308374261,,,,,,,,,,,,,,title_abstract,
https://openalex.org/W4308453108,,,,,,,,,,,,,,title_abstract,
https://openalex.org/W4308455803,,,,,,,,,,,,,,title_abstract,
https://openalex.org/W4308459164,,,,,,,,,,,,,,title_abstract,
https://openalex.org/W4308472311,,,,,,,,,,,,,,title_abstract,
https://openalex.org/W4308764930,,,,,,,,,,,,,,title_abstract,
https://openalex.org/W4308842459,,,,,,,,,,,,,,title_abstract,
https://openalex.org/W4308890848,,,,,,,,,,,,,,title_abstract,
https://openalex.org/W4308908053,,,,,,,,,,,,,,title_abstract,
https://openalex.org/W4308916940,,,,,,,,,,,,,,title_abstract,
https://openalex.org/W4308925508,,,,,,,,,,,,,,title_abstract,
https://openalex.org/W4309022745,,,,,,,,,,,,,,title_abstract,
https://openalex.org/W4309048196,,,,,,,,,,,,,,title_abstract,
https://openalex.org/W4309203449,,,,,,,,,,,,,,title_abstract,
https://openalex.org/W4309205632,,,,,,,,,,,,,,title_abstract,
https://openalex.org/W4309215440,,,,,,,,,,,,,,title_abstract,
https://openalex.org/W4309341823,,,,,,,,,,,,,,title_abstract,
https://openalex.org/W4309348237,,,,,,,,,,,,,,title_abstract,
https://openalex.org/W4309349864,,,,,,,,,,,,,,title_abstract,
https://openalex.org/W4309402112,,,,,,,,,,,,,,title_abstract,
https://openalex.org/W4309509886,,,,,,,,,,,,,,title_abstract,
https://openalex.org/W4309564865,,,,,,,,,,,,,,title_abstract,
https://openalex.org/W4309700208,,,,,,,,,,,,,,title_abstract,
https://openalex.org/W4309701532,,,,,,,,,,,,,,title_abstract,
https://openalex.org/W4309714125,,,,,,,,,,,,,,title_abstract,
https://openalex.org/W4309714572,technology_indicators,,,,,,,4.2,no,,,,,candidate_screen,"did not meet inclusion criteria at screening (cross-national scope, explicit technology indicator, or biophysical outcome)"
https://openalex.org/W4309728513,,,,,,,,,,,,,,title_abstract,
https://openalex.org/W4309829569,,,,,,,,,,,,,,title_abstract,
https://openalex.org/W4309865423,,,,,,,,,,,,,,title_abstract,
https://openalex.org/W4309879200,,,,,,,,,,,,,,title_abstract,
https://openalex.org/W4309930104,,,,,,,,,,,,,,title_abstract,
https://openalex.org/W4309934782,,,,,,,,,,,,,,title_abstract,
https://openalex.org/W4310004272,,,,,,,,,,,,,,title_abstract,
https://openalex.org/W4310197899,,,,,,,,,,,,,,title_abstract,
https://openalex.org/W4310211373,,,,,,,,,,,,,,title_abstract,
https://openalex.org/W4310387338,,,,,,,,,,,,,,title_abstract,
https://openalex.org/W4310469599,,,,,,,,,,,,,,title_abstract,
https://openalex.org/W4310493790,,,,,,,,,,,,,,title_abstract,
https://openalex.org/W4310501110,,,,,,,,,,,,,,title_abstract,
https://openalex.org/W4310580564,,,,,,,,,,,,,,title_abstract,
https://openalex.org/W4310581888,,,,,,,,,,,,,,title_abstract,
https://openalex.org/W4310768545,,,,,,,,,,,,,,title_abstract,
https://openalex.org/W4310789962,,,,,,,,,,,,,,title_abstract,
https://openalex.org/W4311092030,,,,,,,,,,,,,,title_abstract,
https://openalex.org/W4311286378,,,,,,,,,,,,,,title_abstract,
https://openalex.org/W4311304946,,,,,,,,,,,,,,title_abstract,
https://openalex.org/W4311363816,,,,,,,,,,,,,,title_abstract,
https://openalex.org/W4311459684,,,,,,,,,,,,,,title_abstract,
https://openalex.org/W4311529867,,,,,,,,,,,,,,title_abstract,
https://openalex.org/W4311626299,,,,,,,,,,,,,,title_abstract,
https://openalex.org/W4311626509,,,,,,,,,,,,,,title_abstract,
https://openalex.org/W4311774847,,,,,,,,,,,,,,title_abstract,
https://openalex.org/W4311791469,,,,,,,,,,,,,,title_abstract,
https://openalex.org/W4311969899,,,,,,,,,,,,,,title_abstract,
https://openalex.org/W4312067312,,,,,,,,,,,,,,title_abstract,
https://openalex.org/W4312081293,,,,,,,,,,,,,,title_abstract,
https://openalex.org/W4312109333,,,,,,,,,,,,,,title_abstract,
https://openalex.org/W4312113354,,,,,,,,,,,,,,title_abstract,
https://openalex.org/W4312122577,,,,,,,,,,,,,,title_abstract,
https://openalex.org/W4312122591,,,,,,,,,,,,,,title_abstract,
https://openalex.org/W4312124052,,,,,,,,,,,,,,title_abstract,
https://openalex.org/W4312138366,,,,,,,,,,,,,,title_abstract,
https://openalex.org/W4312192214,,,,,,,,,,,,,,title_abstract,
https://openalex.org/W4312192547,,,,,,,,,,,,,,title_abstract,
https://openalex.org/W4312327660,,,,,,,,,,,,,,title_abstract,
https://openalex.org/W4312399232,,,,,,,,,,,,,,title_abstract,
https://openalex.org/W4312545699,,,,,,,,,,,,,,title_abstract,
https://openalex.org/W43127283,,,,,,,,,,,,,,title_abstract,
https://openalex.org/W4312765600,,,,,,,,,,,,,,title_abstract,
https://openalex.org/W4312808064,,,,,,,,,,,,,,title_abstract,
https://openalex.org/W4312839546,,,,,,,,,,,,,,title_abstract,
https://openalex.org/W4312895954,,,,,,,,,,,,,,title_abstract,
https://openalex.org/W4312905641,,,,,,,,,,,,,,title_abstract,
https://openalex.org/W4313004744,,,,,,,,,,,,,,title_abstract,
https://openalex.org/W4313170655,,,,,,,,,,,,,,title_abstract,
https://openalex.org/W4313244715,,,,,,,,,,,,,,title_abstract,
https://openalex.org/W4313253627,,,,,,,,,,,,,,title_abstract,
https://openalex.org/W4313259311,,,,,,,,,,,,,,title_abstract,
https://openalex.org/W4313269344,,,,,,,,,,,,,,title_abstract,
https://openalex.org/W4313271897,,,,,,,,,,,,,,title_abstract,
https://openalex.org/W4313330425,,,,,,,,,,,,,,title_abstract,
https://openalex.org/W4313361206,,,,,,,,,,,,,,title_abstract,
https://openalex.org/W4313389112,,,,,,,,,,,,,,title_abstract,
https://openalex.org/W4313407285,,,,,,,,,,,,,,title_abstract,
https://openalex.org/W4313410466,,,,,,,,,,,,,,title_abstract,
https://openalex.org/W4313413697,,,,,,,,,,,,,,title_abstract,
https://openalex.org/W4313414231,,,,,,,,,,,,,,title_abstract,
https://openalex.org/W4313432344,,,,,,,,,,,,,,title_abstract,
https://openalex.org/W4313447960,,,,,,,,,,,,,,title_abstract,
https://openalex.org/W4313452618,,,,,,,,,,,,,,title_abstract,
https://openalex.org/W4313466238,,,,,,,,,,,,,,title_abstract,
https://openalex.org/W4313466860,,,,,,,,,,,,,,title_abstract,
https://openalex.org/W4313523860,,,,,,,,,,,,,,title_abstract,
https://openalex.org/W4313585283,,,,,,,,,,,,,,title_abstract,
https://openalex.org/W4313586116,,,,,,,,,,,,,,title_abstract,
https://openalex.org/W4313595870,,,,,,,,,,,,,,title_abstract,
https://openalex.org/W4313637799,,,,,,,,,,,,,,title_abstract,
https://openalex.org/W4313643015,,,,,,,,,,,,,,title_abstract,
https://openalex.org/W4313647016,,,,,,,,,,,,,,title_abstract,
https://openalex.org/W4313652587,,,,,,,,,,,,,,title_abstract,
https://openalex.org/W4313824443,,,,,,,,,,,,,,title_abstract,
https://openalex.org/W4313827617,,,,,,,,,,,,,,title_abstract,
https://openalex.org/W4313880499,,,,,,,,,,,,,,title_abstract,
https://openalex.org/W4315487383,,,,,,,,,,,,,,title_abstract,
https://openalex.org/W4315574384,,,,,,,,,,,,,,title_abstract,
https://openalex.org/W4315619801,,,,,,,,,,,,,,title_abstract,
https://openalex.org/W4315650137,,,,,,,,,,,,,,title_abstract,
https://openalex.org/W4315652190,,,,,,,,,,,,,,title_abstract,
https://openalex.org/W4315699886,,,,,,,,,,,,,,title_abstract,
https://openalex.org/W4315707282,,,,,,,,,,,,,,title_abstract,
https://openalex.org/W4315779046,,,,,,,,,,,,,,title_abstract,
https://openalex.org/W4315797940,,,,,,,,,,,,,,title_abstract,
https://openalex.org/W4315884111,,,,,,,,,,,,,,title_abstract,
https://openalex.org/W4315969330,,,,,,,,,,,,,,title_abstract,
https://openalex.org/W4316511523,,,,,,,,,,,,,,title_abstract,
https://openalex.org/W4317213604,,,,,,,,,,,,,,title_abstract,
https://openalex.org/W4317358114,,,,,,,,,,,,,,title_abstract,
https://openalex.org/W4317423555,,,,,,,,,,,,,,title_abstract,
https://openalex.org/W4317662050,,,,,,,,,,,,,,title_abstract,
https://openalex.org/W4317695521,,,,,,,,,,,,,,title_abstract,
https://openalex.org/W4317748870,,,,,,,,,,,,,,title_abstract,
https://openalex.org/W4317814988,,,,,,,,,,,,,,title_abstract,
https://openalex.org/W4317821175,,,,,,,,,,,,,,title_abstract,
https://openalex.org/W4317911406,,,,,,,,,,,,,,title_abstract,
https://openalex.org/W4317934019,,,,,,,,,,,,,,title_abstract,
https://openalex.org/W4318052406,,,,,,,,,,,,,,title_abstract,
https://openalex.org/W4318071683,,,,,,,,,,,,,,title_abstract,
https://openalex.org/W4318336339,,,,,,,,,,,,,,title_abstract,
https://openalex.org/W4318464180,,,,,,,,,,,,,,title_abstract,
https://openalex.org/W4318483267,,,,,,,,,,,,,,title_abstract,
https://openalex.org/W4318612086,,,,,,,,,,,,,,title_abstract,
https://openalex.org/W4318618376,,,,,,,,,,,,,,title_abstract,
https://openalex.org/W4318620262,,,,,,,,,,,,,,title_abstract,
https://openalex.org/W4318761820,,,,,,,,,,,,,,title_abstract,
https://openalex.org/W4318814302,,,,,,,,,,,,,,title_abstract,
https://openalex.org/W4318815224,,,,,,,,,,,,,,title_abstract,
https://openalex.org/W4318820120,,,,,,,,,,,,,,title_abstract,
https://openalex.org/W4318832355,,,,,,,,,,,,,,title_abstract,
https://openalex.org/W4318999627,,,,,,,,,,,,,,title_abstract,
https://openalex.org/W4319302039,,,,,,,,,,,,,,title_abstract,
https://openalex.org/W4319310851,,,,,,,,,,,,,,title_abstract,
https://openalex.org/W4319314979,,,,,,,,,,,,,,title_abstract,
https://openalex.org/W4319324377,,,,,,,,,,,,,,title_abstract,
https://openalex.org/W4319441187,,,,,,,,,,,,,,title_abstract,
https://openalex.org/W4319455082,,,,,,,,,,,,,,title_abstract,
https://openalex.org/W4319459606,,,,,,,,,,,,,,title_abstract,
https://openalex.org/W4319662412,,,,,,,,,,,,,,title_abstract,
https://openalex.org/W4319981840,,,,,,,,,,,,,,title_abstract,
https://openalex.org/W4319992372,,,,,,,,,,,,,,title_abstract,
https://openalex.org/W4320008811,,,,,,,,,,,,,,title_abstract,
https://openalex.org/W4320022986,,,,,,,,,,,,,,title_abstract,
https://openalex.org/W4320030503,,,,,,,,,,,,,,title_abstract,
https://openalex.org/W4320080928,,,,,,,,,,,,,,title_abstract,
https://openalex.org/W4320491030,,,,,,,,,,,,,,title_abstract,
https://openalex.org/W4320496773,,,,,,,,,,,,,,title_abstract,
https://openalex.org/W4320515164,,,,,,,,,,,,,,title_abstract,
https://openalex.org/W4320919423,,,,,,,,,,,,,,title_abstract,
https://openalex.org/W4321014846,,,,,,,,,,,,,,title_abstract,
https://openalex.org/W4321115895,,,,,,,,,,,,,,title_abstract,
https://openalex.org/W4321167277,,,,,,,,,,,,,,title_abstract,
https://openalex.org/W4321348990,,,,,,,,,,,,,,title_abstract,
https://openalex.org/W4321351657,,,,,,,,,,,,,,title_abstract,
https://openalex.org/W4321367486,,,,,,,,,,,,,,title_abstract,
https://openalex.org/W4321453013,,,,,,,,,,,,,,title_abstract,
https://openalex.org/W4321458475,,,,,,,,,,,,,,title_abstract,
https://openalex.org/W4321496168,,,,,,,,,,,,,,title_abstract,
https://openalex.org/W4321497360,,,,,,,,,,,,,,title_abstract,
https://openalex.org/W4321497860,,,,,,,,,,,,,,title_abstract,
https://openalex.org/W4321503319,,,,,,,,,,,,,,title_abstract,
https://openalex.org/W4321600315,,,,,,,,,,,,,,title_abstract,
https://openalex.org/W4321618061,,,,,,,,,,,,,,title_abstract,
https://openalex.org/W4321787985,,,,,,,,,,,,,,title_abstract,
https://openalex.org/W4322008748,,,,,,,,,,,,,,title_abstract,
https://openalex.org/W4322217134,,,,,,,,,,,,,,title_abstract,
https://openalex.org/W4322496353,,,,,,,,,,,,,,title_abstract,
https://openalex.org/W4322618375,,,,,,,,,,,,,,title_abstract,
https://openalex.org/W4322627886,,,,,,,,,,,,,,title_abstract,
https://openalex.org/W4322717806,,,,,,,,,,,,,,title_abstract,
https://openalex.org/W4322738278,,,,,,,,,,,,,,title_abstract,
https://openalex.org/W4322744921,,,,,,,,,,,,,,title_abstract,
https://openalex.org/W4322761281,,,,,,,,,,,,,,title_abstract,
https://openalex.org/W4322774971,,,,,,,,,,,,,,title_abstract,
https://openalex.org/W4323038822,,,,,,,,,,,,,,title_abstract,
https://openalex.org/W4323268363,,,,,,,,,,,,,,title_abstract,
https://openalex.org/W4323308236,,,,,,,,,,,,,,title_abstract,
https://openalex.org/W4323310214,,,,,,,,,,,,,,title_abstract,
https://openalex.org/W4323355568,,,,,,,,,,,,,,title_abstract,
https://openalex.org/W4323546382,,,,,,,,,,,,,,title_abstract,
https://openalex.org/W4323659194,,,,,,,,,,,,,,title_abstract,
https://openalex.org/W4323662803,,,,,,,,,,,,,,title_abstract,
https://openalex.org/W4323666019,,,,,,,,,,,,,,title_abstract,
https://openalex.org/W4323844536,,,,,,,,,,,,,,title_abstract,
https://openalex.org/W4323846691,,,,,,,,,,,,,,title_abstract,
https://openalex.org/W4324025866,,,,,,,,,,,,,,title_abstract,
https://openalex.org/W4324027597,,,,,,,,,,,,,,title_abstract,
https://openalex.org/W4324054940,,,,,,,,,,,,,,title_abstract,
https://openalex.org/W4324056506,,,,,,,,,,,,,,title_abstract,
https://openalex.org/W4324061716,,,,,,,,,,,,,,title_abstract,
https://openalex.org/W4324094631,,,,,,,,,,,,,,title_abstract,
https://openalex.org/W4324383244,,,,,,,,,,,,,,title_abstract,
https://openalex.org/W4327558261,,,,,,,,,,,,,,title_abstract,
https://openalex.org/W4327620652,,,,,,,,,,,,,,title_abstract,
https://openalex.org/W4327723595,,,,,,,,,,,,,,title_abstract,
https://openalex.org/W4327950618,,,,,,,,,,,,,,title_abstract,
https://openalex.org/W4327953231,,,,,,,,,,,,,,title_abstract,
https://openalex.org/W4328050913,,,,,,,,,,,,,,title_abstract,
https://openalex.org/W4328117608,,,,,,,,,,,,,,title_abstract,
https://openalex.org/W4328125179,,,,,,,,,,,,,,title_abstract,
https://openalex.org/W4353059803,,,,,,,,,,,,,,title_abstract,
https://openalex.org/W4360609502,,,,,,,,,,,,,,title_abstract,
https://openalex.org/W4360610851,,,,,,,,,,,,,,title_abstract,
https://openalex.org/W4360613613,,,,,,,,,,,,,,title_abstract,
https://openalex.org/W4360614572,,,,,,,,,,,,,,title_abstract,
https://openalex.org/W4360617849,,,,,,,,,,,,,,title_abstract,
https://openalex.org/W4360619649,,,,,,,,,,,,,,title_abstract,
https://openalex.org/W4360785944,,,,,,,,,,,,,,title_abstract,
https://openalex.org/W4360853204,,,,,,,,,,,,,,title_abstract,
https://openalex.org/W4360866210,,,,,,,,,,,,,,title_abstract,
https://openalex.org/W4360976038,,,,,,,,,,,,,,title_abstract,
https://openalex.org/W4360982622,,,,,,,,,,,,,,title_abstract,
https://openalex.org/W4361001822,,,,,,,,,,,,,,title_abstract,
https://openalex.org/W4361004927,,,,,,,,,,,,,,title_abstract,
https://openalex.org/W4361010166,,,,,,,,,,,,,,title_abstract,
https://openalex.org/W4361026452,,,,,,,,,,,,,,title_abstract,
https://openalex.org/W4361264220,,,,,,,,,,,,,,title_abstract,
https://openalex.org/W4361274629,,,,,,,,,,,,,,title_abstract,
https://openalex.org/W4361292806,,,,,,,,,,,,,,title_abstract,
https://openalex.org/W4361295254,,,,,,,,,,,,,,title_abstract,
https://openalex.org/W4361299165,,,,,,,,,,,,,,title_abstract,
https://openalex.org/W4361751064,,,,,,,,,,,,,,title_abstract,
https://openalex.org/W4361855870,,,,,,,,,,,,,,title_abstract,
https://openalex.org/W4362510488,,,,,,,,,,,,,,title_abstract,
https://openalex.org/W4362526228,,,,,,,,,,,,,,title_abstract,
https://openalex.org/W4362559168,,,,,,,,,,,,,,title_abstract,
https://openalex.org/W4362589000,,,,,,,,,,,,,,title_abstract,
https://openalex.org/W4362631449,,,,,,,,,,,,,,title_abstract,
https://openalex.org/W4362676224,,,,,,,,,,,,,,title_abstract,
https://openalex.org/W4362677669,,,,,,,,,,,,,,title_abstract,
https://openalex.org/W4362701282,,,,,,,,,,,,,,title_abstract,
https://openalex.org/W4362733197,,,,,,,,,,,,,,title_abstract,
https://openalex.org/W4363651307,,,,,,,,,,,,,,title_abstract,
https://openalex.org/W4364321899,,,,,,,,,,,,,,title_abstract,
https://openalex.org/W4365136681,,,,,,,,,,,,,,title_abstract,
https://openalex.org/W4365149944,,,,,,,,,,,,,,title_abstract,
https://openalex.org/W4365508996,,,,,,,,,,,,,,title_abstract,
https://openalex.org/W4365514621,,,,,,,,,,,,,,title_abstract,
https://openalex.org/W4365514627,,,,,,,,,,,,,,title_abstract,
https://openalex.org/W4366088284,,,,,,,,,,,,,,title_abstract,
https://openalex.org/W4366091453,,,,,,,,,,,,,,title_abstract,
https://openalex.org/W4366188937,,,,,,,,,,,,,,title_abstract,
https://openalex.org/W4366263192,,,,,,,,,,,,,,title_abstract,
https://openalex.org/W4366290685,,,,,,,,,,,,,,title_abstract,
https://openalex.org/W4366401414,,,,,,,,,,,,,,title_abstract,
https://openalex.org/W4366412135,,,,,,,,,,,,,,title_abstract,
https://openalex.org/W4366415314,,,,,,,,,,,,,,title_abstract,
https://openalex.org/W4366456024,,,,,,,,,,,,,,title_abstract,
https://openalex.org/W4366489399,,,,,,,,,,,,,,title_abstract,
https://openalex.org/W4366538285,,,,,,,,,,,,,,title_abstract,
https://openalex.org/W4366550462,,,,,,,,,,,,,,title_abstract,
https://openalex.org/W4366721511,,,,,,,,,,,,,,title_abstract,
https://openalex.org/W4366772605,,,,,,,,,,,,,,title_abstract,
https://openalex.org/W4366782842,,,,,,,,,,,,,,title_abstract,
https://openalex.org/W4366827500,,,,,,,,,,,,,,title_abstract,
https://openalex.org/W4366975340,,,,,,,,,,,,,,title_abstract,
https://openalex.org/W4367041971,,,,,,,,,,,,,,title_abstract,
https://openalex.org/W4367044665,,,,,,,,,,,,,,title_abstract,
https://openalex.org/W4367053432,,,,,,,,,,,,,,title_abstract,
https://openalex.org/W4367171029,,,,,,,,,,,,,,title_abstract,
https://openalex.org/W4367311236,,,,,,,,,,,,,,title_abstract,
https://openalex.org/W4367312416,,,,,,,,,,,,,,title_abstract,
https://openalex.org/W4367598915,,,,,,,,,,,,,,title_abstract,
https://openalex.org/W4367624964,,,,,,,,,,,,,,title_abstract,
https://openalex.org/W4368240764,,,,,,,,,,,,,,title_abstract,
https://openalex.org/W4368376271,,,,,,,,,,,,,,title_abstract,
https://openalex.org/W436891610,,,,,,,,,,,,,,title_abstract,
https://openalex.org/W4372291494,,,,,,,,,,,,,,title_abstract,
https://openalex.org/W4372335609,,,,,,,,,,,,,,title_abstract,
https://openalex.org/W4372348656,,,,,,,,,,,,,,title_abstract,
https://openalex.org/W4375865721,,,,,,,,,,,,,,title_abstract,
https://openalex.org/W4376109915,,,,,,,,,,,,,,title_abstract,
https://openalex.org/W4376134818,,,,,,,,,,,,,,title_abstract,
https://openalex.org/W4376602764,,,,,,,,,,,,,,title_abstract,
https://openalex.org/W4376610324,,,,,,,,,,,,,,title_abstract,
https://openalex.org/W4376612084,,,,,,,,,,,,,,title_abstract,
https://openalex.org/W4376640762,,,,,,,,,,,,,,title_abstract,
https://openalex.org/W4376645051,,,,,,,,,,,,,,title_abstract,
https://openalex.org/W4376651516,,,,,,,,,,,,,,title_abstract,
https://openalex.org/W4376873495,,,,,,,,,,,,,,title_abstract,
https://openalex.org/W4376958430,,,,,,,,,,,,,,title_abstract,
https://openalex.org/W4377014375,,,,,,,,,,,,,,title_abstract,
https://openalex.org/W4377021062,,,,,,,,,,,,,,title_abstract,
https://openalex.org/W4377042717,,,,,,,,,,,,,,title_abstract,
https://openalex.org/W4377046920,,,,,,,,,,,,,,title_abstract,
https://openalex.org/W4377094112,,,,,,,,,,,,,,title_abstract,
https://openalex.org/W4377104059,,,,,,,,,,,,,,title_abstract,
https://openalex.org/W4377104326,,,,,,,,,,,,,,title_abstract,
https://openalex.org/W4377104426,,,,,,,,,,,,,,title_abstract,
https://openalex.org/W4377107994,,,,,,,,,,,,,,title_abstract,
https://openalex.org/W4377238968,,,,,,,,,,,,,,title_abstract,
https://openalex.org/W4377288186,,,,,,,,,,,,,,title_abstract,
https://openalex.org/W4377861729,,,,,,,,,,,,,,title_abstract,
https://openalex.org/W4377965867,,,,,,,,,,,,,,title_abstract,
https://openalex.org/W4378072429,,,,,,,,,,,,,,title_abstract,
https://openalex.org/W4378216524,,,,,,,,,,,,,,title_abstract,
https://openalex.org/W4378225195,,,,,,,,,,,,,,title_abstract,
https://openalex.org/W4378229624,,,,,,,,,,,,,,title_abstract,
https://openalex.org/W4378619997,,,,,,,,,,,,,,title_abstract,
https://openalex.org/W4378649770,,,,,,,,,,,,,,title_abstract,
https://openalex.org/W4378650772,,,,,,,,,,,,,,title_abstract,
https://openalex.org/W4378714438,,,,,,,,,,,,,,title_abstract,
https://openalex.org/W4378765412,,,,,,,,,,,,,,title_abstract,
https://openalex.org/W4378908044,,,,,,,,,,,,,,title_abstract,
https://openalex.org/W4379144887,,,,,,,,,,,,,,title_abstract,
https://openalex.org/W4379231521,,,,,,,,,,,,,,title_abstract,
https://openalex.org/W4379469167,,,,,,,,,,,,,,title_abstract,
https://openalex.org/W4379469882,,,,,,,,,,,,,,title_abstract,
https://openalex.org/W4379473626,,,,,,,,,,,,,,title_abstract,
https://openalex.org/W4379536254,,,,,,,,,,,,,,title_abstract,
https://openalex.org/W4379743553,,,,,,,,,,,,,,title_abstract,
https://openalex.org/W4379744504,,,,,,,,,,,,,,title_abstract,
https://openalex.org/W4379929438,,,,,,,,,,,,,,title_abstract,
https://openalex.org/W4380050667,,,,,,,,,,,,,,title_abstract,
https://openalex.org/W4380052112,,,,,,,,,,,,,,title_abstract,
https://openalex.org/W4380084364,,,,,,,,,,,,,,title_abstract,
https://openalex.org/W4380152273,,,,,,,,,,,,,,title_abstract,
https://openalex.org/W4380269638,,,,,,,,,,,,,,title_abstract,
https://openalex.org/W4380373463,,,,,,,,,,,,,,title_abstract,
https://openalex.org/W4380480405,,,,,,,,,,,,,,title_abstract,
https://openalex.org/W4380486670,,,,,,,,,,,,,,title_abstract,
https://openalex.org/W4380628716,,,,,,,,,,,,,,title_abstract,
https://openalex.org/W4380630736,,,,,,,,,,,,,,title_abstract,
https://openalex.org/W4380635193,,,,,,,,,,,,,,title_abstract,
https://openalex.org/W4380841926,,,,,,,,,,,,,,title_abstract,
https://openalex.org/W4380990266,,,,,,,,,,,,,,title_abstract,
https://openalex.org/W4381280096,,,,,,,,,,,,,,title_abstract,
https://openalex.org/W4381326117,,,,,,,,,,,,,,title_abstract,
https://openalex.org/W4381548479,,,,,,,,,,,,,,title_abstract,
https://openalex.org/W4381598936,,,,,,,,,,,,,,title_abstract,
https://openalex.org/W4381930384,,,,,,,,,,,,,,title_abstract,
https://openalex.org/W4382010150,,,,,,,,,,,,,,title_abstract,
https://openalex.org/W4382011620,,,,,,,,,,,,,,title_abstract,
https://openalex.org/W4382133767,,,,,,,,,,,,,,title_abstract,
https://openalex.org/W4382135236,,,,,,,,,,,,,,title_abstract,
https://openalex.org/W4382135611,,,,,,,,,,,,,,title_abstract,
https://openalex.org/W4382173829,,,,,,,,,,,,,,title_abstract,
https://openalex.org/W4382182093,,,,,,,,,,,,,,title_abstract,
https://openalex.org/W4382238197,,,,,,,,,,,,,,title_abstract,
https://openalex.org/W4382337691,,,,,,,,,,,,,,title_abstract,
https://openalex.org/W4382361068,,,,,,,,,,,,,,title_abstract,
https://openalex.org/W4382362865,,,,,,,,,,,,,,title_abstract,
https://openalex.org/W4382363171,,,,,,,,,,,,,,title_abstract,
https://openalex.org/W4382395456,,,,,,,,,,,,,,title_abstract,
https://openalex.org/W4382402546,,,,,,,,,,,,,,title_abstract,
https://openalex.org/W4382402931,,,,,,,,,,,,,,title_abstract,
https://openalex.org/W4382460710,,,,,,,,,,,,,,title_abstract,
https://openalex.org/W4382500955,,,,,,,,,,,,,,title_abstract,
https://openalex.org/W4382560215,,,,,,,,,,,,,,title_abstract,
https://openalex.org/W4382631708,,,,,,,,,,,,,,title_abstract,
https://openalex.org/W4382723195,,,,,,,,,,,,,,title_abstract,
https://openalex.org/W4382727083,,,,,,,,,,,,,,title_abstract,
https://openalex.org/W4382753600,,,,,,,,,,,,,,title_abstract,
https://openalex.org/W4382775939,,,,,,,,,,,,,,title_abstract,
https://openalex.org/W4382807123,,,,,,,,,,,,,,title_abstract,
https://openalex.org/W4382938151,,,,,,,,,,,,,,title_abstract,
https://openalex.org/W4382939556,,,,,,,,,,,,,,title_abstract,
https://openalex.org/W4382940370,,,,,,,,,,,,,,title_abstract,
https://openalex.org/W4382983503,,,,,,,,,,,,,,title_abstract,
https://openalex.org/W4383102071,,,,,,,,,,,,,,title_abstract,
https://openalex.org/W4383262666,,,,,,,,,,,,,,title_abstract,
https://openalex.org/W4383271133,,,,,,,,,,,,,,title_abstract,
https://openalex.org/W4383346038,,,,,,,,,,,,,,title_abstract,
https://openalex.org/W4383376880,,,,,,,,,,,,,,title_abstract,
https://openalex.org/W4383506026,,,,,,,,,,,,,,title_abstract,
https://openalex.org/W4383551991,,,,,,,,,,,,,,title_abstract,
https://openalex.org/W4383552402,,,,,,,,,,,,,,title_abstract,
https://openalex.org/W4383558737,,,,,,,,,,,,,,title_abstract,
https://openalex.org/W4383619526,,,,,,,,,,,,,,title_abstract,
https://openalex.org/W4383695116,,,,,,,,,,,,,,title_abstract,
https://openalex.org/W4383821989,,,,,,,,,,,,,,title_abstract,
https://openalex.org/W4383878151,,,,,,,,,,,,,,title_abstract,
https://openalex.org/W4383888831,,,,,,,,,,,,,,title_abstract,
https://openalex.org/W4383905074,,,,,,,,,,,,,,title_abstract,
https://openalex.org/W4383911738,,,,,,,,,,,,,,title_abstract,
https://openalex.org/W4384068337,,,,,,,,,,,,,,title_abstract,
https://openalex.org/W4384153972,,,,,,,,,,,,,,title_abstract,
https://openalex.org/W4384202154,,,,,,,,,,,,,,title_abstract,
https://openalex.org/W4384281924,,,,,,,,,,,,,,title_abstract,
https://openalex.org/W4384560230,,,,,,,,,,,,,,title_abstract,
https://openalex.org/W4384665053,,,,,,,,,,,,,,title_abstract,
https://openalex.org/W4384747725,,,,,,,,,,,,,,title_abstract,
https://openalex.org/W4384825507,,,,,,,,,,,,,,title_abstract,
https://openalex.org/W4384828690,,,,,,,,,,,,,,title_abstract,
https://openalex.org/W4384914369,,,,,,,,,,,,,,title_abstract,
https://openalex.org/W4384927768,,,,,,,,,,,,,,title_abstract,
https://openalex.org/W4385009166,,,,,,,,,,,,,,title_abstract,
https://openalex.org/W4385159767,,,,,,,,,,,,,,title_abstract,
https://openalex.org/W4385228336,,,,,,,,,,,,,,title_abstract,
https://openalex.org/W4385228868,,,,,,,,,,,,,,title_abstract,
https://openalex.org/W4385229201,,,,,,,,,,,,,,title_abstract,
https://openalex.org/W4385273093,,,,,,,,,,,,,,title_abstract,
https://openalex.org/W4385330140,,,,,,,,,,,,,,title_abstract,
https://openalex.org/W4385337219,,,,,,,,,,,,,,title_abstract,
https://openalex.org/W4385397995,,,,,,,,,,,,,,title_abstract,
https://openalex.org/W4385422742,,,,,,,,,,,,,,title_abstract,
https://openalex.org/W4385423617,,,,,,,,,,,,,,title_abstract,
https://openalex.org/W4385437747,,,,,,,,,,,,,,title_abstract,
https://openalex.org/W4385445491,,,,,,,,,,,,,,title_abstract,
https://openalex.org/W4385457104,,,,,,,,,,,,,,title_abstract,
https://openalex.org/W4385478797,,,,,,,,,,,,,,title_abstract,
https://openalex.org/W4385481488,,,,,,,,,,,,,,title_abstract,
https://openalex.org/W4385493557,,,,,,,,,,,,,,title_abstract,
https://openalex.org/W4385507321,,,,,,,,,,,,,,title_abstract,
https://openalex.org/W4385558068,,,,,,,,,,,,,,title_abstract,
https://openalex.org/W4385578117,,,,,,,,,,,,,,title_abstract,
https://openalex.org/W4385628461,,,,,,,,,,,,,,title_abstract,
https://openalex.org/W4385639663,,,,,,,,,,,,,,title_abstract,
https://openalex.org/W4385658069,,,,,,,,,,,,,,title_abstract,
https://openalex.org/W4385665629,,,,,,,,,,,,,,title_abstract,
https://openalex.org/W4385700677,,,,,,,,,,,,,,title_abstract,
https://openalex.org/W4385704472,,,,,,,,,,,,,,title_abstract,
https://openalex.org/W4385705708,,,,,,,,,,,,,,title_abstract,
https://openalex.org/W4385728851,,,,,,,,,,,,,,title_abstract,
https://openalex.org/W4385731682,,,,,,,,,,,,,,title_abstract,
https://openalex.org/W4385736021,,,,,,,,,,,,,,title_abstract,
https://openalex.org/W4385739488,,,,,,,,,,,,,,title_abstract,
https://openalex.org/W4385739676,,,,,,,,,,,,,,title_abstract,
https://openalex.org/W4385741274,,,,,,,,,,,,,,title_abstract,
https://openalex.org/W4385757780,,,,,,,,,,,,,,title_abstract,
https://openalex.org/W4385782213,,,,,,,,,,,,,,title_abstract,
https://openalex.org/W4385805615,,,,,,,,,,,,,,title_abstract,
https://openalex.org/W4385805746,,,,,,,,,,,,,,title_abstract,
https://openalex.org/W4385805815,,,,,,,,,,,,,,title_abstract,
https://openalex.org/W4385819270,,,,,,,,,,,,,,title_abstract,
https://openalex.org/W4385839101,,,,,,,,,,,,,,title_abstract,
https://openalex.org/W4385840362,,,,,,,,,,,,,,title_abstract,
https://openalex.org/W4385871659,,,,,,,,,,,,,,title_abstract,
https://openalex.org/W4385886475,,,,,,,,,,,,,,title_abstract,
https://openalex.org/W4385979538,,,,,,,,,,,,,,title_abstract,
https://openalex.org/W4386047886,,,,,,,,,,,,,,title_abstract,
https://openalex.org/W4386068140,,,,,,,,,,,,,,title_abstract,
https://openalex.org/W4386068727,,,,,,,,,,,,,,title_abstract,
https://openalex.org/W4386091855,,,,,,,,,,,,,,title_abstract,
https://openalex.org/W4386115253,,,,,,,,,,,,,,title_abstract,
https://openalex.org/W4386120927,,,,,,,,,,,,,,title_abstract,
https://openalex.org/W4386123531,,,,,,,,,,,,,,title_abstract,
https://openalex.org/W4386130846,,,,,,,,,,,,,,title_abstract,
https://openalex.org/W4386168392,,,,,,,,,,,,,,title_abstract,
https://openalex.org/W4386170921,,,,,,,,,,,,,,title_abstract,
https://openalex.org/W4386173916,,,,,,,,,,,,,,title_abstract,
https://openalex.org/W4386189530,,,,,,,,,,,,,,title_abstract,
https://openalex.org/W4386220198,,,,,,,,,,,,,,title_abstract,
https://openalex.org/W4386221302,,,,,,,,,,,,,,title_abstract,
https://openalex.org/W4386222960,,,,,,,,,,,,,,title_abstract,
https://openalex.org/W4386246124,,,,,,,,,,,,,,title_abstract,
https://openalex.org/W4386262706,,,,,,,,,,,,,,title_abstract,
https://openalex.org/W4386279783,,,,,,,,,,,,,,title_abstract,
https://openalex.org/W4386285839,,,,,,,,,,,,,,title_abstract,
https://openalex.org/W4386318782,,,,,,,,,,,,,,title_abstract,
https://openalex.org/W4386326493,,,,,,,,,,,,,,title_abstract,
https://openalex.org/W4386347408,,,,,,,,,,,,,,title_abstract,
https://openalex.org/W4386374715,,,,,,,,,,,,,,title_abstract,
https://openalex.org/W4386379923,,,,,,,,,,,,,,title_abstract,
https://openalex.org/W4386380193,,,,,,,,,,,,,,title_abstract,
https://openalex.org/W4386391211,,,,,,,,,,,,,,title_abstract,
https://openalex.org/W4386391597,,,,,,,,,,,,,,title_abstract,
https://openalex.org/W4386398693,,,,,,,,,,,,,,title_abstract,
https://openalex.org/W4386413304,,,,,,,,,,,,,,title_abstract,
https://openalex.org/W4386413339,,,,,,,,,,,,,,title_abstract,
https://openalex.org/W4386415144,tech_material,,,,,,,4.1,no,,,,,candidate_screen,"did not meet inclusion criteria at screening (cross-national scope, explicit technology indicator, or biophysical outcome)"
https://openalex.org/W4386417644,,,,,,,,,,,,,,title_abstract,
https://openalex.org/W4386461167,,,,,,,,,,,,,,title_abstract,
https://openalex.org/W4386462680,,,,,,,,,,,,,,title_abstract,
https://openalex.org/W4386470223,,,,,,,,,,,,,,title_abstract,
https://openalex.org/W4386483668,,,,,,,,,,,,,,title_abstract,
https://openalex.org/W4386489017,,,,,,,,,,,,,,title_abstract,
https://openalex.org/W4386494502,,,,,,,,,,,,,,title_abstract,
https://openalex.org/W4386496470,,,,,,,,,,,,,,title_abstract,
https://openalex.org/W4386514784,,,,,,,,,,,,,,title_abstract,
https://openalex.org/W4386527093,,,,,,,,,,,,,,title_abstract,
https://openalex.org/W4386541741,,,,,,,,,,,,,,title_abstract,
https://openalex.org/W4386546216,,,,,,,,,,,,,,title_abstract,
https://openalex.org/W4386563591,,,,,,,,,,,,,,title_abstract,
https://openalex.org/W4386594765,,,,,,,,,,,,,,title_abstract,
https://openalex.org/W4386602304,,,,,,,,,,,,,,title_abstract,
https://openalex.org/W4386619491,,,,,,,,,,,,,,title_abstract,
https://openalex.org/W4386634692,,,,,,,,,,,,,,title_abstract,
https://openalex.org/W4386644887,,,,,,,,,,,,,,title_abstract,
https://openalex.org/W4386645005,,,,,,,,,,,,,,title_abstract,
https://openalex.org/W4386650760,,,,,,,,,,,,,,title_abstract,
https://openalex.org/W4386698833,,,,,,,,,,,,,,title_abstract,
https://openalex.org/W4386699897,,,,,,,,,,,,,,title_abstract,
https://openalex.org/W4386724904,,,,,,,,,,,,,,title_abstract,
https://openalex.org/W4386742336,,,,,,,,,,,,,,title_abstract,
https://openalex.org/W4386743386,,,,,,,,,,,,,,title_abstract,
https://openalex.org/W4386746350,,,,,,,,,,,,,,title_abstract,
https://openalex.org/W4386750498,,,,,,,,,,,,,,title_abstract,
https://openalex.org/W4386814250,,,,,,,,,,,,,,title_abstract,
https://openalex.org/W4386814773,,,,,,,,,,,,,,title_abstract,
https://openalex.org/W4386818159,,,,,,,,,,,,,,title_abstract,
https://openalex.org/W4386830302,,,,,,,,,,,,,,title_abstract,
https://openalex.org/W4386834148,,,,,,,,,,,,,,title_abstract,
https://openalex.org/W4386859866,,,,,,,,,,,,,,title_abstract,
https://openalex.org/W4386864859,,,,,,,,,,,,,,title_abstract,
https://openalex.org/W4386878206,,,,,,,,,,,,,,title_abstract,
https://openalex.org/W4386888490,,,,,,,,,,,,,,title_abstract,
https://openalex.org/W4386933871,,,,,,,,,,,,,,title_abstract,
https://openalex.org/W4386948467,,,,,,,,,,,,,,title_abstract,
https://openalex.org/W4386975832,,,,,,,,,,,,,,title_abstract,
https://openalex.org/W4386990764,,,,,,,,,,,,,,title_abstract,
https://openalex.org/W4386990770,,,,,,,,,,,,,,title_abstract,
https://openalex.org/W4386990951,,,,,,,,,,,,,,title_abstract,
https://openalex.org/W4386995285,,,,,,,,,,,,,,title_abstract,
https://openalex.org/W4387016568,,,,,,,,,,,,,,title_abstract,
https://openalex.org/W4387019173,,,,,,,,,,,,,,title_abstract,
https://openalex.org/W4387024692,,,,,,,,,,,,,,title_abstract,
https://openalex.org/W4387033504,,,,,,,,,,,,,,title_abstract,
https://openalex.org/W4387041932,,,,,,,,,,,,,,title_abstract,
https://openalex.org/W4387063329,,,,,,,,,,,,,,title_abstract,
https://openalex.org/W4387074458,,,,,,,,,,,,,,title_abstract,
https://openalex.org/W4387096297,,,,,,,,,,,,,,title_abstract,
https://openalex.org/W4387098681,,,,,,,,,,,,,,title_abstract,
https://openalex.org/W4387124772,,,,,,,,,,,,,,title_abstract,
https://openalex.org/W4387130915,,,,,,,,,,,,,,title_abstract,
https://openalex.org/W4387137215,,,,,,,,,,,,,,title_abstract,
https://openalex.org/W4387149831,,,,,,,,,,,,,,title_abstract,
https://openalex.org/W4387157511,,,,,,,,,,,,,,title_abstract,
https://openalex.org/W4387185743,,,,,,,,,,,,,,title_abstract,
https://openalex.org/W4387190967,,,,,,,,,,,,,,title_abstract,
https://openalex.org/W4387213307,,,,,,,,,,,,,,title_abstract,
https://openalex.org/W4387226912,,,,,,,,,,,,,,title_abstract,
https://openalex.org/W4387227138,,,,,,,,,,,,,,title_abstract,
https://openalex.org/W4387332017,,,,,,,,,,,,,,title_abstract,
https://openalex.org/W4387336842,,,,,,,,,,,,,,title_abstract,
https://openalex.org/W4387373316,,,,,,,,,,,,,,title_abstract,
https://openalex.org/W4387397299,,,,,,,,,,,,,,title_abstract,
https://openalex.org/W4387415747,,,,,,,,,,,,,,title_abstract,
https://openalex.org/W4387443332,,,,,,,,,,,,,,title_abstract,
https://openalex.org/W4387449772,,,,,,,,,,,,,,title_abstract,
https://openalex.org/W4387453986,,,,,,,,,,,,,,title_abstract,
https://openalex.org/W4387459051,,,,,,,,,,,,,,title_abstract,
https://openalex.org/W4387491672,,,,,,,,,,,,,,title_abstract,
https://openalex.org/W4387496850,,,,,,,,,,,,,,title_abstract,
https://openalex.org/W4387521624,,,,,,,,,,,,,,title_abstract,
https://openalex.org/W4387533377,,,,,,,,,,,,,,title_abstract,
https://openalex.org/W4387568982,,,,,,,,,,,,,,title_abstract,
https://openalex.org/W4387576049,,,,,,,,,,,,,,title_abstract,
https://openalex.org/W4387579128,,,,,,,,,,,,,,title_abstract,
https://openalex.org/W4387616167,,,,,,,,,,,,,,title_abstract,
https://openalex.org/W4387675565,,,,,,,,,,,,,,title_abstract,
https://openalex.org/W4387685948,,,,,,,,,,,,,,title_abstract,
https://openalex.org/W4387695543,,,,,,,,,,,,,,title_abstract,
https://openalex.org/W4387771968,,,,,,,,,,,,,,title_abstract,
https://openalex.org/W4387772710,,,,,,,,,,,,,,title_abstract,
https://openalex.org/W4387782405,,,,,,,,,,,,,,title_abstract,
https://openalex.org/W4387813033,,,,,,,,,,,,,,title_abstract,
https://openalex.org/W4387814902,,,,,,,,,,,,,,title_abstract,
https://openalex.org/W4387832564,,,,,,,,,,,,,,title_abstract,
https://openalex.org/W4387845803,,,,,,,,,,,,,,title_abstract,
https://openalex.org/W4387872103,,,,,,,,,,,,,,title_abstract,
https://openalex.org/W4387877567,,,,,,,,,,,,,,title_abstract,
https://openalex.org/W4387899264,,,,,,,,,,,,,,title_abstract,
https://openalex.org/W4387902619,,,,,,,,,,,,,,title_abstract,
https://openalex.org/W4387906982,,,,,,,,,,,,,,title_abstract,
https://openalex.org/W4387953345,,,,,,,,,,,,,,title_abstract,
https://openalex.org/W4387975969,,,,,,,,,,,,,,title_abstract,
https://openalex.org/W4387983468,,,,,,,,,,,,,,title_abstract,
https://openalex.org/W4388008390,,,,,,,,,,,,,,title_abstract,
https://openalex.org/W4388047531,,,,,,,,,,,,,,title_abstract,
https://openalex.org/W4388098233,,,,,,,,,,,,,,title_abstract,
https://openalex.org/W4388128359,,,,,,,,,,,,,,title_abstract,
https://openalex.org/W4388189809,,,,,,,,,,,,,,title_abstract,
https://openalex.org/W4388199447,,,,,,,,,,,,,,title_abstract,
https://openalex.org/W4388219768,,,,,,,,,,,,,,title_abstract,
https://openalex.org/W4388232095,,,,,,,,,,,,,,title_abstract,
https://openalex.org/W4388267874,,,,,,,,,,,,,,title_abstract,
https://openalex.org/W4388410484,,,,,,,,,,,,,,title_abstract,
https://openalex.org/W4388411208,,,,,,,,,,,,,,title_abstract,
https://openalex.org/W4388411449,,,,,,,,,,,,,,title_abstract,
https://openalex.org/W4388416302,,,,,,,,,,,,,,title_abstract,
https://openalex.org/W4388420060,,,,,,,,,,,,,,title_abstract,
https://openalex.org/W4388464310,,,,,,,,,,,,,,title_abstract,
https://openalex.org/W4388491194,,,,,,,,,,,,,,title_abstract,
https://openalex.org/W4388494848,,,,,,,,,,,,,,title_abstract,
https://openalex.org/W4388497017,,,,,,,,,,,,,,title_abstract,
https://openalex.org/W4388500385,,,,,,,,,,,,,,title_abstract,
https://openalex.org/W4388501164,,,,,,,,,,,,,,title_abstract,
https://openalex.org/W4388507585,,,,,,,,,,,,,,title_abstract,
https://openalex.org/W4388511414,,,,,,,,,,,,,,title_abstract,
https://openalex.org/W4388533967,,,,,,,,,,,,,,title_abstract,
https://openalex.org/W4388534481,,,,,,,,,,,,,,title_abstract,
https://openalex.org/W4388537935,,,,,,,,,,,,,,title_abstract,
https://openalex.org/W4388540663,,,,,,,,,,,,,,title_abstract,
https://openalex.org/W4388600068,,,,,,,,,,,,,,title_abstract,
https://openalex.org/W4388617451,,,,,,,,,,,,,,title_abstract,
https://openalex.org/W4388617609,,,,,,,,,,,,,,title_abstract,
https://openalex.org/W4388621295,,,,,,,,,,,,,,title_abstract,
https://openalex.org/W4388623880,,,,,,,,,,,,,,title_abstract,
https://openalex.org/W4388630506,,,,,,,,,,,,,,title_abstract,
https://openalex.org/W4388671390,,,,,,,,,,,,,,title_abstract,
https://openalex.org/W4388672450,,,,,,,,,,,,,,title_abstract,
https://openalex.org/W4388703016,,,,,,,,,,,,,,title_abstract,
https://openalex.org/W4388727745,,,,,,,,,,,,,,title_abstract,
https://openalex.org/W4388730645,,,,,,,,,,,,,,title_abstract,
https://openalex.org/W4388731346,,,,,,,,,,,,,,title_abstract,
https://openalex.org/W4388733727,,,,,,,,,,,,,,title_abstract,
https://openalex.org/W4388735708,,,,,,,,,,,,,,title_abstract,
https://openalex.org/W4388742954,,,,,,,,,,,,,,title_abstract,
https://openalex.org/W4388793619,,,,,,,,,,,,,,title_abstract,
https://openalex.org/W4388797542,,,,,,,,,,,,,,title_abstract,
https://openalex.org/W4388830711,,,,,,,,,,,,,,title_abstract,
https://openalex.org/W4388832020,,,,,,,,,,,,,,title_abstract,
https://openalex.org/W4388832748,,,,,,,,,,,,,,title_abstract,
https://openalex.org/W4388833092,,,,,,,,,,,,,,title_abstract,
https://openalex.org/W4388833111,,,,,,,,,,,,,,title_abstract,
https://openalex.org/W4388845208,,,,,,,,,,,,,,title_abstract,
https://openalex.org/W4388895558,,,,,,,,,,,,,,title_abstract,
https://openalex.org/W4388928848,,,,,,,,,,,,,,title_abstract,
https://openalex.org/W4388942842,,,,,,,,,,,,,,title_abstract,
https://openalex.org/W4388946798,,,,,,,,,,,,,,title_abstract,
https://openalex.org/W4388974202,,,,,,,,,,,,,,title_abstract,
https://openalex.org/W4389057125,,,,,,,,,,,,,,title_abstract,
https://openalex.org/W4389100442,,,,,,,,,,,,,,title_abstract,
https://openalex.org/W4389136517,,,,,,,,,,,,,,title_abstract,
https://openalex.org/W4389142364,,,,,,,,,,,,,,title_abstract,
https://openalex.org/W4389164155,,,,,,,,,,,,,,title_abstract,
https://openalex.org/W4389179381,,,,,,,,,,,,,,title_abstract,
https://openalex.org/W4389238148,,,,,,,,,,,,,,title_abstract,
https://openalex.org/W4389245311,,,,,,,,,,,,,,title_abstract,
https://openalex.org/W4389246787,,,,,,,,,,,,,,title_abstract,
https://openalex.org/W4389273431,,,,,,,,,,,,,,title_abstract,
https://openalex.org/W4389286478,,,,,,,,,,,,,,title_abstract,
https://openalex.org/W4389362992,,,,,,,,,,,,,,title_abstract,
https://openalex.org/W4389431108,,,,,,,,,,,,,,title_abstract,
https://openalex.org/W4389466494,,,,,,,,,,,,,,title_abstract,
https://openalex.org/W4389491069,,,,,,,,,,,,,,title_abstract,
https://openalex.org/W4389527351,,,,,,,,,,,,,,title_abstract,
https://openalex.org/W4389545825,,,,,,,,,,,,,,title_abstract,
https://openalex.org/W4389559236,,,,,,,,,,,,,,title_abstract,
https://openalex.org/W4389579781,,,,,,,,,,,,,,title_abstract,
https://openalex.org/W4389621887,,,,,,,,,,,,,,title_abstract,
https://openalex.org/W4389640892,,,,,,,,,,,,,,title_abstract,
https://openalex.org/W4389669213,,,,,,,,,,,,,,title_abstract,
https://openalex.org/W4389683862,,,,,,,,,,,,,,title_abstract,
https://openalex.org/W4389689682,,,,,,,,,,,,,,title_abstract,
https://openalex.org/W4389742618,,,,,,,,,,,,,,title_abstract,
https://openalex.org/W4389751770,,,,,,,,,,,,,,title_abstract,
https://openalex.org/W4389787966,,,,,,,,,,,,,,title_abstract,
https://openalex.org/W4389794168,,,,,,,,,,,,,,title_abstract,
https://openalex.org/W4389800472,,,,,,,,,,,,,,title_abstract,
https://openalex.org/W4389816522,,,,,,,,,,,,,,title_abstract,
https://openalex.org/W4389818660,,,,,,,,,,,,,,title_abstract,
https://openalex.org/W4389849912,,,,,,,,,,,,,,title_abstract,
https://openalex.org/W4389917110,,,,,,,,,,,,,,title_abstract,
https://openalex.org/W4389947012,,,,,,,,,,,,,,title_abstract,
https://openalex.org/W4390053566,,,,,,,,,,,,,,title_abstract,
https://openalex.org/W4390086755,,,,,,,,,,,,,,title_abstract,
https://openalex.org/W4390090594,,,,,,,,,,,,,,title_abstract,
https://openalex.org/W4390106290,,,,,,,,,,,,,,title_abstract,
https://openalex.org/W4390109850,,,,,,,,,,,,,,title_abstract,
https://openalex.org/W4390110246,,,,,,,,,,,,,,title_abstract,
https://openalex.org/W4390121130,,,,,,,,,,,,,,title_abstract,
https://openalex.org/W4390204704,,,,,,,,,,,,,,title_abstract,
https://openalex.org/W4390236533,,,,,,,,,,,,,,title_abstract,
https://openalex.org/W4390289385,,,,,,,,,,,,,,title_abstract,
https://openalex.org/W4390347187,,,,,,,,,,,,,,title_abstract,
https://openalex.org/W4390414619,,,,,,,,,,,,,,title_abstract,
https://openalex.org/W4390457295,,,,,,,,,,,,,,title_abstract,
https://openalex.org/W4390479233,,,,,,,,,,,,,,title_abstract,
https://openalex.org/W4390496163,,,,,,,,,,,,,,title_abstract,
https://openalex.org/W4390503997,,,,,,,,,,,,,,title_abstract,
https://openalex.org/W4390509949,,,,,,,,,,,,,,title_abstract,
https://openalex.org/W4390510026,,,,,,,,,,,,,,title_abstract,
https://openalex.org/W4390603641,,,,,,,,,,,,,,title_abstract,
https://openalex.org/W4390604554,,,,,,,,,,,,,,title_abstract,
https://openalex.org/W4390610040,,,,,,,,,,,,,,title_abstract,
https://openalex.org/W4390610207,,,,,,,,,,,,,,title_abstract,
https://openalex.org/W4390617246,,,,,,,,,,,,,,title_abstract,
https://openalex.org/W4390641126,,,,,,,,,,,,,,title_abstract,
https://openalex.org/W4390644405,technology_indicators,,,,,,,4.2,no,,,,,candidate_screen,"did not meet inclusion criteria at screening (cross-national scope, explicit technology indicator, or biophysical outcome)"
https://openalex.org/W4390665327,,,,,,,,,,,,,,title_abstract,
https://openalex.org/W4390670247,,,,,,,,,,,,,,title_abstract,
https://openalex.org/W4390670608,,,,,,,,,,,,,,title_abstract,
https://openalex.org/W4390671753,,,,,,,,,,,,,,title_abstract,
https://openalex.org/W4390698766,,,,,,,,,,,,,,title_abstract,
https://openalex.org/W4390703287,,,,,,,,,,,,,,title_abstract,
https://openalex.org/W4390743447,,,,,,,,,,,,,,title_abstract,
https://openalex.org/W4390749936,,,,,,,,,,,,,,title_abstract,
https://openalex.org/W4390751343,,,,,,,,,,,,,,title_abstract,
https://openalex.org/W4390767974,,,,,,,,,,,,,,title_abstract,
https://openalex.org/W4390829854,,,,,,,,,,,,,,title_abstract,
https://openalex.org/W4390879487,,,,,,,,,,,,,,title_abstract,
https://openalex.org/W4390884228,,,,,,,,,,,,,,title_abstract,
https://openalex.org/W4390893363,,,,,,,,,,,,,,title_abstract,
https://openalex.org/W4390913717,,,,,,,,,,,,,,title_abstract,
https://openalex.org/W4390937427,,,,,,,,,,,,,,title_abstract,
https://openalex.org/W4390953798,,,,,,,,,,,,,,title_abstract,
https://openalex.org/W4390977069,,,,,,,,,,,,,,title_abstract,
https://openalex.org/W4390985384,,,,,,,,,,,,,,title_abstract,
https://openalex.org/W4391052578,,,,,,,,,,,,,,title_abstract,
https://openalex.org/W4391098453,,,,,,,,,,,,,,title_abstract,
https://openalex.org/W4391099298,,,,,,,,,,,,,,title_abstract,
https://openalex.org/W4391108699,,,,,,,,,,,,,,title_abstract,
https://openalex.org/W4391131837,,,,,,,,,,,,,,title_abstract,
https://openalex.org/W4391147063,,,,,,,,,,,,,,title_abstract,
https://openalex.org/W4391159307,,,,,,,,,,,,,,title_abstract,
https://openalex.org/W4391171749,,,,,,,,,,,,,,title_abstract,
https://openalex.org/W4391172763,,,,,,,,,,,,,,title_abstract,
https://openalex.org/W4391173679,,,,,,,,,,,,,,title_abstract,
https://openalex.org/W4391216492,,,,,,,,,,,,,,title_abstract,
https://openalex.org/W4391222922,,,,,,,,,,,,,,title_abstract,
https://openalex.org/W4391224812,,,,,,,,,,,,,,title_abstract,
https://openalex.org/W4391255796,,,,,,,,,,,,,,title_abstract,
https://openalex.org/W4391260081,,,,,,,,,,,,,,title_abstract,
https://openalex.org/W4391276030,,,,,,,,,,,,,,title_abstract,
https://openalex.org/W4391278256,,,,,,,,,,,,,,title_abstract,
https://openalex.org/W4391281687,,,,,,,,,,,,,,title_abstract,
https://openalex.org/W4391293937,,,,,,,,,,,,,,title_abstract,
https://openalex.org/W4391294280,,,,,,,,,,,,,,title_abstract,
https://openalex.org/W4391305431,,,,,,,,,,,,,,title_abstract,
https://openalex.org/W4391379548,,,,,,,,,,,,,,title_abstract,
https://openalex.org/W4391382735,,,,,,,,,,,,,,title_abstract,
https://openalex.org/W4391404373,,,,,,,,,,,,,,title_abstract,
https://openalex.org/W4391418516,,,,,,,,,,,,,,title_abstract,
https://openalex.org/W4391437761,,,,,,,,,,,,,,title_abstract,
https://openalex.org/W4391474705,,,,,,,,,,,,,,title_abstract,
https://openalex.org/W4391480440,,,,,,,,,,,,,,title_abstract,
https://openalex.org/W4391500557,,,,,,,,,,,,,,title_abstract,
https://openalex.org/W4391520068,,,,,,,,,,,,,,title_abstract,
https://openalex.org/W4391530392,,,,,,,,,,,,,,title_abstract,
https://openalex.org/W4391557424,,,,,,,,,,,,,,title_abstract,
https://openalex.org/W4391557630,,,,,,,,,,,,,,title_abstract,
https://openalex.org/W4391565104,,,,,,,,,,,,,,title_abstract,
https://openalex.org/W4391565107,,,,,,,,,,,,,,title_abstract,
https://openalex.org/W4391592225,,,,,,,,,,,,,,title_abstract,
https://openalex.org/W4391609602,,,,,,,,,,,,,,title_abstract,
https://openalex.org/W4391613913,,,,,,,,,,,,,,title_abstract,
https://openalex.org/W4391629219,,,,,,,,,,,,,,title_abstract,
https://openalex.org/W4391641115,,,,,,,,,,,,,,title_abstract,
https://openalex.org/W4391678687,,,,,,,,,,,,,,title_abstract,
https://openalex.org/W4391746422,,,,,,,,,,,,,,title_abstract,
https://openalex.org/W4391783766,,,,,,,,,,,,,,title_abstract,
https://openalex.org/W4391797122,,,,,,,,,,,,,,title_abstract,
https://openalex.org/W4391822177,,,,,,,,,,,,,,title_abstract,
https://openalex.org/W4391822598,,,,,,,,,,,,,,title_abstract,
https://openalex.org/W4391825177,,,,,,,,,,,,,,title_abstract,
https://openalex.org/W4391827072,,,,,,,,,,,,,,title_abstract,
https://openalex.org/W4391846548,,,,,,,,,,,,,,title_abstract,
https://openalex.org/W4391879576,,,,,,,,,,,,,,title_abstract,
https://openalex.org/W4391906470,,,,,,,,,,,,,,title_abstract,
https://openalex.org/W4391928497,,,,,,,,,,,,,,title_abstract,
https://openalex.org/W4391943870,,,,,,,,,,,,,,title_abstract,
https://openalex.org/W4391969647,,,,,,,,,,,,,,title_abstract,
https://openalex.org/W4392014699,,,,,,,,,,,,,,title_abstract,
https://openalex.org/W4392016358,,,,,,,,,,,,,,title_abstract,
https://openalex.org/W4392096682,,,,,,,,,,,,,,title_abstract,
https://openalex.org/W4392101872,,,,,,,,,,,,,,title_abstract,
https://openalex.org/W4392122994,,,,,,,,,,,,,,title_abstract,
https://openalex.org/W4392161882,,,,,,,,,,,,,,title_abstract,
https://openalex.org/W4392203765,,,,,,,,,,,,,,title_abstract,
https://openalex.org/W4392214627,,,,,,,,,,,,,,title_abstract,
https://openalex.org/W4392238943,,,,,,,,,,,,,,title_abstract,
https://openalex.org/W4392241448,,,,,,,,,,,,,,title_abstract,
https://openalex.org/W4392286159,,,,,,,,,,,,,,title_abstract,
https://openalex.org/W4392342411,,,,,,,,,,,,,,title_abstract,
https://openalex.org/W4392343544,,,,,,,,,,,,,,title_abstract,
https://openalex.org/W4392343638,,,,,,,,,,,,,,title_abstract,
https://openalex.org/W4392350597,,,,,,,,,,,,,,title_abstract,
https://openalex.org/W4392352041,,,,,,,,,,,,,,title_abstract,
https://openalex.org/W4392355807,,,,,,,,,,,,,,title_abstract,
https://openalex.org/W4392374384,,,,,,,,,,,,,,title_abstract,
https://openalex.org/W4392388346,,,,,,,,,,,,,,title_abstract,
https://openalex.org/W4392406616,,,,,,,,,,,,,,title_abstract,
https://openalex.org/W4392456045,,,,,,,,,,,,,,title_abstract,
https://openalex.org/W4392466500,,,,,,,,,,,,,,title_abstract,
https://openalex.org/W4392472285,,,,,,,,,,,,,,title_abstract,
https://openalex.org/W4392481755,,,,,,,,,,,,,,title_abstract,
https://openalex.org/W4392507837,,,,,,,,,,,,,,title_abstract,
https://openalex.org/W4392513909,,,,,,,,,,,,,,title_abstract,
https://openalex.org/W4392562141,,,,,,,,,,,,,,title_abstract,
https://openalex.org/W4392562793,,,,,,,,,,,,,,title_abstract,
https://openalex.org/W4392606265,,,,,,,,,,,,,,title_abstract,
https://openalex.org/W4392641967,,,,,,,,,,,,,,title_abstract,
https://openalex.org/W4392647722,,,,,,,,,,,,,,title_abstract,
https://openalex.org/W4392712147,,,,,,,,,,,,,,title_abstract,
https://openalex.org/W4392715542,,,,,,,,,,,,,,title_abstract,
https://openalex.org/W4392738946,,,,,,,,,,,,,,title_abstract,
https://openalex.org/W4392753598,,,,,,,,,,,,,,title_abstract,
https://openalex.org/W4392772243,,,,,,,,,,,,,,title_abstract,
https://openalex.org/W4392811796,,,,,,,,,,,,,,title_abstract,
https://openalex.org/W4392814924,,,,,,,,,,,,,,title_abstract,
https://openalex.org/W4392832044,,,,,,,,,,,,,,title_abstract,
https://openalex.org/W4392853437,,,,,,,,,,,,,,title_abstract,
https://openalex.org/W4392854355,,,,,,,,,,,,,,title_abstract,
https://openalex.org/W4392882833,,,,,,,,,,,,,,title_abstract,
https://openalex.org/W4392918108,,,,,,,,,,,,,,title_abstract,
https://openalex.org/W4392925648,,,,,,,,,,,,,,title_abstract,
https://openalex.org/W4392950212,,,,,,,,,,,,,,title_abstract,
https://openalex.org/W4392963011,,,,,,,,,,,,,,title_abstract,
https://openalex.org/W4393008227,,,,,,,,,,,,,,title_abstract,
https://openalex.org/W4393022309,,,,,,,,,,,,,,title_abstract,
https://openalex.org/W4393025902,,,,,,,,,,,,,,title_abstract,
https://openalex.org/W4393040206,,,,,,,,,,,,,,title_abstract,
https://openalex.org/W4393044695,,,,,,,,,,,,,,title_abstract,
https://openalex.org/W4393091436,,,,,,,,,,,,,,title_abstract,
https://openalex.org/W4393095954,,,,,,,,,,,,,,title_abstract,
https://openalex.org/W4393111475,,,,,,,,,,,,,,title_abstract,
https://openalex.org/W4393126510,,,,,,,,,,,,,,title_abstract,
https://openalex.org/W4393142915,,,,,,,,,,,,,,title_abstract,
https://openalex.org/W4393160886,,,,,,,,,,,,,,title_abstract,
https://openalex.org/W4393182017,,,,,,,,,,,,,,title_abstract,
https://openalex.org/W4393182037,,,,,,,,,,,,,,title_abstract,
https://openalex.org/W4393183847,,,,,,,,,,,,,,title_abstract,
https://openalex.org/W4393193355,,,,,,,,,,,,,,title_abstract,
https://openalex.org/W4393193359,,,,,,,,,,,,,,title_abstract,
https://openalex.org/W4393206506,,,,,,,,,,,,,,title_abstract,
https://openalex.org/W4393227851,,,,,,,,,,,,,,title_abstract,
https://openalex.org/W4393233091,,,,,,,,,,,,,,title_abstract,
https://openalex.org/W4393264651,,,,,,,,,,,,,,title_abstract,
https://openalex.org/W4393278854,,,,,,,,,,,,,,title_abstract,
https://openalex.org/W4393344337,,,,,,,,,,,,,,title_abstract,
https://openalex.org/W4393357076,,,,,,,,,,,,,,title_abstract,
https://openalex.org/W4393373913,,,,,,,,,,,,,,title_abstract,
https://openalex.org/W4393379119,,,,,,,,,,,,,,title_abstract,
https://openalex.org/W4393386886,,,,,,,,,,,,,,title_abstract,
https://openalex.org/W4393393122,,,,,,,,,,,,,,title_abstract,
https://openalex.org/W4393403315,,,,,,,,,,,,,,title_abstract,
https://openalex.org/W4393471997,,,,,,,,,,,,,,title_abstract,
https://openalex.org/W4393508998,,,,,,,,,,,,,,title_abstract,
https://openalex.org/W4393858302,,,,,,,,,,,,,,title_abstract,
https://openalex.org/W4393937142,,,,,,,,,,,,,,title_abstract,
https://openalex.org/W4393942920,,,,,,,,,,,,,,title_abstract,
https://openalex.org/W4393992534,,,,,,,,,,,,,,title_abstract,
https://openalex.org/W4393993336,,,,,,,,,,,,,,title_abstract,
https://openalex.org/W4394018830,,,,,,,,,,,,,,title_abstract,
https://openalex.org/W4394571345,,,,,,,,,,,,,,title_abstract,
https://openalex.org/W4394612951,,,,,,,,,,,,,,title_abstract,
https://openalex.org/W4394688469,,,,,,,,,,,,,,title_abstract,
https://openalex.org/W4394688882,,,,,,,,,,,,,,title_abstract,
https://openalex.org/W4394726393,,,,,,,,,,,,,,title_abstract,
https://openalex.org/W4394784157,,,,,,,,,,,,,,title_abstract,
https://openalex.org/W4394791791,,,,,,,,,,,,,,title_abstract,
https://openalex.org/W4394795594,,,,,,,,,,,,,,title_abstract,
https://openalex.org/W4394807657,,,,,,,,,,,,,,title_abstract,
https://openalex.org/W4394847324,,,,,,,,,,,,,,title_abstract,
https://openalex.org/W4394849783,,,,,,,,,,,,,,title_abstract,
https://openalex.org/W4394856237,,,,,,,,,,,,,,title_abstract,
https://openalex.org/W4394875019,,,,,,,,,,,,,,title_abstract,
https://openalex.org/W4394912154,,,,,,,,,,,,,,title_abstract,
https://openalex.org/W4394926143,,,,,,,,,,,,,,title_abstract,
https://openalex.org/W4394980680,,,,,,,,,,,,,,title_abstract,
https://openalex.org/W4394989415,,,,,,,,,,,,,,title_abstract,
https://openalex.org/W4394989839,,,,,,,,,,,,,,title_abstract,
https://openalex.org/W4394993936,,,,,,,,,,,,,,title_abstract,
https://openalex.org/W4395005357,,,,,,,,,,,,,,title_abstract,
https://openalex.org/W4395041555,,,,,,,,,,,,,,title_abstract,
https://openalex.org/W4395048878,,,,,,,,,,,,,,title_abstract,
https://openalex.org/W4395064189,,,,,,,,,,,,,,title_abstract,
https://openalex.org/W4395067606,,,,,,,,,,,,,,title_abstract,
https://openalex.org/W4395072665,technology_indicators,,,,,,,4.2,no,,,,,candidate_screen,"did not meet inclusion criteria at screening (cross-national scope, explicit technology indicator, or biophysical outcome)"
https://openalex.org/W4395455844,,,,,,,,,,,,,,title_abstract,
https://openalex.org/W4395464803,,,,,,,,,,,,,,title_abstract,
https://openalex.org/W4395661631,,,,,,,,,,,,,,title_abstract,
https://openalex.org/W4395665022,,,,,,,,,,,,,,title_abstract,
https://openalex.org/W4395675093,,,,,,,,,,,,,,title_abstract,
https://openalex.org/W4396634190,tech_material,,,,,,,4.1,no,,,,,candidate_screen,"did not meet inclusion criteria at screening (cross-national scope, explicit technology indicator, or biophysical outcome)"
https://openalex.org/W4396673180,,,,,,,,,,,,,,title_abstract,
https://openalex.org/W4396696513,,,,,,,,,,,,,,title_abstract,
https://openalex.org/W4396718352,,,,,,,,,,,,,,title_abstract,
https://openalex.org/W4396730486,,,,,,,,,,,,,,title_abstract,
https://openalex.org/W4396778022,,,,,,,,,,,,,,title_abstract,
https://openalex.org/W4396792362,,,,,,,,,,,,,,title_abstract,
https://openalex.org/W4396832266,,,,,,,,,,,,,,title_abstract,
https://openalex.org/W4396840655,,,,,,,,,,,,,,title_abstract,
https://openalex.org/W4396985253,,,,,,,,,,,,,,title_abstract,
https://openalex.org/W4397007093,,,,,,,,,,,,,,title_abstract,
https://openalex.org/W4397012865,,,,,,,,,,,,,,title_abstract,
https://openalex.org/W4398132916,,,,,,,,,,,,,,title_abstract,
https://openalex.org/W4398140648,,,,,,,,,,,,,,title_abstract,
https://openalex.org/W4398763960,,,,,,,,,,,,,,title_abstract,
https://openalex.org/W4399024238,,,,,,,,,,,,,,title_abstract,
https://openalex.org/W4399175978,,,,,,,,,,,,,,title_abstract,
https://openalex.org/W4399180344,,,,,,,,,,,,,,title_abstract,
https://openalex.org/W4399208625,,,,,,,,,,,,,,title_abstract,
https://openalex.org/W4399330789,,,,,,,,,,,,,,title_abstract,
https://openalex.org/W4399430370,,,,,,,,,,,,,,title_abstract,
https://openalex.org/W4399506682,,,,,,,,,,,,,,title_abstract,
https://openalex.org/W4399623575,,,,,,,,,,,,,,title_abstract,
https://openalex.org/W4399625801,,,,,,,,,,,,,,title_abstract,
https://openalex.org/W4399685238,,,,,,,,,,,,,,title_abstract,
https://openalex.org/W4399698505,,,,,,,,,,,,,,title_abstract,
https://openalex.org/W4399704098,,,,,,,,,,,,,,title_abstract,
https://openalex.org/W4399710052,,,,,,,,,,,,,,title_abstract,
https://openalex.org/W4399789780,,,,,,,,,,,,,,title_abstract,
https://openalex.org/W4399799475,,,,,,,,,,,,,,title_abstract,
https://openalex.org/W4399915449,,,,,,,,,,,,,,title_abstract,
https://openalex.org/W4399928752,,,,,,,,,,,,,,title_abstract,
https://openalex.org/W4399930415,,,,,,,,,,,,,,title_abstract,
https://openalex.org/W4399938304,,,,,,,,,,,,,,title_abstract,
https://openalex.org/W4400001426,,,,,,,,,,,,,,title_abstract,
https://openalex.org/W4400134527,,,,,,,,,,,,,,title_abstract,
https://openalex.org/W4400156002,,,,,,,,,,,,,,title_abstract,
https://openalex.org/W4400213387,,,,,,,,,,,,,,title_abstract,
https://openalex.org/W4400317093,,,,,,,,,,,,,,title_abstract,
https://openalex.org/W4400449535,,,,,,,,,,,,,,title_abstract,
https://openalex.org/W4400490779,,,,,,,,,,,,,,title_abstract,
https://openalex.org/W4400499923,,,,,,,,,,,,,,title_abstract,
https://openalex.org/W4400648917,,,,,,,,,,,,,,title_abstract,
https://openalex.org/W4400813883,,,,,,,,,,,,,,title_abstract,
https://openalex.org/W4401009912,,,,,,,,,,,,,,title_abstract,
https://openalex.org/W4401097627,,,,,,,,,,,,,,title_abstract,
https://openalex.org/W4401162074,,,,,,,,,,,,,,title_abstract,
https://openalex.org/W4401194958,,,,,,,,,,,,,,title_abstract,
https://openalex.org/W4401322533,,,,,,,,,,,,,,title_abstract,
https://openalex.org/W4401339980,,,,,,,,,,,,,,title_abstract,
https://openalex.org/W4401394163,tech_material,,,,,,,4.1,no,,,,,candidate_screen,"did not meet inclusion criteria at screening (cross-national scope, explicit technology indicator, or biophysical outcome)"
https://openalex.org/W4401604802,,,,,,,,,,,,,,title_abstract,
https://openalex.org/W4401695001,,,,,,,,,,,,,,title_abstract,
https://openalex.org/W4401703498,,,,,,,,,,,,,,title_abstract,
https://openalex.org/W4401804257,,,,,,,,,,,,,,title_abstract,
https://openalex.org/W4401809284,,,,,,,,,,,,,,title_abstract,
https://openalex.org/W4401815208,,,,,,,,,,,,,,title_abstract,
https://openalex.org/W4401890432,,,,,,,,,,,,,,title_abstract,
https://openalex.org/W4401899979,,,,,,,,,,,,,,title_abstract,
https://openalex.org/W4401932230,,,,,,,,,,,,,,title_abstract,
https://openalex.org/W4401933189,,,,,,,,,,,,,,title_abstract,
https://openalex.org/W4401946858,,,,,,,,,,,,,,title_abstract,
https://openalex.org/W4401976049,,,,,,,,,,,,,,title_abstract,
https://openalex.org/W4401983507,,,,,,,,,,,,,,title_abstract,
https://openalex.org/W4402055662,,,,,,,,,,,,,,title_abstract,
https://openalex.org/W4402193557,,,,,,,,,,,,,,title_abstract,
https://openalex.org/W4402434529,,,,,,,,,,,,,,title_abstract,
https://openalex.org/W4402497171,,,,,,,,,,,,,,title_abstract,
https://openalex.org/W4402701726,,,,,,,,,,,,,,title_abstract,
https://openalex.org/W4402725900,,,,,,,,,,,,,,title_abstract,
https://openalex.org/W4402758394,,,,,,,,,,,,,,title_abstract,
https://openalex.org/W4402765344,,,,,,,,,,,,,,title_abstract,
https://openalex.org/W4403122321,,,,,,,,,,,,,,title_abstract,
https://openalex.org/W4403149018,,,,,,,,,,,,,,title_abstract,
https://openalex.org/W4403286231,,,,,,,,,,,,,,title_abstract,
https://openalex.org/W4403456526,,,,,,,,,,,,,,title_abstract,
https://openalex.org/W4403457194,,,,,,,,,,,,,,title_abstract,
https://openalex.org/W4403527687,,,,,,,,,,,,,,title_abstract,
https://openalex.org/W4403589141,,,,,,,,,,,,,,title_abstract,
https://openalex.org/W4403637620,,,,,,,,,,,,,,title_abstract,
https://openalex.org/W4403705722,,,,,,,,,,,,,,title_abstract,
https://openalex.org/W4403910911,,,,,,,,,,,,,,title_abstract,
https://openalex.org/W4403914647,,,,,,,,,,,,,,title_abstract,
https://openalex.org/W4404123978,,,,,,,,,,,,,,title_abstract,
https://openalex.org/W4404163668,,,,,,,,,,,,,,title_abstract,
https://openalex.org/W4404306058,,,,,,,,,,,,,,title_abstract,
https://openalex.org/W4404460635,,,,,,,,,,,,,,title_abstract,
https://openalex.org/W4404544852,,,,,,,,,,,,,,title_abstract,
https://openalex.org/W4405011096,,,,,,,,,,,,,,title_abstract,
https://openalex.org/W4405124444,,,,,,,,,,,,,,title_abstract,
https://openalex.org/W4405229672,,,,,,,,,,,,,,title_abstract,
https://openalex.org/W4405304988,,,,,,,,,,,,,,title_abstract,
https://openalex.org/W4405309954,,,,,,,,,,,,,,title_abstract,
https://openalex.org/W4405328793,,,,,,,,,,,,,,title_abstract,
https://openalex.org/W4405380480,,,,,,,,,,,,,,title_abstract,
https://openalex.org/W4405421537,,,,,,,,,,,,,,title_abstract,
https://openalex.org/W4405453623,,,,,,,,,,,,,,title_abstract,
https://openalex.org/W4405656635,,,,,,,,,,,,,,title_abstract,
https://openalex.org/W4405694089,,,,,,,,,,,,,,title_abstract,
https://openalex.org/W4405696181,,,,,,,,,,,,,,title_abstract,
https://openalex.org/W4405696544,,,,,,,,,,,,,,title_abstract,
https://openalex.org/W4405737947,,,,,,,,,,,,,,title_abstract,
https://openalex.org/W4405781635,,,,,,,,,,,,,,title_abstract,
https://openalex.org/W4405782007,,,,,,,,,,,,,,title_abstract,
https://openalex.org/W4405809301,,,,,,,,,,,,,,title_abstract,
https://openalex.org/W4405810622,,,,,,,,,,,,,,title_abstract,
https://openalex.org/W4405832380,,,,,,,,,,,,,,title_abstract,
https://openalex.org/W4405883492,,,,,,,,,,,,,,title_abstract,
https://openalex.org/W4405924588,,,,,,,,,,,,,,title_abstract,
https://openalex.org/W4405945116,,,,,,,,,,,,,,title_abstract,
https://openalex.org/W4405993262,,,,,,,,,,,,,,title_abstract,
https://openalex.org/W4406022546,,,,,,,,,,,,,,title_abstract,
https://openalex.org/W4406049170,,,,,,,,,,,,,,title_abstract,
https://openalex.org/W4406050854,,,,,,,,,,,,,,title_abstract,
https://openalex.org/W4406060793,,,,,,,,,,,,,,title_abstract,
https://openalex.org/W4406078631,,,,,,,,,,,,,,title_abstract,
https://openalex.org/W4406115438,,,,,,,,,,,,,,title_abstract,
https://openalex.org/W4406125691,,,,,,,,,,,,,,title_abstract,
https://openalex.org/W4406129485,,,,,,,,,,,,,,title_abstract,
https://openalex.org/W4406139861,,,,,,,,,,,,,,title_abstract,
https://openalex.org/W4406175260,,,,,,,,,,,,,,title_abstract,
https://openalex.org/W4406212855,,,,,,,,,,,,,,title_abstract,
https://openalex.org/W4406267692,,,,,,,,,,,,,,title_abstract,
https://openalex.org/W4406287015,,,,,,,,,,,,,,title_abstract,
https://openalex.org/W4406423527,,,,,,,,,,,,,,title_abstract,
https://openalex.org/W4406543888,,,,,,,,,,,,,,title_abstract,
https://openalex.org/W4406588802,,,,,,,,,,,,,,title_abstract,
https://openalex.org/W4406613188,,,,,,,,,,,,,,title_abstract,
https://openalex.org/W4406641222,,,,,,,,,,,,,,title_abstract,
https://openalex.org/W4406698558,,,,,,,,,,,,,,title_abstract,
https://openalex.org/W4406753854,,,,,,,,,,,,,,title_abstract,
https://openalex.org/W4406793309,,,,,,,,,,,,,,title_abstract,
https://openalex.org/W4407932233,,,,,,,,,,,,,,title_abstract,
https://openalex.org/W4408088880,,,,,,,,,,,,,,title_abstract,
https://openalex.org/W4408158945,,,,,,,,,,,,,,title_abstract,
https://openalex.org/W4408283560,,,,,,,,,,,,,,title_abstract,
https://openalex.org/W4408298112,,,,,,,,,,,,,,title_abstract,
https://openalex.org/W4408554220,,,,,,,,,,,,,,title_abstract,
https://openalex.org/W4409084203,,,,,,,,,,,,,,title_abstract,
https://openalex.org/W4409271182,,,,,,,,,,,,,,title_abstract,
https://openalex.org/W4409277400,,,,,,,,,,,,,,title_abstract,
https://openalex.org/W4409318282,,,,,,,,,,,,,,title_abstract,
https://openalex.org/W4409466517,,,,,,,,,,,,,,title_abstract,
https://openalex.org/W4409498167,,,,,,,,,,,,,,title_abstract,
https://openalex.org/W4409506585,,,,,,,,,,,,,,title_abstract,
https://openalex.org/W4409540095,,,,,,,,,,,,,,title_abstract,
https://openalex.org/W4409540271,,,,,,,,,,,,,,title_abstract,
https://openalex.org/W4409669200,,,,,,,,,,,,,,title_abstract,
https://openalex.org/W4409801712,,,,,,,,,,,,,,title_abstract,
https://openalex.org/W4409880222,,,,,,,,,,,,,,title_abstract,
https://openalex.org/W4409885610,,,,,,,,,,,,,,title_abstract,
https://openalex.org/W4409990157,,,,,,,,,,,,,,title_abstract,
https://openalex.org/W4410019585,,,,,,,,,,,,,,title_abstract,
https://openalex.org/W4410235035,,,,,,,,,,,,,,title_abstract,
https://openalex.org/W4410328889,,,,,,,,,,,,,,title_abstract,
https://openalex.org/W4410409076,,,,,,,,,,,,,,title_abstract,
https://openalex.org/W4410446312,,,,,,,,,,,,,,title_abstract,
https://openalex.org/W4410603634,,,,,,,,,,,,,,title_abstract,
https://openalex.org/W4410642366,,,,,,,,,,,,,,title_abstract,
https://openalex.org/W4410774557,,,,,,,,,,,,,,title_abstract,
https://openalex.org/W4411051681,,,,,,,,,,,,,,title_abstract,
https://openalex.org/W4411155101,,,,,,,,,,,,,,title_abstract,
https://openalex.org/W4411240824,,,,,,,,,,,,,,title_abstract,
https://openalex.org/W4411287843,,,,,,,,,,,,,,title_abstract,
https://openalex.org/W4411297273,,,,,,,,,,,,,,title_abstract,
https://openalex.org/W4411378499,,,,,,,,,,,,,,title_abstract,
https://openalex.org/W4411541921,,,,,,,,,,,,,,title_abstract,
https://openalex.org/W4411550169,,,,,,,,,,,,,,title_abstract,
https://openalex.org/W4411558044,,,,,,,,,,,,,,title_abstract,
https://openalex.org/W4411734729,,,,,,,,,,,,,,title_abstract,
https://openalex.org/W4411882489,,,,,,,,,,,,,,title_abstract,
https://openalex.org/W4412181520,,,,,,,,,,,,,,title_abstract,
https://openalex.org/W4412244440,,,,,,,,,,,,,,title_abstract,
https://openalex.org/W4412366260,,,,,,,,,,,,,,title_abstract,
https://openalex.org/W4412377673,,,,,,,,,,,,,,title_abstract,
https://openalex.org/W4412450573,,,,,,,,,,,,,,title_abstract,
https://openalex.org/W4412814750,,,,,,,,,,,,,,title_abstract,
https://openalex.org/W4412931206,,,,,,,,,,,,,,title_abstract,
https://openalex.org/W4412942389,,,,,,,,,,,,,,title_abstract,
https://openalex.org/W4412981514,,,,,,,,,,,,,,title_abstract,
https://openalex.org/W4413023955,,,,,,,,,,,,,,title_abstract,
https://openalex.org/W4413032675,,,,,,,,,,,,,,title_abstract,
https://openalex.org/W4413054210,,,,,,,,,,,,,,title_abstract,
https://openalex.org/W4413129584,,,,,,,,,,,,,,title_abstract,
https://openalex.org/W4413636514,,,,,,,,,,,,,,title_abstract,
https://openalex.org/W4413845909,,,,,,,,,,,,,,title_abstract,
https://openalex.org/W4413919427,,,,,,,,,,,,,,title_abstract,
https://openalex.org/W4414021877,,,,,,,,,,,,,,title_abstract,
https://openalex.org/W4414071932,,,,,,,,,,,,,,title_abstract,
https://openalex.org/W4414111177,,,,,,,,,,,,,,title_abstract,
https://openalex.org/W4414143378,,,,,,,,,,,,,,title_abstract,
https://openalex.org/W4414248470,,,,,,,,,,,,,,title_abstract,
https://openalex.org/W4414277112,,,,,,,,,,,,,,title_abstract,
https://openalex.org/W49827872,,,,,,,,,,,,,,title_abstract,
https://openalex.org/W562497562,,,,,,,,,,,,,,title_abstract,
https://openalex.org/W570332825,,,,,,,,,,,,,,title_abstract,
https://openalex.org/W578694848,,,,,,,,,,,,,,title_abstract,
https://openalex.org/W586550286,,,,,,,,,,,,,,title_abstract,
https://openalex.org/W590727636,,,,,,,,,,,,,,title_abstract,
https://openalex.org/W593130235,,,,,,,,,,,,,,title_abstract,
https://openalex.org/W59590490,,,,,,,,,,,,,,title_abstract,
https://openalex.org/W612798030,,,,,,,,,,,,,,title_abstract,
https://openalex.org/W622518797,,,,,,,,,,,,,,title_abstract,
https://openalex.org/W624567800,,,,,,,,,,,,,,title_abstract,
https://openalex.org/W62603086,,,,,,,,,,,,,,title_abstract,
https://openalex.org/W645191986,,,,,,,,,,,,,,title_abstract,
https://openalex.org/W651598703,displacement,,technology as capacity to command flows,not_applicable,linked,yes,no,5,yes,,theoretical monograph,no primary sample,embodied resource flows,full_text,
https://openalex.org/W651789308,,,,,,,,,,,,,,title_abstract,
https://openalex.org/W652792056,,,,,,,,,,,,,,title_abstract,
https://openalex.org/W653317056,,,,,,,,,,,,,,title_abstract,
https://openalex.org/W774892627,,,,,,,,,,,,,,title_abstract,
https://openalex.org/W79627603,,,,,,,,,,,,,,title_abstract,
https://openalex.org/W801597271,,,,,,,,,,,,,,title_abstract,
https://openalex.org/W81557585,,,,,,,,,,,,,,title_abstract,
https://openalex.org/W836905562,,,,,,,,,,,,,,title_abstract,
https://openalex.org/W844153532,,,,,,,,,,,,,,title_abstract,
https://openalex.org/W86482533,,,,,,,,,,,,,,title_abstract,
https://openalex.org/W887434953,,,,,,,,,,,,,,title_abstract,
https://openalex.org/W90399659,,,,,,,,,,,,,,title_abstract,
https://openalex.org/W916295153,,,,,,,,,,,,,,title_abstract,
https://openalex.org/W934054469,,,,,,,,,,,,,,title_abstract,
https://openalex.org/W9375718,,,,,,,,,,,,,,title_abstract,
https://openalex.org/W980396313,,,,,,,,,,,,,,title_abstract,
https://openalex.org/W992677477,,,,,,,,,,,,,,title_abstract,
