rank,code,year,journal,cites,doi,title,rules,note,openalex_id,has_abstract
152,EX1,2023,Financial Innovation,112,10.1186/s40854-022-00396-9,Exploring the moderating role of financial development in environmental Kuznets curve for South Africa: fresh evidence from the novel dynamic ARDL simulations approach,R1 two+ pillars,"South Africa, single-country EKC/ARDL",https://openalex.org/W4313523860,True
154,OFF,2018,Sociology of Health & Illness,69,10.1111/1467-9566.12811,"Digitising psychiatry? Sociotechnical expectations, performative nominalism and biomedical virtue in (digital) psychiatric praxis",R1 two+ pillars,"digital psychiatry; STS, no biophysical outcome",https://openalex.org/W2889358587,True
155,PASS,2022,Annual Review of Environment and Resources,90,10.1146/annurev-environ-120920-100056,Digitalization and the Anthropocene,R1 two+ pillars; R2 material term + cross-national cue,Annual Review: digitalisation and environmental impacts; global review; digitalisation as technology; resource use/impacts. Analogous to Lange et al. 2020,https://openalex.org/W4294549672,True
156,THEORY,2017,Nature and Culture,20,10.3167/nc.2017.120304,Ideology Critique for the Environmental Social Sciences: What Reproduces the Treadmill of Production?,R1 two+ pillars,"ideology critique, treadmill of production",https://openalex.org/W2763307013,True
157,OFF,2014,Technology Analysis and Strategic Management,43,10.1080/09537325.2014.974531,Designing consumer engagement with the smart grids of the future: bringing active demand technology to everyday life,R1 two+ pillars,"smart-grid design, sociology of expectations",https://openalex.org/W2046455035,True
158,EX1,2021,Resources Conservation and Recycling,26,10.1016/j.resconrec.2021.105758,Material footprints of Chinese megacities,R1 two+ pillars; R2 material term + cross-national cue,four Chinese megacities,https://openalex.org/W3181465716,True
159,EX1,2020,International Journal of Environmental Research and Public Health,23,10.3390/ijerph17207510,"Dynamic Changes, Spatiotemporal Differences and Factors Influencing the Urban Eco-Efficiency in the Lower Reaches of the Yellow River",R1 two+ pillars,"Yellow River cities, China",https://openalex.org/W3093182151,True
160,OFF,2011,Science Technology & Human Values,42,10.1177/0162243911420581,Exploring the Role of Dedicated Online Biotechnology News Providers in the Innovation Economy,R1 two+ pillars,biotech news providers,https://openalex.org/W2157725072,True
161,PASS-borderline,2005,Sociological Perspectives,95,10.1525/sop.2005.48.3.383,Unpacking International Power and the Ecological Footprints of Nations: A Quantitative Cross-National Study,R2 material term + cross-national cue,Jorgenson 2005: cross-national EF regression; capital intensity and military technological power as drivers; technology indicator only in the world-systems sense. Author to judge criterion 2,https://openalex.org/W2133022495,True
162,EX1,2023,Energies,97,10.3390/en16155845,"The Driving Factors of Italy’s CO2 Emissions Based on the STIRPAT Model: ARDL, FMOLS, DOLS, and CCR Approaches",R1 two+ pillars,Italy STIRPAT,https://openalex.org/W4385665629,True
166,OFF,2022,Technological Forecasting and Social Change,76,10.1016/j.techfore.2022.121844,The role of emotions in the consumer meaning-making of interactions with social robots,R1 two+ pillars,social robots,https://openalex.org/W4285082249,True
167,PASS,2009,Journal of World-Systems Research,64,10.5195/jwsr.2009.319,"A Tale of Contrasting Trends: Three Measures of the Ecological Footprint in China, India, Japan, and the United States, 1961-2003",R2 material term + cross-national cue,"EF total/per capita/intensity in China, India, Japan, US 1961-2003: EF intensity fell, total EF rose (Jevons). Four-country comparison; decoupling assessed directly; EF outcome",https://openalex.org/W2271129245,True
170,OFF,2014,Science Technology & Human Values,116,10.1177/0162243914542349,The Pharmaceutical Commons,R1 two+ pillars,pharmaceutical commons,https://openalex.org/W2101589578,True
171,DISP,2018,Environmental Sociology,52,10.1080/23251042.2018.1436878,"Ecologically unequal exchange and the carbon intensity of well-being, 1990–2011",R4 displacement term + cross-national cue,"EUE and carbon intensity of well-being, 81 countries 1990-2011; trade integration, no technology indicator; displacement-pillar relevance only",https://openalex.org/W2792425554,True
172,OFF,2014,The Journal of Environmental Education,114,10.1080/00958964.2014.941783,Future Scenarios and Environmental Education,R1 two+ pillars,environmental education scenarios,https://openalex.org/W2023767506,True
173,EX3,2023,Environmental Technology & Innovation,232,10.1016/j.eti.2023.103509,Revolutionizing the circular economy through new technologies: A new era of sustainable progress,R1 two+ pillars; R2 material term + cross-national cue,bibliometric review of technologies and circular economy; no biophysical outcome,https://openalex.org/W4390414619,True
174,THEORY,2012,American Journal of Sociology,93,10.1086/664617,Weber and the Environment: Classical Foundations for a Postexemptionalist Sociology,R2 material term + cross-national cue,Weber and the environment,https://openalex.org/W2012086721,True
175,PASS,2022,Frontiers in Environmental Science,107,10.3389/fenvs.2022.868704,"The Impact of Green Investment, Technological Innovation, and Globalization on CO2 Emissions: Evidence From MINT Countries",R1 two+ pillars,"MINT countries 2000-2020: green investment, technological innovation, globalisation -> CO2 (FMOLS/DOLS). Meets criteria as written; econometric innovation->CO2 panel genre",https://openalex.org/W4221012522,True
176,PASS,2022,Energies,24,10.3390/en15155456,"The Environmental Effects of Urbanization, Education, and Green Innovation in the Union for Mediterranean Countries: Evidence from Quantile Regression Model",R1 two+ pillars,"Union for the Mediterranean countries 2001-2016: green innovation, urbanisation, education -> environmental degradation (panel quantile). Same genre; outcome indicator to confirm at full text",https://openalex.org/W4288067255,True
180,THEORY,2020,Journal of World-Systems Research,31,10.5195/jwsr.2020.989,The World-System and the Earth System,R1 two+ pillars; R4 displacement term + cross-national cue,Hornborg: world-system and earth system,https://openalex.org/W2980724302,True
181,OFF,2018,New Genetics and Society,50,10.1080/14636778.2018.1469975,Governing anticipatory technology practices. Forensic DNA phenotyping and the forensic genetics community in Europe,R1 two+ pillars,forensic DNA phenotyping,https://openalex.org/W2785949837,True
183,OFF,2015,Law & Social Inquiry,104,10.1111/lsi.12141,"Constructing the Rights of Nature: Constitutional Reform, Mobilization, and Environmental Protection in Ecuador",R1 two+ pillars; R4 displacement term + cross-national cue,"rights of nature, Ecuador",https://openalex.org/W1914034541,True
185,EX1,2020,Journal of Cleaner Production,129,10.1016/j.jclepro.2020.125443,Resource efficiency in industrialized housing construction – A systematic review of current performance and future opportunities,R1 two+ pillars; R2 material term + cross-national cue,sector-specific systematic review (industrialised housing construction); no national biophysical outcome,https://openalex.org/W3111205846,True
186,PASS,2023,Frontiers in Environmental Science,97,10.3389/fenvs.2022.1076859,"The impact of renewable energy transition, green growth, green trade and green innovation on environmental quality: Evidence from top 10 green future countries",R1 two+ pillars,"top-10 'green future' countries: renewable transition, green growth, green innovation -> environmental quality (D-H panel). Genre; abstract missing in record; outcome to confirm",https://openalex.org/W4313827617,True
187,OFF,2021,NanoEthics,47,10.1007/s11569-021-00408-5,Responsibility through Anticipation? The ‘Future Talk’ and the Quest for Plausibility in the Governance of Emerging Technologies,R1 two+ pillars,anticipatory governance theory,https://openalex.org/W4205853532,True
191,THEORY,2012,Capitalism Nature Socialism,21,10.1080/10455752.2012.674147,The Insuperable Imperative: A Critique of the Ecologically Modernizing State,R1 two+ pillars,critique of ecologically modernising state (weak/strong EM),https://openalex.org/W2085946777,True
192,DISP,2009,International Journal of Comparative Sociology,79,10.1177/0020715209105140,The Transnational Organization of Production and Uneven Environmental Degradation and Change in the World Economy,R4 displacement term + cross-national cue,"review of transnational organisation of production and EUE (2009); theoretical/empirical summary, no new data",https://openalex.org/W2048293151,True
194,OFF,2022,European Journal of Futures Research,45,10.1186/s40309-022-00190-x,Young people’s technological images of the future: implications for science and technology education,R1 two+ pillars,young people's images of technological futures,https://openalex.org/W4226293336,True
195,PASS,2023,Ecological Economics,27,10.1016/j.ecolecon.2023.107937,The limits to degrowth: Economic and climatic consequences of pessimist assumptions on decoupling,R1 two+ pillars; R2 material term + cross-national cue,"Ecological Economics 2023: assesses consequences of degrowth scholars' decoupling assumptions (global, carbon vs GDP, scenario arithmetic). Decoupling assessed directly, model-based; argues against degrowth position - counter-position candidate",https://openalex.org/W4385009166,True
197,DISP,2016,Journal of Political Ecology,57,10.2458/v23i1.20221,"The sociology of ecologically unequal exchange, foreign investment dependence and environmental load displacement: summary of the literature and implications for sustainability",R4 displacement term + cross-national cue,"Jorgenson 2016 JPE: literature summary of EUE, FDI dependence and load displacement; review, no new data (cf. Givens et al. 2019)",https://openalex.org/W2618067250,True
198,EX3,2021,Sustainability,90,10.3390/su13041899,Circular Bioeconomy Business Models to Overcome the Valley of Death. A Systematic Statistical Analysis of Studies and Projects in Emerging Bio-Based Technologies and Trends Linked to the SME Instrument Support,R1 two+ pillars; R2 material term + cross-national cue,circular bioeconomy business models; bibliometric,https://openalex.org/W3128164993,True
199,EX1,2023,Energies,15,10.3390/en16176184,The Interplay of Green Technology and Energy Consumption: A Study of China’s Carbon Neutrality and Sustainable Digital Economy,R1 two+ pillars,China,https://openalex.org/W4386168392,True
200,EX3,2023,Sustainability,27,10.3390/su152014676,Tourism Degrowth: Painful but Necessary,R1 two+ pillars; R2 material term + cross-national cue,"tourism degrowth; conceptual, sectoral",https://openalex.org/W4387496850,True
203,EX2,2023,Nature Sustainability,113,10.1038/s41893-023-01130-8,Compensation for atmospheric appropriation,R4 displacement term + cross-national cue,"Fanning & Hickel 2023 atmospheric appropriation, 168 countries; carbon inequality; no technology indicator, not decoupling; adjacent to displacement",https://openalex.org/W4379469882,True
204,OFF,2016,Annals of Anthropological Practice,87,10.1111/napa.12084,Disaster vulnerability in anthropological perspective,R1 two+ pillars; R4 displacement term + cross-national cue,disaster vulnerability,https://openalex.org/W2544293211,True
205,EX1,2002,,25,10.18174/121358,Ecologizing industrialization in Chinese small towns,R1 two+ pillars,Chinese small towns,https://openalex.org/W2169701480,True
207,EX1,2011,Challenges,172,10.3390/challe2040073,Challenges and Opportunities in Transforming a City into a “Zero Waste City”,R1 two+ pillars; R2 material term + cross-national cue,"zero-waste city; urban, conceptual",https://openalex.org/W2149891385,True
209,EX2,2019,Sustainability,39,10.3390/su11102752,"Environmental Homogenization or Heterogenization? The Effects of Globalization on Carbon Dioxide Emissions, 1970–2014",R1 two+ pillars; R4 displacement term + cross-national cue,"globalisation dimensions -> CO2, 137 countries 1970-2014; EM vs EUE; no technology indicator, decoupling not assessed directly. Adjacent",https://openalex.org/W2945557658,True
210,OFF,2013,European Journal of Sustainable Development,171,10.14207/ejsd.2013.v2n1p171,Promoting Eco-innovations to Leverage Sustainable Development of Eco-industry and Green Growth,R1 two+ pillars,eco-innovation promotion essay,https://openalex.org/W1915344498,True
214,EX3,2018,Sustainability,108,10.3390/su10124453,Conceptualizing the Digital Sharing Economy in the Context of Sustainability,R1 two+ pillars,conceptual: digital sharing economy,https://openalex.org/W2903208610,True
215,EX1,2021,International Journal of Environmental Research and Public Health,13,10.3390/ijerph182111024,Exploring the Dependence and Influencing Factors of Carbon Emissions from the Perspective of Population Development,R1 two+ pillars; R2 material term + cross-national cue,30 Chinese provinces,https://openalex.org/W3206156824,True
221,OFF,2019,Water,23,10.3390/w11030411,Negotiating Water and Technology—Competing Expectations and Confronting Knowledges in the Case of the Coca Codo Sinclair in Ecuador,R1 two+ pillars; R4 displacement term + cross-national cue,Ecuador hydropower expectations,https://openalex.org/W2915859673,True
224,EX1,2020,Sustainability,150,10.3390/su122310191,Green New Deal Policy of South Korea: Policy Innovation for a Sustainability Transition,R1 two+ pillars,South Korea policy,https://openalex.org/W3111644277,True
233,EX2,2022,The Lancet Planetary Health,110,10.1016/s2542-5196(22)00092-4,Existing climate mitigation scenarios perpetuate colonial inequalities,R4 displacement term + cross-national cue,Lancet PH: IPCC scenarios perpetuate energy inequalities; global; no technology indicator; not decoupling. Adjacent,https://openalex.org/W4284992343,True
235,EX1,2018,Journal of World-Systems Research,19,10.5195/jwsr.2018.700,Geoeconomic Uses of Global Warming: The “Green” Technological Revolution and the Role of the Semi-Periphery,R1 two+ pillars,Argentina wind energy case; world-systems essay,https://openalex.org/W2789870312,True
242,EX1,2023,Environment Development and Sustainability,10,10.1007/s10668-023-04007-0,Study on the driving factors and decoupling effect of carbon emission from pig farming in China—based on LMDI and Tapio model,R1 two+ pillars; R2 material term + cross-national cue,China pig farming,https://openalex.org/W4388537935,True
244,PASS-borderline,2020,The Science of The Total Environment,201,10.1016/j.scitotenv.2020.141912,"Environmental performance, biocapacity, carbon &amp; ecological footprint of nations: Drivers, trends and mitigation options",R2 material term + cross-national cue,"STOTEN 2020: environmental performance, biocapacity, carbon and ecological footprint of nations; socio-economic drivers and convergence, cross-country time series. Technology indicator unclear; check at full text",https://openalex.org/W3080413620,True
245,OFF,2021,IEEE Access,274,10.1109/access.2021.3130030,"6G Vision, Value, Use Cases and Technologies From European 6G Flagship Project Hexa-X",R1 two+ pillars,6G vision,https://openalex.org/W3216069328,True
249,PASS,2021,Nature Sustainability,255,10.1038/s41893-021-00811-6,Implementing the material footprint to measure progress towards Sustainable Development Goals 8 and 12,"R3 no abstract, material term in title",Nature Sustainability 2021: implementing the material footprint to measure progress towards SDG 8 and 12 (no abstract available anywhere). Global MF accounting; very likely reports MF vs GDP trends by country = decoupling assessed directly. 255 citations. Full text needed,https://openalex.org/W4200083698,False
250,PASS-borderline,2016,International Journal of Operations & Production Management,60,10.1108/ijopm-05-2015-0266,Integrated resource efficiency: measurement and management,R1 two+ pillars; R2 material term + cross-national cue,"integrated resource efficiency index, 40 countries incl. 34 OECD; material and energy productivity vs social development; no technology indicator, decoupling only as productivity index. Low priority",https://openalex.org/W2515063842,True
252,DISP,2017,Journal of World-Systems Research,48,10.5195/jwsr.2017.731,Chocolate and The Consumption of Forests: A Cross-National Examination of Ecologically Unequal Exchange in Cocoa Exports,R4 displacement term + cross-national cue,"cocoa exports and deforestation, cross-national EUE regression; outcome deforestation",https://openalex.org/W2745249395,True
256,EX1,2018,Energy,151,10.1016/j.energy.2018.06.186,Whether China's industrial sectors make efforts to reduce CO2 emissions from production? - A decomposed decoupling analysis,"R3 no abstract, material term in title",China industrial sectors,https://openalex.org/W2809788748,True
258,EX1,2018,Economic Analysis and Policy,87,10.1016/j.eap.2018.11.003,Decoupling economic growth from GHG emissions: Decomposition analysis by sectoral factors for Australia,"R3 no abstract, material term in title",Australia sectoral decoupling,https://openalex.org/W2904854333,True
264,OFF,2023,Journal of city climate policy and economy,24,10.3138/jccpe-2023-0004,"Post-Growth, Degrowth, the Doughnut, and Circular Economy: A Short Guide for Policymakers",R1 two+ pillars,policy guide commentary,https://openalex.org/W4387771968,True
265,PASS,2019,Sociology of Development,15,10.1525/sod.2019.5.4.381,The Treadmill of Information,R1 two+ pillars,"Sociology of Development 2019 'Treadmill of information': ICT development -> CO2 (total and sectoral), 113 countries panel, multilevel growth model; EM vs treadmill framing. Strong candidate (cf. Bugden 2022)",https://openalex.org/W2993496297,True
269,THEORY,2019,Cambridge University Press eBooks,1,10.1017/9781108554985.006,Anticipating Degrowth,R1 two+ pillars,"Hornborg chapter, degrowth",https://openalex.org/W4211085733,True
270,OFF,2021,JCMS Journal of Common Market Studies,50,10.1111/jcms.13197,Sociotechnical Imaginaries of EU Defence: The Past and the Future in the European Defence Fund,R1 two+ pillars,EU defence imaginaries,https://openalex.org/W3130316293,True
279,EX1,2022,Frontiers in Energy Research,7,10.3389/fenrg.2022.794104,Directed Technical Change and Pollution Emission: Evidence From Fossil and Renewable Energy Technologies in China,R1 two+ pillars,"30 Chinese provinces, patents",https://openalex.org/W4220995210,True
281,EX3,2022,Environment Development and Sustainability,44,10.1007/s10668-022-02356-w,Driving factors of e-waste recycling rate in 30 European countries: new evidence using a panel quantile regression of the EKC hypothesis coupled with the STIRPAT model,R1 two+ pillars,"e-waste recycling rate as outcome, 30 European countries; not throughput/emissions",https://openalex.org/W4225406390,True
283,PASS,2021,Global Environmental Change,104,10.1016/j.gloenvcha.2021.102410,Prospects for a saturation of humanity’s resource use? An analysis of material stocks and flows in nine world regions from 1900 to 2035,R2 material term + cross-national cue,"Global Environmental Change 2021: material stocks and flows, 14 bulk materials, nine world regions 1900-2035; saturation of resource use assessed directly. Strong candidate",https://openalex.org/W3213160484,True
284,INCLUDED,2013,PLoS ONE,160,10.1371/journal.pone.0070385,Development and Dematerialization: An International Study,R2 material term + cross-national cue,Steinberger et al. 2013 - already in corpus (known-item),https://openalex.org/W2133907326,True
285,THEORY,2019,Sustainability,43,10.3390/su11143852,Work and Social-Ecological Transitions: A Critical Review of Five Contrasting Approaches,R1 two+ pillars,critical review of work and social-ecological transitions,https://openalex.org/W2962216381,True
286,PASS,2022,Energies,59,10.3390/en15093390,"Renewable Energy, Urbanization, and CO2 Emissions: A Global Test",R1 two+ pillars,"163 countries 2000-2016: renewable energy, urbanisation, patents -> CO2 (FE, system GMM). Genre; criteria met",https://openalex.org/W4229069547,True
287,EX3,2016,Sustainability,33,10.3390/su8040373,A Systemic and Systematic Approach to the Development of a Policy Mix for Material Resource Efficiency,R1 two+ pillars; R2 material term + cross-national cue,policy-mix design for EU material efficiency; no empirical outcome,https://openalex.org/W2338357461,True
288,THEORY,2019,,85,10.1017/9781108554985,"Nature, society, and justice in the anthropocene unravelling the money-energy-technology complex",R4 displacement term + cross-national cue,Hornborg 2019 book (money-energy-technology complex),https://openalex.org/W4211235122,True
290,OFF,2020,Critique of Anthropology,20,10.1177/0308275x20959419,Waiting for a deus ex machina: ‘Sustainable extractives’ in a 2°C world,R1 two+ pillars,"ethnography of oil executives' techno-optimism; interpretive, relevant to expectations but no biophysical outcome",https://openalex.org/W2970906782,True
296,DISP,2009,International Sociology,73,10.1177/0268580908099156,"Political-Economic Integration, Industrial Pollution and Human Health",R4 displacement term + cross-national cue,"EUE/FDI dependence test on industrial water pollution, LDCs 1980-2000; no technology indicator",https://openalex.org/W2069332984,True
299,THEORY,2003,Journal of Ecological Anthropology,57,10.5038/2162-4593.7.1.1,The Unequal Exchange of Time and Space: Toward a Non-Normative Ecological Theory of Exploitation,R4 displacement term + cross-national cue,Hornborg 2003 unequal exchange of time and space,https://openalex.org/W2006081504,True
301,OFF,2017,Maritime Policy & Management,19,10.1080/03088839.2017.1299236,Environmental reform of West and Central Africa ports: the influence of colonial legacies,R1 two+ pillars,"African ports, ecological modernisation",https://openalex.org/W2594514630,True
302,PASS-borderline,2023,Sustainable Development,6,10.1002/sd.2648,Material demand and material efficiency for sustainable development in the European Union countries: A stochastic frontier analysis,R1 two+ pillars; R2 material term + cross-national cue,"EU countries 1995-2019: determinants of material demand (DMC) and material-efficiency performance via stochastic frontier. Cross-national, material outcome; technology indicator unclear (growth and energy consumption as drivers). Check full text",https://openalex.org/W4382723195,True
303,EX1,2015,Environmental Sociology,11,10.1080/23251042.2015.1008384,Climate governance in the post-industrial city: the urban side of ecological modernisation,R1 two+ pillars,Genoa,https://openalex.org/W1978964746,True
304,THEORY,2010,Theory Culture & Society,124,10.1177/0263276409359018,"Climate Change, Social Theory and Justice",R4 displacement term + cross-national cue,"climate change, social theory and justice",https://openalex.org/W2075997322,True
305,OFF,2022,Energies,81,10.3390/en15239028,"Social Innovation, Circularity and Energy Transition for Environmental, Social and Governance (ESG) Practices—A Comprehensive Review",R1 two+ pillars,ESG review,https://openalex.org/W4310387338,True
308,EX1,2018,Polish Journal of Environmental Studies,51,10.15244/pjoes/77610,"STIRPAT-Based Driving Factor Decomposition Analysis of Agricultural Carbon Emissions in Hebei, China",R1 two+ pillars,"Hebei, China",https://openalex.org/W2793563491,True
309,OFF,2021,Tarım Bilimleri Dergisi,170,10.15832/ankutbd.986431,Digital Transformation for Sustainable Future - Agriculture 4.0 : A review,R1 two+ pillars; R2 material term + cross-national cue,Agriculture 4.0 review,https://openalex.org/W3213590424,True
311,THEORY,2017,Journal of World-Systems Research,40,10.5195/jwsr.2017.669,Splintering South: Ecologically Unequal Exchange Theory in a Fragmented Global Climate,R4 displacement term + cross-national cue,EUE theory and climate negotiations,https://openalex.org/W2743178718,True
318,EX1,2014,Sustainability,86,10.3390/su6106729,Decoupling Economic Growth and Environmental Degradation: Reviewing Progress to Date in the Small Island State of Malta,R2 material term + cross-national cue,Malta,https://openalex.org/W1967944648,True
322,OFF,2010,Local Environment,35,10.1080/13549839.2010.487526,Involving citizens in sustainable development: evidence of new forms of participation in the Danish Agenda 21 schemes,R1 two+ pillars,Danish Agenda 21,https://openalex.org/W2087353257,True
324,THEORY,2024,Global Environmental Change,21,10.1016/j.gloenvcha.2024.102946,A globally just and inclusive transition? Questioning policy representations of the European Green Deal,R1 two+ pillars; R4 displacement term + cross-national cue,"European Green Deal discourse and raw materials; interpretive, relevant to Section 6",https://openalex.org/W4403910911,True
329,EX1,2020,Journal of Cleaner Production,66,10.1016/j.jclepro.2020.125450,A framework of indicators for associating material stocks and flows to service provisioning: Application for Japan 1990–2015,R2 material term + cross-national cue,Japan material stocks and flows,https://openalex.org/W3112140862,True
330,THEORY,2018,International Journal of Sociology and Social Policy,25,10.1108/ijssp-03-2018-0035,Paradigms and paradoxes: the futures of growth and degrowth,R1 two+ pillars,growth/degrowth storylines,https://openalex.org/W2889341262,True
331,EX2,2013,Climate Policy,196,10.1080/14693062.2013.811333,Drivers of national climate policy,R4 displacement term + cross-national cue,"drivers of national climate policy; no technology indicator, no decoupling test",https://openalex.org/W2086977164,True
334,THEORY,2023,Frontiers in Sustainability,15,10.3389/frsus.2023.1178089,The induction effect: why the rebound effect is only half the story of technology's failure to achieve sustainability,R1 two+ pillars,induction effect (rebound); conceptual with three cases,https://openalex.org/W4386859866,True
341,OFF,2015,,65,,"Environmental Justice, Human Rights, and the Global South",R1 two+ pillars; R4 displacement term + cross-national cue,environmental justice and human rights,https://openalex.org/W216344673,True
344,EX1,2021,Polish Journal of Environmental Studies,6,10.15244/pjoes/128585,Assessing the Green Growth Trajectory throughResource and Impact Decoupling Indices:The Case of Poland,R1 two+ pillars,Poland,https://openalex.org/W3127913593,True
347,THEORY,2016,Environmental Sociology,8,10.1080/23251042.2016.1229592,Conceptual lenses to bring into focus the blurred and unpack the entangled,R1 two+ pillars,"conceptual lenses, environmental sociology",https://openalex.org/W2527176584,True
348,PASS,2023,Resources Policy,30,10.1016/j.resourpol.2023.103776,Heterogenous influence of productive capacities pillars and natural resources on ecological sustainability in developing Belt and Road host countries,R1 two+ pillars; R2 material term + cross-national cue,"Belt and Road host countries 2000-2018: productive-capacity indices incl. ICT, technological innovation -> emissions (Sys-GMM, FGLS). Genre",https://openalex.org/W4381548479,True
349,PASS,2018,Socius Sociological Research for a Dynamic World,44,10.1177/2378023118772716,Can Reducing Income Inequality Decouple Economic Growth from CO<sub>2</sub> Emissions?,R2 material term + cross-national cue,"Socius 2018: income inequality moderates growth-CO2 coupling, developed nations 1985-2011; decoupling assessed directly; no technology indicator. Sociological",https://openalex.org/W2801506382,True
352,EX2,2015,Resources,163,10.3390/resources4010025,Possible Target Corridor for Sustainable Use of Global Material Resources,R2 material term + cross-national cue,"Bringezu 2015 target corridor for global material use; normative target-setting, not a decoupling/technology test",https://openalex.org/W2006713007,True
353,OFF,2022,International Journal for Crime Justice and Social Democracy,29,10.5204/ijcjsd.2191,A Post-Capitalocentric Critique of Digital Technology and Environmental Harm: New Directions at the Intersection of Digital and Green Criminology,R1 two+ pillars; R4 displacement term + cross-national cue,green criminology,https://openalex.org/W3207523174,True
354,PASS,2025,Pakistan journal of commerce and social sciences,4,10.64534/comm.2025.002,"Environmental Sustainability in Technologically Advanced Economies: The Role of Eco-Digitalization, Green Finance, and Green Technology",R1 two+ pillars,"19 technologically advanced economies 1980-2023: eco-digitalisation, green technology, green finance -> CO2 and EF (STIRPAT panel). Genre; low-tier journal",https://openalex.org/W4413636514,True
356,EX1,2023,Energies,59,10.3390/en16176198,"The Impact of Fossil Fuels, Renewable Energy, and Nuclear Energy on South Korea’s Environment Based on the STIRPAT Model: ARDL, FMOLS, and CCR Approaches",R1 two+ pillars,South Korea,https://openalex.org/W4386220198,True
358,PASS,2020,Environmental Sociology,41,10.1080/23251042.2020.1736364,"Gender inequality, reproductive justice, and decoupling economic growth and emissions: a panel analysis of the moderating association of gender equality on the relationship between economic growth and CO2 emissions",R2 material term + cross-national cue,"Environmental Sociology 2020: gender equality moderates growth-CO2 relation, 140 nations FE panel; decoupling assessed directly; no technology indicator",https://openalex.org/W3009243847,True
362,EX1,2023,Frontiers in Environmental Science,36,10.3389/fenvs.2023.1182055,"The influence of renewable and non-renewable energy on carbon emissions in Pakistan: evidence from stochastic impacts by regression on population, affluence, and technology model",R1 two+ pillars,Pakistan households,https://openalex.org/W4382775939,True
367,EX1,2020,Energies,55,10.3390/en13102600,Carbon Dioxide Emissions and Their Driving Forces of Land Use Change Based on Economic Contributive Coefficient (ECC) and Ecological Support Coefficient (ESC) in the Lower Yellow River Region (1995–2018),R1 two+ pillars,Yellow River cities,https://openalex.org/W3026374557,True
368,PASS,2023,Sustainability,12,10.3390/su15108043,Are Energy Reductions Compatible with Economic Growth?,R1 two+ pillars; R2 material term + cross-national cue,"Sustainability 2023 review: global decoupling prospects and ICT; argues no absolute decoupling at global level; CO2 and EF vs GDP. Review, global, decoupling directly",https://openalex.org/W4376958430,True
380,DISP,2020,Ecological Economics,69,10.1016/j.ecolecon.2020.106628,"Ecological macroeconomics in the open economy: Sustainability, unequal exchange and policy coordination in a center-periphery model",R4 displacement term + cross-national cue,Ecological Economics 2020: centre-periphery model with EUE and carbon constraint; model-based scenarios,https://openalex.org/W3010013823,True
381,THEORY,2019,Lund University Publications (Lund University),47,,"Nature, Society, and Justice in the Anthropocene: Unraveling the Money-Energy-Technology Complex",R4 displacement term + cross-national cue,Hornborg 2019 book (duplicate record),https://openalex.org/W2897462783,True
386,EX1,2019,Environmental Research Letters,30,10.1088/1748-9326/ab21e6,Smart gridlock? Challenging hegemonic framings of mitigation solutions and scalability,R1 two+ pillars,Bergen living lab,https://openalex.org/W2945925773,True
387,EX1,2023,Environmental Science and Pollution Research,49,10.1007/s11356-023-26051-z,Decoupling relationship between carbon emissions and economic development and prediction of carbon emissions in Henan Province: based on Tapio method and STIRPAT model,"R1 two+ pillars; R3 no abstract, material term in title",Henan,https://openalex.org/W4322217134,True
389,THEORY,2023,Ecological Economics,6,10.1016/j.ecolecon.2023.107997,Unpacking the black box of ‘energy technology’: How abstraction and resource fungibility obscure ecologically unequal exchange,R1 two+ pillars; R4 displacement term + cross-national cue,Hornborg 2023: energy technology and EUE,https://openalex.org/W4386990770,True
393,EX1,2017,Polish Journal of Environmental Studies,3,10.15244/pjoes/70402,Analysis of Influencing Factors of Ground-Source Heat Pump Applications in China Using Partial Least Squares Regression,R1 two+ pillars,China heat pumps,https://openalex.org/W2752221423,True
394,EX3,2023,Smart Tourism,3,10.54517/st.v4i2.2487,Are smart tourism destinations developing sustainably?,R1 two+ pillars; R2 material term + cross-national cue,smart tourism conceptual,https://openalex.org/W4392832044,True
395,OFF,2024,Degrowth Journal,3,10.36399/degrowth.002.01.02,To enjoy “less” more: Chastened humanism and degrowth,R1 two+ pillars; R2 material term + cross-national cue; R4 displacement term + cross-national cue,chastened humanism,https://openalex.org/W4393206506,True
398,OFF,2015,SOAS Research Online (SOAS University of London),47,10.13140/rg.2.1.3813.2965,The 3As: Tracking Resilience Across BRACED,R1 two+ pillars,BRACED resilience,https://openalex.org/W2965960474,True
402,OFF,2009,Critical Sociology,60,10.1177/0896920508099193,North—South Relations and the Ecological Debt: Asserting a Counter-Hegemonic Discourse,R4 displacement term + cross-national cue,ecological debt NGO discourse analysis,https://openalex.org/W2137540105,True
403,EX4,2014,Digital Commons - DU (University of Denver),4,,Foreign Investment in African Resources: The Ecological Aspect to Imperialism and Unequal Exchange,R1 two+ pillars; R2 material term + cross-national cue; R4 displacement term + cross-national cue,dissertation; Tanzania case,https://openalex.org/W2523304678,True
404,EX1,2024,Journal of Industrial Ecology,27,10.1111/jiec.13458,Australia's circular economy metrics and indicators,R1 two+ pillars,Australia MFA,https://openalex.org/W4390985384,True
409,PASS,2024,Natural Resources Forum,21,10.1111/1477-8947.12458,Nexus between technological innovation and environmental pollution in selected <scp>OECD</scp> countries,R1 two+ pillars,10 OECD countries 1994-2018: technological innovation -> ecological footprint (AMG/CCEMG/FMOLS/DOLS). Genre,https://openalex.org/W4393227851,True
414,EX1,2010,Australian Planner,20,10.1080/07293682.2010.508206,Tempering growth: planning for the challenges of climate change and growth management in SEQ,R1 two+ pillars,South East Queensland planning,https://openalex.org/W2007981205,True
424,EX1,2015,Journal of World-Systems Research,53,10.5195/jwsr.2015.529,"Breaking Ships in the World-System: An Analysis of Two Ship Breaking Capitals, Alang-Sosiya, India and Chittagong, Bangladesh",R4 displacement term + cross-national cue,"ship breaking, two cases",https://openalex.org/W147127987,True
439,PASS,2023,PLoS ONE,77,10.1371/journal.pone.0287715,"Green growth as a determinant of ecological footprint: Do ICT diffusion, environmental innovation, and natural resources matter?",R1 two+ pillars,"PLoS ONE 2023: green growth, ICT diffusion, environmental innovation, natural resources -> ecological footprint, E7 and D7 economies (CS-ARDL). Directly on the review's proxies (ICT, innovation)",https://openalex.org/W4386699897,True
442,THEORY,2022,European Journal of Economics and Economic Policies Intervention,2,10.4337/ejeep.2022.01.10,Economics of digital decoupling: a pluralistic analysis,R1 two+ pillars; R2 material term + cross-national cue,"economics of digital decoupling; pluralistic analytical essay, no empirical test; relevant to 4.2/6",https://openalex.org/W4312808064,True
443,EX1,2025,Sustainability,2,10.3390/su17104311,Investigating the Influence of Renewable Energy Use and Innovative Investments in the Transportation Sector on Environmental Sustainability—A Nonlinear Assessment,R1 two+ pillars; R2 material term + cross-national cue,France transport,https://openalex.org/W4410235035,True
449,THEORY,2016,Journal of Political Ecology,24,10.2458/v23i1.20223,"Linking ecological debt and ecologically unequal exchange: stocks, flows, and unequal sink appropriation",R4 displacement term + cross-national cue,"ecological debt and EUE, conceptual",https://openalex.org/W2562324168,True
455,EX1,2022,One Earth,44,10.1016/j.oneear.2021.12.011,Different Material Footprint Trends between China and the World in 2007-2012 Explained by Construction- and Manufacturing-associated Investment,"R2 material term + cross-national cue; R3 no abstract, material term in title",One Earth 2022: China provinces' MF 2007-2012 vs world; single-country design with global comparison,https://openalex.org/W4205426769,True
458,PASS,2021,Environmental Science and Pollution Research,32,10.1007/s11356-021-14414-3,The impact of economic complexity on embodied carbon emission in trade: new empirical evidence from cross-country panel data,R1 two+ pillars,"ESPR 2021: economic complexity -> embodied carbon in exports/imports, 58 countries 1995-2015 (GMM). Tests the review's 'emerging proxy' against an emissions outcome; would qualify the claim that no included study tests economic complexity. Priority",https://openalex.org/W3165494894,True
459,OFF,2021,Frontiers in Sustainable Cities,69,10.3389/frsc.2021.690458,Co-creation Pathways to Inform Shared Governance of Urban Living Labs in Practice: Lessons From Three European Projects,R1 two+ pillars,urban living labs,https://openalex.org/W3188335903,True
460,OFF,2023,Journal of Cleaner Production,42,10.1016/j.jclepro.2023.140140,Circular economy as crisis response: A primer,R1 two+ pillars; R2 material term + cross-national cue,circular economy primer,https://openalex.org/W4389669213,True
464,EX1,2021,Journal of Environmental Planning and Management,15,10.1080/09640568.2021.1941809,Examining the antecedents and consequences of sustainable green supply chain management from the perspective of ecological modernization: evidence from Taiwan’s high-tech sector,R1 two+ pillars,Taiwan firm survey,https://openalex.org/W3185407092,True
466,DISP,2016,Sustainability,29,10.3390/su8121263,The Political Economy of the Water Footprint: A Cross-National Analysis of Ecologically Unequal Exchange,R4 displacement term + cross-national cue,"water footprint EUE regression, 138 countries; no technology indicator",https://openalex.org/W2559805026,True
471,EX1,2019,International Journal of Environmental Research and Public Health,30,10.3390/ijerph16234805,"Ecological Security Assessment Based on Ecological Footprint Approach in Hulunbeir Grassland, China",R1 two+ pillars,"Hulunbeir grassland, China",https://openalex.org/W2990126043,True
473,EX3,2024,Sustainability,64,10.3390/su16020643,Future Projections of Global Plastic Pollution: Scenario Analyses and Policy Implications,R1 two+ pillars,"global plastic pollution STIRPAT, 128 countries; outcome (plastic pollution) outside the defined biophysical set",https://openalex.org/W4390751343,True
480,PASS,2020,Polish Journal of Environmental Studies,18,10.15244/pjoes/110613,(De)coupling Analysis with Focus on EnergyConsumption in EU Countries and Its SpatialEvaluation,R1 two+ pillars; R2 material term + cross-national cue,"EU countries 2008-2016: decoupling of energy consumption and GHG from GDP, cross-country comparison; decoupling assessed directly. Low-tier journal",https://openalex.org/W3000782533,True
491,OFF,2023,Frontiers in Sustainability,60,10.3389/frsus.2023.1166642,Agents of (un)sustainability: democratising universities for the planetary crisis,R1 two+ pillars,universities and sustainability,https://openalex.org/W4382173829,True
494,OFF,2022,Journal of Political Ecology,36,10.2458/jpe.2292,Radical social innovations and the spatialities of grassroots activism: navigating pathways for tackling inequality and reinventing the commons,R1 two+ pillars; R4 displacement term + cross-national cue,grassroots innovations,https://openalex.org/W4223908209,True
496,EX1,2019,Sustainability,17,10.3390/su11236563,Factors Controlling Urban and Rural Indirect Carbon Dioxide Emissions in Household Consumption: A Case Study in Beijing,R1 two+ pillars,Beijing households,https://openalex.org/W2991527452,True
497,DISP,2016,Journal of Political Ecology,30,10.2458/v23i1.20240,"South America's biophysical involvement in international trade: the physical trade balances of Argentina, Bolivia, and Brazil in the light of ecologically unequal exchange",R4 displacement term + cross-national cue,"physical trade balances Argentina/Bolivia/Brazil, EUE; material flows, three countries",https://openalex.org/W2620413123,True
512,PASS,2023,Review of Development Economics,55,10.1111/rode.13077,"New insight into decoupling carbon emissions from economic growth: Do financialization, human capital, and energy security risk matter?",R1 two+ pillars; R2 material term + cross-national cue,"BRICS 1990-2019: Tapio decoupling index + CS-ARDL; financialisation, human capital, energy security; CO2. Decoupling assessed directly",https://openalex.org/W4390236533,True
513,OFF,2024,European Business Review,12,10.1108/ebr-02-2024-0088,Digital capabilities and market competitiveness: the two-fold mediation of internal and external drivers,R1 two+ pillars,"firm survey, digital capabilities",https://openalex.org/W4399789780,True
514,THEORY,2019,Journal of Political Ecology,44,10.2458/v26i1.22862,Towards a green modernization development discourse: the new green revolution in Africa,R4 displacement term + cross-national cue,"green modernisation discourse, Africa",https://openalex.org/W2921440405,True
515,OFF,2023,Urban Studies,46,10.1177/00420980231162234,Urbanizing degrowth: Five steps towards a Radical Spatial Degrowth Agenda for planning in the face of climate emergency,R4 displacement term + cross-national cue,urban degrowth agenda,https://openalex.org/W4361010166,True
527,EX3,2023,Buildings and Cities,11,10.5334/bc.297,Technological efficiency limitations to climate mitigation: why sufficiency is necessary,R1 two+ pillars; R2 material term + cross-national cue; R4 displacement term + cross-national cue,buildings sector critique; sufficiency essay,https://openalex.org/W4368240764,True
534,OFF,2022,Systems,48,10.3390/systems10030077,Smart Cities from the Perspective of Systems,R1 two+ pillars,smart cities systems review,https://openalex.org/W4282549828,True
535,EX2,2014,European Journal of Futures Research,22,10.1007/s40309-014-0048-3,Living within the safe operating space: a vision for a resource efficient Europe,R1 two+ pillars; R2 material term + cross-national cue,resource-efficient Europe vision,https://openalex.org/W2055574165,True
537,EX1,2019,Resources,22,10.3390/resources8020092,Concretizing Green Growth and Sustainable Business Models in the Water Sector of Jordan,R1 two+ pillars,Jordan water sector,https://openalex.org/W2944032611,True
540,THEORY,2023,Geo Geography and Environment,63,10.1002/geo2.128,Whose growth in whose planetary boundaries? Decolonising planetary justice in the Anthropocene,R4 displacement term + cross-national cue,decolonising planetary justice,https://openalex.org/W4385639663,True
543,EX1,2025,Management Research Review,10,10.1108/mrr-07-2024-0534,Venturing green: the impact of sustainable business model innovation on corporate environmental performance in social enterprises,R1 two+ pillars,Canadian social enterprises,https://openalex.org/W4408158945,True
544,PASS,2020,Resources Conservation and Recycling,29,10.1016/j.resconrec.2020.105226,Resource use and economic development: an exergy perspective on energy and material flows and stocks from 1900 to 2010,"R3 no abstract, material term in title",RCR 2020: global exergy perspective on energy and material flows and stocks 1900-2010; resource flows per unit of economic activity (intensity trends) reported; global; decoupling assessed directly,https://openalex.org/W3097453793,True
547,OFF,2018,Sustainability,46,10.3390/su10082796,Anticipating Constraints on Upscaling from Urban Innovation Experiments,R1 two+ pillars,urban experiments upscaling,https://openalex.org/W2886462286,True
548,OFF,2024,Sustainability,46,10.3390/su162411218,Microalgal Bioeconomy: A Green Economy Approach Towards Achieving Sustainable Development Goals,R1 two+ pillars; R2 material term + cross-national cue,microalgae,https://openalex.org/W4405696544,True
549,OFF,2015,Energy Sustainability and Society,21,10.1186/s13705-015-0068-2,A tale of three transitions: a year in the life of electricity system transformation narratives in the Irish media,R1 two+ pillars,Irish media,https://openalex.org/W2284635478,True
552,PASS-borderline,2024,Clean Technologies,45,10.3390/cleantechnol6030054,Decoupling Economic Growth from Carbon Emissions: A Transition toward Low-Carbon Energy Systems—A Critical Review,R1 two+ pillars; R2 material term + cross-national cue,Clean Technologies 2024: critical review of decoupling growth from carbon and low-carbon energy systems; global review; engineering orientation; quality to judge at full text,https://openalex.org/W4401695001,True
555,OFF,2022,Equilibrium Quarterly Journal of Economics and Economic Policy,44,10.24136/eq.2022.021,Meeting the European green deal objective of expanding organic farming,R1 two+ pillars; R2 material term + cross-national cue,organic farming EU,https://openalex.org/W4300961869,True
556,OFF,2024,Engineering Science & Technology Journal,44,10.51594/estj.v5i1.744,ADVANCED MATERIALS FOR SUSTAINABLE CONSTRUCTION: A REVIEW OF INNOVATIONS AND ENVIRONMENTAL BENEFITS,R1 two+ pillars; R2 material term + cross-national cue,construction materials review,https://openalex.org/W4391172763,True
559,EX2,2009,Global Environmental Politics,37,10.1162/glep.2009.9.1.79,"Capitalism, State Economic Policy and Ecological Footprint: An International Comparative Analysis",R2 material term + cross-national cue,"economic freedom index -> EF, 110 countries 1996-2003; no technology indicator, no decoupling test",https://openalex.org/W2066232092,True
560,EX2,2016,Sustainability,20,10.3390/su8080717,"Policies for a More Dematerialized EU Economy. Theoretical Underpinnings, Political Context and Expected Feasibility",R1 two+ pillars; R2 material term + cross-national cue,qualitative assessment of dematerialisation policy mix for the EU; no empirical test,https://openalex.org/W2398108414,True
564,EX1,2021,iScience,57,10.1016/j.isci.2021.103130,Decoupling without outsourcing? How China’s consumption-based CO2 emissions have plateaued,"R3 no abstract, material term in title",China consumption-based CO2,https://openalex.org/W3200900558,True
566,PASS,2015,International Journal of Sustainable Development & World Ecology,36,10.1080/13504509.2015.1088485,Decoupling: a step toward sustainable development with reference to OECD countries,R2 material term + cross-national cue,"IJSD 2015: decoupling indicators (OECD DPSIR) across OECD countries; relative vs absolute decoupling for GHG, CO2, energy, water, waste; decoupling assessed directly",https://openalex.org/W2152471389,True
568,THEORY,2020,Culture and Organization,133,10.1080/14759551.2020.1717733,Introduction to the special issue on the contested realities of the circular economy,R2 material term + cross-national cue,circular economy special issue introduction; contested promise (interpretive),https://openalex.org/W3004644317,True
571,PASS,2024,Sustainability,9,10.3390/su16062243,Investigating the Impact of Multiple Factors on CO2 Emissions: Insights from Quantile Analysis,R1 two+ pillars,"14 Asian emitters 1996-2020: alternative energy, ICT development, FDI, urbanisation -> CO2 (MMQR etc.). Genre; ICT indicator",https://openalex.org/W4392562141,True
584,DISP,2010,Journal für Entwicklungspolitik,24,10.20446/jep-2414-3197-26-4-57,How unequal is international trade? An ecological perspective using Material Flow Accounting (MFA),R2 material term + cross-national cue,MFA-based ecological perspective on unequal international trade (2010); abstract truncated,https://openalex.org/W2605728354,True
586,OFF,2021,Energies,18,10.3390/en14165107,Toward Low-Carbon European Union Society: Young Poles’ Perception of Climate Neutrality,R1 two+ pillars; R2 material term + cross-national cue,young Poles' perceptions,https://openalex.org/W3195263054,True
587,THEORY,2018,,24,10.1007/978-3-319-89740-0_11,Splintering South: Ecologically Unequal Exchange Theory in a Fragmented Global Climate,R4 displacement term + cross-national cue,duplicate record of 'Splintering South',https://openalex.org/W4229773784,False
588,THEORY,2022,Oxford Open Climate Change,18,10.1093/oxfclm/kgac004,Catalyzing industrial decarbonization: the promissory legitimacy of fossil-free Sweden,R1 two+ pillars,fossil-free Sweden sociotechnical imaginary; interpretive,https://openalex.org/W4285093646,True
589,PASS-borderline,2022,European Journal of Economics and Economic Policies Intervention,18,10.4337/ejeep.2022.01.04,"Growth in the ecological transition: green, zero or de-growth?",R1 two+ pillars; R4 displacement term + cross-national cue,"EJEEP 2022: green/zero/de-growth scenarios, GDP growth vs emission-intensity reduction, global; scenario arithmetic, decoupling directly; essay character",https://openalex.org/W4313170655,True
590,EX2,2023,Sustainability,18,10.3390/su151813645,An Integrated Approach to Analyze the Progress of Developing Economies in Asia toward the Sustainable Development Goals,R1 two+ pillars; R2 material term + cross-national cue,descriptive SDG progress in Asia; no systematic decoupling or technology test,https://openalex.org/W4386645005,True
595,DISP,2020,Sociological Perspectives,27,10.1177/0731121420908900,Deforestation in the Global South: Assessing Uneven Environmental Improvements 1993–2013,R4 displacement term + cross-national cue,"deforestation 73 countries 1993-2013, EUE and institutionalism",https://openalex.org/W3013947548,True
597,EX1,2013,Resources,17,10.3390/resources2030151,Identifying Key Sectors and Measures for a Transition towards a Low Resource Economy,R1 two+ pillars; R2 material term + cross-national cue,Finland IO analysis,https://openalex.org/W2007271211,True
602,PASS-borderline,2021,Resources Conservation and Recycling,63,10.1016/j.resconrec.2021.106122,From resource extraction to manufacturing and construction: flows of stock-building materials in 177 countries from 1900 to 2016,R2 material term + cross-national cue,"RCR 2021: ew-MFA database of 14 stock-building materials, 177 countries 1900-2016; dataset paper; check whether intensity trends are reported (companion of rank 283)",https://openalex.org/W4200342938,True
603,OFF,2021,Frontiers in Public Health,36,10.3389/fpubh.2021.663783,Development and Assessment of a Brazilian Pilot Massive Open Online Course in Planetary Health Education: An Innovative Model for Primary Care Professionals and Community Training,R1 two+ pillars,MOOC planetary health,https://openalex.org/W4200506494,True
604,OFF,2022,Problems and Perspectives in Management,36,10.21511/ppm.20(2).2022.15,Additive economy and new horizons of innovative business development,R1 two+ pillars,additive economy essay,https://openalex.org/W4225319067,True
605,OFF,2021,Interaction design & architecture(s)/ID&A Interaction design & architecture(s),36,10.55612/s-5002-050-006,Non-human Personas. Including Nature in the Participatory Design of Smart Cities,R1 two+ pillars,non-human personas,https://openalex.org/W4226163606,True
615,PASS,2022,Energy Policy,28,10.1016/j.enpol.2022.113247,Does the European Union energy policy support progress in decoupling economic growth from emissions?,"R2 material term + cross-national cue; R3 no abstract, material term in title",Energy Policy 2022: does EU energy policy support decoupling growth from emissions? No abstract retrievable; title indicates cross-national EU decoupling analysis. Full text needed,https://openalex.org/W4295677951,False
622,PASS,2021,Journal of Cleaner Production,38,10.1016/j.jclepro.2021.129130,Decoupling trends of emissions across EU regions and the role of environmental policies,"R3 no abstract, material term in title","JCP 2021: decoupling of eight emission types from output across EU NUTS-2 regions 1995-2015, policy stringency event study; multi-country, decoupling directly",https://openalex.org/W3203648583,True
626,PASS-borderline,2023,Ecological Economics,27,10.1016/j.ecolecon.2023.108000,Inconsistent definitions of GDP: Implications for estimates of decoupling,"R3 no abstract, material term in title",Ecological Economics 2023: GDP definition vintages change decoupling estimates; methodological; US example plus PPP comparisons. Candidate for Section 6.5 measurement limitations rather than corpus,https://openalex.org/W4387226912,True
629,OFF,2022,Sustainability,33,10.3390/su14095275,Emerging Trends and Knowledge Structures of Smart Urban Governance,R1 two+ pillars,smart urban governance bibliometric,https://openalex.org/W4224996045,True
632,DISP,2019,The Social Science Journal,17,10.1016/j.soscij.2019.01.009,A study of ecologically unequal exchange for 89 countries between 1990 and 2015,R4 displacement term + cross-national cue,"Social Science Journal 2019: EUE for 89 countries 1990-2015, production- vs consumption-based CO2, HICs net exporters of emissions; displacement test. Priority for Section 5",https://openalex.org/W2911308729,True
635,EX3,2021,Global Sustainability,42,10.1017/sus.2021.28,A safe and just space for urban mobility: a framework for sector-based sustainable consumption corridor development,R2 material term + cross-national cue,urban mobility consumption corridor framework,https://openalex.org/W4200108214,True
639,EX1,2022,International Journal of Environmental Research and Public Health,14,10.3390/ijerph19159483,"Exploration of Spatio-Temporal Characteristics of Carbon Emissions from Energy Consumption and Their Driving Factors: A Case Analysis of the Yangtze River Delta, China",R1 two+ pillars,Yangtze River Delta,https://openalex.org/W4289524781,True
646,OFF,2021,Wiley Interdisciplinary Reviews Water,30,10.1002/wat2.1512,Resocializing digital water transformations: Outlining social science perspectives on the digital water journey,R1 two+ pillars,digital water,https://openalex.org/W3129028597,True
647,EX1,2023,Sustainability,30,10.3390/su151410914,Analysis of Carbon Emission Reduction at the Port of Integrated Logistics: The Port of Shanghai Case Study,R1 two+ pillars,Shanghai port,https://openalex.org/W4384202154,True
648,THEORY,2023,Sustainability Science,24,10.1007/s11625-023-01302-7,"Is the EU shirking responsibility for its deforestation footprint in tropical countries? Power, material, and epistemic inequalities in the EU’s global environmental governance",R4 displacement term + cross-national cue,EU deforestation footprint governance critique,https://openalex.org/W4321351657,True
655,OFF,2017,European Energy and Environmental Law Review,29,10.54648/eelr2017009,Waste Prevention and Technologies in the Context of the EU Waste Framework Directive: Lost in Translation?,R1 two+ pillars; R2 material term + cross-national cue,waste framework directive law,https://openalex.org/W2619655581,True
667,PASS,2020,Sustainability,49,10.3390/su12093867,Energy Related CO2 Emissions before and after the Financial Crisis,R2 material term + cross-national cue,"Sustainability 2020: LMDI decomposition of energy CO2 drivers (carbon intensity, energy intensity, activity, population) for G19 before/after 2008; cross-national decomposition (cf. Le Quere 2019)",https://openalex.org/W3023039829,True
668,OFF,2025,Nature Sustainability,16,10.1038/s41893-025-01562-4,Ten principles for transforming economics in a time of global crises,R1 two+ pillars; R4 displacement term + cross-national cue,ten principles for economics,https://openalex.org/W4410603634,True
676,EX4,2017,Econstor (Econstor),26,,"Urbanization, energy consumption, and pollutant emission in Asian developing economies: An empirical analysis",R1 two+ pillars,Econstor working paper (not peer-reviewed); Asian developing economies panel,https://openalex.org/W2725016372,True
677,OFF,2021,Sustainability,26,10.3390/su131910631,Transformation towards Risk-Sensitive Urban Development: A Systematic Review of the Issues and Challenges,R1 two+ pillars,risk-sensitive urban development,https://openalex.org/W3204870665,True
678,OFF,2024,Sustainable Development,26,10.1002/sd.3027,Renewable energy and sustainable development goals: Insights from <scp>latent dirichlet allocation</scp> thematic and bibliometric analysis,R1 two+ pillars,bibliometric renewable energy/SDGs,https://openalex.org/W4396778022,True
686,EX1,2017,Polish Journal of Environmental Studies,7,10.15244/pjoes/68962,Factors Driving Energy-Related Carbon Emissions in Xinjiang: Applying the Extended STIRPAT Model,R1 two+ pillars,Xinjiang,https://openalex.org/W2735853518,True
691,EX1,2023,Sustainability,25,10.3390/su151310610,The Impact of Green Finance on Carbon Emissions in China: An Energy Consumption Optimization Perspective,R1 two+ pillars,"China provinces, green finance",https://openalex.org/W4383346038,True
692,EX2,2023,,72,10.21201/2023.000001,Climate Equality: A planet for the 99%,R4 displacement term + cross-national cue,Oxfam 'Climate Equality' advocacy report; carbon inequality; no technology or decoupling test,https://openalex.org/W4388833111,True
694,EX1,2024,Revista de Administração de Empresas,5,10.1590/s0034-759020240301x,SUSTAINABILITY AND INNOVATION IN THE PET INDUSTRY: AN ANALYSIS FROM THE PERSPECTIVE OF ECOLOGICAL MODERNIZATION THEORY,R1 two+ pillars,Brazilian pet-industry startups,https://openalex.org/W4391943870,True
700,EX1,2020,Energies,24,10.3390/en13051212,"Analysis of CO2 Drivers and Emissions Forecast in a Typical Industry-Oriented County: Changxing County, China",R1 two+ pillars,"Changxing County, China",https://openalex.org/W3009939214,True
702,PASS,2024,Empirical Economics,24,10.1007/s00181-024-02579-y,Institutions and carbon emissions: an investigation employing STIRPAT and machine learning methods,R1 two+ pillars,"Empirical Economics 2024: institutions -> CO2, 22 EU countries 2002-2020, extended STIRPAT + EKC + ridge/lasso. Cross-national STIRPAT with technology term; genre",https://openalex.org/W4393126510,True
709,DISP,2016,Journal of Economic Structures,87,10.1186/s40008-016-0048-5,Identifying priority areas for European resource policies: a MRIO-based material footprint assessment,"R2 material term + cross-national cue; R3 no abstract, material term in title","Giljum et al. 2016: EU material footprint composition and geographical sources of raw materials, EXIOBASE 3, 1995-2011; embodied materials for EU final demand. Priority for Section 5",https://openalex.org/W2417137410,True
715,OFF,2019,Buildings,22,10.3390/buildings9090194,Circular and Flexible Indoor Partitioning—A Design Conceptualization of Innovative Materials and Value Chains,R1 two+ pillars; R2 material term + cross-national cue,indoor partitioning design,https://openalex.org/W2969937890,True
723,OFF,2015,Sustainability,172,10.3390/su7055211,"The New Global Urban Realm: Complex, Connected, Diffuse, and Diverse Social-Ecological Systems",R4 displacement term + cross-national cue,urban ecology framework,https://openalex.org/W1989302845,True
730,EX1,2020,Ciência Rural,21,10.1590/0103-8478cr20190818,"Temporal-spatial differences in and influencing factors of agricultural eco-efficiency in Shandong Province, China",R1 two+ pillars,Shandong counties,https://openalex.org/W3035883307,True
731,PASS-borderline,2022,Journal of Business Economics and Management,21,10.3846/jbem.2022.17022,TRANSITION TO A SUSTAINABLE ENERGY PRODUCTION AND CONSUMPTION MODEL – MAPPING THE PATTERNS OF SUCCESS,R1 two+ pillars; R2 material term + cross-national cue,"European countries energy-transition patterns via clustered heat maps; resource productivity with R&D, innovation, digitisation as factors; descriptive, low-tier journal",https://openalex.org/W4282979577,True
732,EX2,2022,Frontiers in Environmental Science,21,10.3389/fenvs.2022.971394,Testing non-linear effect of urbanization on environmental degradation: Cross-country evidence,R1 two+ pillars,"urbanisation and growth -> environmental degradation, 66 countries; no technology indicator",https://openalex.org/W4296483384,True
733,OFF,2024,Energy Sustainability and Society,21,10.1186/s13705-023-00429-w,Stakeholders’ perceptions of hydrogen and reflections on energy transition governance,R1 two+ pillars,hydrogen perceptions,https://openalex.org/W4392388346,True
734,THEORY,2024,Review of International Studies,21,10.1017/s0260210524000147,"Degrowth, global asymmetries, and ecosocial justice: Decolonial perspectives from Latin America",R1 two+ pillars; R4 displacement term + cross-national cue,"degrowth and global asymmetries, decolonial",https://openalex.org/W4392918108,True
735,OFF,2023,The Lancet,169,10.1016/s0140-6736(23)00919-4,"Envisioning environmental equity: climate change, health, and racial justice",R4 displacement term + cross-national cue,"climate, health and racial justice",https://openalex.org/W4378714438,True
736,EX1,2021,The Science of The Total Environment,96,10.1016/j.scitotenv.2021.145927,Decoupling of economic growth from CO2 emissions in Yangtze River Economic Belt cities,"R3 no abstract, material term in title",Yangtze River Economic Belt cities,https://openalex.org/W3130481019,True
743,EX1,2015,The Journal of Comparative Asian Development,4,10.1080/15339114.2015.1059056,"Institutional Framework for Low-Carbon Urban Infrastructure Investment: Some Evidence and Lessons from DKI Jakarta, Indonesia",R1 two+ pillars,Jakarta,https://openalex.org/W2135697092,True
745,EX3,2021,Sustainability Science Practice and Policy,21,10.1080/15487733.2021.1912907,A corridors and power-oriented perspective on energy-service demand and needs satisfaction,R2 material term + cross-national cue,consumption corridors for energy services; conceptual,https://openalex.org/W3171173869,True
749,EX2,2017,Environmental Research Letters,73,10.1088/1748-9326/aa68a5,Assessing sustainable biophysical human–nature connectedness at regional scales,R2 material term + cross-national cue,conceptual framework for regional biophysical connectedness; no test,https://openalex.org/W2602396444,True
750,EX3,2024,Journal of Industrial Ecology,12,10.1111/jiec.13485,The circular economy rebound effect: Reconceptualizing rebound approaches and mitigation opportunities from an ordonomic perspective,R1 two+ pillars,"circular economy rebound, conceptual forum article",https://openalex.org/W4393993336,True
754,THEORY,2018,Elementa Science of the Anthropocene,20,10.1525/elementa.315,Imagining socioecological transformation: An analysis of the Welsh Government’s policy innovations and orientations to the future,R1 two+ pillars,Welsh Government imaginaries; interpretive,https://openalex.org/W2888245499,True
755,EX1,2020,Sustainability,20,10.3390/su12229678,"Spatio-Temporal Variations of Crop Water Footprint and Its Influencing Factors in Xinjiang, China during 1988–2017",R1 two+ pillars,Xinjiang crop water footprint,https://openalex.org/W3105397511,True
756,OFF,2021,Science and innovation,20,10.15407/scine17.03.003,Statistical Indicators of Cybersecurity Development in the Context of Digital Transformation of Economy and Society,R1 two+ pillars,cybersecurity indicators,https://openalex.org/W3180471171,True
757,EX1,2021,Energies,20,10.3390/en14144362,Transforming Access to Clean Energy Technologies in the Global South: Learning from Lighting Africa in Kenya,R1 two+ pillars; R4 displacement term + cross-national cue,"Lighting Africa, Kenya",https://openalex.org/W3185189421,True
758,PASS,2023,Environmental Science and Pollution Research,20,10.1007/s11356-023-26631-z,Resource productivity and environmental degradation in EU-27 countries: context of material footprint,R1 two+ pillars; R2 material term + cross-national cue,"ESPR 2023: resource productivity -> environmental degradation, EU-27 2000-2020, subsamples by material footprint level, linear/non-linear ARDL. Cross-national, material-footprint context; check outcome and technology term at full text",https://openalex.org/W4361299165,True
759,OFF,2023,Development and Change,20,10.1111/dech.12785,Common Challenges for All? A Critical Engagement with the Emerging Vision for Post‐pandemic Development Studies,R1 two+ pillars; R4 displacement term + cross-national cue,development studies debate,https://openalex.org/W4386391211,True
760,DISP,2025,Journal of World-Systems Research,2,10.5195/jwsr.2025.1298,Ecological Unequal Exchange,R1 two+ pillars; R2 material term + cross-national cue; R4 displacement term + cross-national cue,JWSR 2025 'Ecological Unequal Exchange': MFA of net RME flows by income group 1970-2024 (HICs net imports 290 Gt; new phase of intensified disparities since 2015). Updates Dorninger et al. 2021; priority for Section 5,https://openalex.org/W4409540095,True
769,PASS,2024,Energies,19,10.3390/en17040904,Assessing the Impacts of Technological Innovation on Carbon Emissions in MENA Countries: Application of the Innovation Curve Theory,R1 two+ pillars,six MENA countries 1990-2019: patents -> CO2 (innovation Kuznets curve). Genre,https://openalex.org/W4391846548,True
773,THEORY,2019,Sustainability,87,10.3390/su11164374,Overcoming the Myths of Mainstream Economics to Enable a New Wellbeing Economy,R2 material term + cross-national cue,wellbeing economy essay,https://openalex.org/W2968303690,True
785,EX1,2020,Environmental Research Letters,32,10.1088/1748-9326/abb502,A two-stage clustering approach to investigate lifestyle carbon footprints in two Australian cities,R2 material term + cross-national cue,Sydney and Melbourne households,https://openalex.org/W3083185741,True
788,OFF,2019,Globalizations,52,10.1080/14747731.2019.1651518,Climate justice and sustained transnational mobilization,R4 displacement term + cross-national cue,climate justice mobilisation,https://openalex.org/W2969811253,True
789,PASS,2020,Energies,15,10.3390/en13246671,Decoupling Economic Growth from Fossil Fuel Use—Evidence from 141 Countries in the 25-Year Perspective,R2 material term + cross-national cue,"Energies 2020: decoupling of growth from fossil-fuel use, 141 countries over 25 years, Tapio; DMC vs material footprint of fossil fuels compared; absolute decoupling appears only with DMC. Strong candidate: territorial vs consumption-based decoupling, 141 countries",https://openalex.org/W3113007429,True
798,EX1,2017,Social Thought and Research,1,10.17161/1808.25570,A Temporal and Spatial Analysis of Anthropogenic Drivers of Environmental Impact For 30 Chinese Provinces Across three Regions Between 1997 and 2009,R1 two+ pillars,30 Chinese provinces,https://openalex.org/W2775777764,True
804,EX1,2022,Frontiers in Environmental Science,17,10.3389/fenvs.2022.965679,Role of green energy technology on ecological footprint in China: Evidence from Beijing-Tianjin-Hebei region,R1 two+ pillars,Beijing-Tianjin-Hebei,https://openalex.org/W4292183243,True
805,OFF,2022,СЕВЕР И РЫНОК формирование экономического порядка,17,10.37614/2220-802x.3.2022.77.002,Designing entrepreneurial networks: development of corporations network potential evaluation method for corporations operating in the Russian Arctic.,R1 two+ pillars,Russian Arctic entrepreneurship,https://openalex.org/W4297998576,True
807,PASS,2023,Sustainable Production and Consumption,10,10.1016/j.spc.2023.09.003,The influence of technology improvements and the consistency of environmental and economic indicators on decoupling of greenhouse gas emissions and economic growth,R1 two+ pillars; R2 material term + cross-national cue,Sustainable Production and Consumption 2023: decoupling of GHG from growth in 44 economies 2005-2015 using technology-adjusted consumption-based emissions; technology disparity and consumption perspective explicit. Strong candidate,https://openalex.org/W4386514784,True
808,OFF,2023,Futures,10,10.1016/j.futures.2023.103269,Guiding visions of corporate smart city innovators: Identifying opportunities for participatory futuring,R1 two+ pillars,smart city innovators' visions,https://openalex.org/W4387675565,True
817,EX1,2019,Modern Economy,3,10.4236/me.2019.108120,"Happiness, Environment and Wealth: What Can Bhutan Show Us about Resolving the Nexus?",R1 two+ pillars,Bhutan,https://openalex.org/W2969227083,True
818,THEORY,2019,Law Technology and Humans,3,10.5204/lthj.v1i1.1220,Technological Innovations Tackling Biodiversity Loss: Solutions or Misdirection?,R1 two+ pillars,technology discourse in biodiversity regime; ecological modernisation discourse,https://openalex.org/W2971465468,True
820,PASS-borderline,2021,Energies,47,10.3390/en14040812,Impact of Clean Energy on CO2 Emissions and Economic Growth within the Phases of Renewables Diffusion in Selected European Countries,R2 material term + cross-national cue,"France, Spain, Sweden: clean energy diffusion phases -> CO2 and growth (VAR); three separate country models rather than a cross-national design; alternative-energy indicator",https://openalex.org/W3128150811,True
823,EX1,2022,International Journal of Environmental Research and Public Health,16,10.3390/ijerph19074185,Spatio-Temporal Heterogeneity of Carbon Emissions and Its Key Influencing Factors in the Yellow River Economic Belt of China from 2006 to 2019,R1 two+ pillars,Yellow River Economic Belt,https://openalex.org/W4220654041,True
828,EX1,2016,Polish Journal of Environmental Studies,73,10.15244/pjoes/63038,The Relationship between Agricultural Carbon Emissions and Agricultural Economic Growth and Policy Recommendations of a Low-carbon Agriculture Economy,R2 material term + cross-national cue,Hotan prefecture,https://openalex.org/W2518510133,True
838,PASS,2017,The Journal of Economics Studies and Research,15,10.5171/2017.947798,Dynamic Panel Data Analysis of CO2 Emissions Driving Forces,R1 two+ pillars,"114 countries 1980-2010 STIRPAT panel of CO2 driving forces, testing environmental-sociology theories (EM, treadmill, world-system). Cross-national STIRPAT; low-tier journal",https://openalex.org/W2756008540,True
839,OFF,2023,Sustainability,15,10.3390/su15086593,Analyzing the Attractiveness of Businesses to Receive Investments for a Creative and Innovative Transition to a Circular Economy: The Case of the Textile and Fashion Industry,R1 two+ pillars; R2 material term + cross-national cue,textile investment model,https://openalex.org/W4365514621,True
840,OFF,2024,Sustainability,15,10.3390/su16072824,Using a Circular Economy and Supply Chain as a Framework for Remanufactured Products in the Rubber Recycling Industry,R1 two+ pillars,rubber recycling supply chain,https://openalex.org/W4393278854,True
852,THEORY,2016,Environmental Humanities,67,10.1215/22011919-3616452,The Reaches of Freedom: A Response to <i>An Ecomodernist Manifesto</i>,R2 material term + cross-national cue,response to Ecomodernist Manifesto; interpretive,https://openalex.org/W2324027358,True
855,PASS-borderline,2023,Sustainability,14,10.3390/su15129676,Assessing the Effects of Natural Resource Extraction on Carbon Emissions and Energy Consumption in Sub-Saharan Africa: A STIRPAT Model Approach,R1 two+ pillars,"17 sub-Saharan African countries 1971-2019 STIRPAT: natural resource extraction, population, affluence, trade -> CO2 and energy; no explicit technology variable in abstract",https://openalex.org/W4380990266,True
859,DISP,2022,Ecological Economics,11,10.1016/j.ecolecon.2022.107484,Global asymmetries in the rise of solar power: An LCA-based account of ecologically unequal exchange between Germany and China 2002–2018,R4 displacement term + cross-national cue,Ecological Economics 2022: LCA-based EUE account of solar PV trade Germany-China 2002-2018; bilateral case,https://openalex.org/W4281481120,True
866,THEORY,2018,,14,10.1007/978-3-319-89740-0_3,Ecologically Unequal Exchange and Raw Materialism: The Material Foundations of the Capitalist World-Economy,R4 displacement term + cross-national cue,"'Ecologically unequal exchange and raw materialism' (2018, no abstract); theoretical chapter",https://openalex.org/W2810681608,False
870,PASS,2023,Environmental Science & Technology,25,10.1021/acs.est.2c05857,Decomposition Analysis of the Carbon Footprint of Primary Metals,R2 material term + cross-national cue,"ES&T 2023: decomposition of the carbon footprint of primary metals 1995-2018 (EXIOBASE), global and high-income vs emerging; absolute decoupling in industrialised countries via reduced metal-consumption intensity and energy efficiency. Sectoral (metals) but global MRIO; decoupling directly",https://openalex.org/W4372335609,True
871,PASS,2022,International Journal of Environmental Research and Public Health,13,10.3390/ijerph191610146,Modeling for Insights: Does Fiscal Decentralization Impede Ecological Footprint?,R1 two+ pillars,"eight APEC countries: fiscal decentralisation, technological innovation -> ecological footprint (STIRPAT, CS-ARDL). Genre",https://openalex.org/W4292295323,True
872,OFF,2024,Sustainability Science Practice and Policy,13,10.1080/15487733.2024.2372120,Transforming provisioning systems to enable 1.5° lifestyles in Europe? Expert and stakeholder views on overcoming structural barriers,R1 two+ pillars; R2 material term + cross-national cue,expert views on provisioning systems,https://openalex.org/W4400648917,True
874,THEORY,2023,Circular Economy and Sustainability,77,10.1007/s43615-023-00272-3,Transition to a Sustainable Circular Society: More than Just Resource Efficiency,R2 material term + cross-national cue,circular society opinion paper,https://openalex.org/W4378216524,True
878,EX1,2021,Socius Sociological Research for a Dynamic World,17,10.1177/23780231211020536,"The Unsustainable State: Greenhouse Gas Emissions, Inequality, and Human Well-Being in the United States, 1913 to 2017",R2 material term + cross-national cue,United States 1913-2017,https://openalex.org/W3174898753,True
887,EX4,2020,Econstor (Econstor),12,,Drivers of decoupling economic growth from carbon emission: Empirical analysis of ASEAN countries using decoupling and decomposition model,R1 two+ pillars; R2 material term + cross-national cue,Econstor working paper; ASEAN decoupling (Tapio + LMDI). Would pass if a peer-reviewed version exists,https://openalex.org/W3110598736,True
888,EX3,2024,Environmental Science & Technology,12,10.1021/acs.est.3c03088,Mass-Balance-Consistent Geological Stock Accounting: A New Approach toward Sustainable Management of Mineral Resources,R1 two+ pillars; R2 material term + cross-national cue,geological stock accounting framework,https://openalex.org/W4390496163,True
892,PASS,2024,Vienna Yearbook of Population Research,2,10.1553/p-n5en-z38a,"Projecting environmental impacts with varying population, affluence and technology using IPAT – Climate change and land use scenarios",R1 two+ pillars,"Vienna Yearbook of Population Research 2024: IPAT/STIRPAT projections of climate and land-use impacts with varying P, A, T; global model-based (cf. Ward et al. 2016); technology term explicit; environmental-sociology framing",https://openalex.org/W4391437761,True
893,EX4,2024,Preprints.org,2,10.20944/preprints202402.1085.v1,Decoupling Economic Growth from Carbon Emissions: A Transition towards Low Carbon Energy Systems – a Critical Review,R1 two+ pillars; R2 material term + cross-national cue,preprint duplicate of rank 552,https://openalex.org/W4392014699,True
894,THEORY,2024,Contributions to Political Economy,2,10.1093/cpe/bzae016,Beyond the Veil of Market Prices - The Implications of Ecologically Unequal Exchange for Conceptualizations of Technological Development: A Critical Survey,R1 two+ pillars; R4 displacement term + cross-national cue,critical survey of EUE theory and technological development,https://openalex.org/W4405229672,True
896,EX1,2021,Ecological Indicators,35,10.1016/j.ecolind.2021.108271,"Spatial–temporal variation, decoupling effects and prediction of marine fishery based on modified ecological footprint model: Case study of 11 coastal provinces in China","R3 no abstract, material term in title","Chinese coastal provinces, marine fishery",https://openalex.org/W3206873577,True
918,EX3,2022,Frontiers in Environmental Science,11,10.3389/fenvs.2022.954612,Drivers of the European Union’s Environmental Performance,R1 two+ pillars,EU Environmental Performance Index drivers; composite index outcome,https://openalex.org/W4289517391,True
921,THEORY,2021,Journal of Political Ecology,12,10.2458/jpe.4765,"Seeing environmental injustices: the mechanics, devices and assumptions of environmental sustainability indices and indicators",R2 material term + cross-national cue,"critique of sustainability indices (EPI, DMC, material intensity); interpretive",https://openalex.org/W4200311768,True
934,PASS-borderline,2023,Environmental Research Letters,6,10.1088/1748-9326/ad067e,The potential of digital convergence and sharing of consumer goods to improve living conditions and reduce emissions,R1 two+ pillars; R4 displacement term + cross-national cue,ERL 2023: global bottom-up simulation of digital convergence and sharing of appliances to 2050; materials and energy demand; model-based,https://openalex.org/W4387899264,True
940,THEORY,2012,Sustainable Development,19,10.1002/sd.1533,Sustainability Through Design Science: Re‐Imagining Option Spaces Beyond Eco‐Efficiency,R2 material term + cross-national cue,design science beyond eco-efficiency; rebound essay,https://openalex.org/W1489802847,True
946,EX1,2022,Complexity,10,10.1155/2022/4604467,The Impact of Urban‐Rural Income Inequality on Environmental Quality in China,R1 two+ pillars,China income inequality,https://openalex.org/W4224285702,True
947,OFF,2023,Sustainability,10,10.3390/su15043382,Can Industry Counteract the Ecological Crisis? An Approach for the Development of a New Circular Bioeconomic Model Based on Biocomposite Materials,R1 two+ pillars; R2 material term + cross-national cue,biocomposites,https://openalex.org/W4320496773,True
948,OFF,2023,The British Journal of Politics and International Relations,10,10.1177/13691481231191921,Crafting innovation hubs: Future cities and global challenges,R1 two+ pillars,cities as innovation hubs,https://openalex.org/W4386326493,True
949,EX1,2024,Buildings and Cities,10,10.5334/bc.381,Suburban climate adaptation governance: assumptions and imaginaries affecting peripheral municipalities,R1 two+ pillars,Santiago de Compostela municipalities,https://openalex.org/W4392606265,True
950,EX3,2025,Sustainability,10,10.3390/su17020735,Drivers of Green Growth: Roles of Innovation and Fragility,R1 two+ pillars,"90 countries NCA/fsQCA; outcome is a green-growth composite, not biophysical",https://openalex.org/W4406613188,True
951,OFF,2025,Equilibrium Quarterly Journal of Economics and Economic Policy,10,10.24136/eq.3342,"A holistic approach to Sustainable Development Goal 8: Integrating economic growth, employment, and sustainability",R1 two+ pillars; R2 material term + cross-national cue,SDG 8 literature review,https://openalex.org/W4409506585,True
962,EX1,2021,Journal of Industrial Ecology,28,10.1111/jiec.13166,The role of socio‐economic material stocks for natural resource use in the United States of America from 1870 to 2100,R2 material term + cross-national cue,USA material stocks 1870-2100,https://openalex.org/W3186024554,True
966,EX1,2022,Buildings,18,10.3390/buildings12020147,Has China’s Construction Waste Change Been Decoupled from Economic Growth?,R2 material term + cross-national cue,China construction waste,https://openalex.org/W4210268465,True
984,DISP,2020,Sociological Quarterly,17,10.1080/00380253.2020.1756519,"China, Mining, and Forests: A Cross-National Test of Ecologically Unequal Exchange",R4 displacement term + cross-national cue,"mining exports to China and forest loss, 66 nations; EUE",https://openalex.org/W3037550216,True
993,OFF,2021,Environmental Science & Policy,57,10.1016/j.envsci.2021.05.001,"Food, energy or biomaterials? Policy coherence across agro-food and bioeconomy policy domains in the EU",R2 material term + cross-national cue,EU bioeconomy policy coherence,https://openalex.org/W3160204869,True
996,EX2,2023,Global Environmental Change,69,10.1016/j.gloenvcha.2023.102745,Global energy consumption of the mineral mining industry: Exploring the historical perspective and future pathways to 2060,R2 material term + cross-national cue,"global mining-industry energy consumption 1971-2015 and pathways; sectoral accounting, no decoupling/technology test",https://openalex.org/W4388742954,True
1013,THEORY,2023,Frontiers in Sustainability,8,10.3389/frsus.2023.965421,Sustainable consumption and the Global South: A conceptual exposition,R1 two+ pillars; R4 displacement term + cross-national cue,sustainable consumption and the Global South; conceptual,https://openalex.org/W4360982622,True
1014,EX2,2024,Global Sustainability,8,10.1017/sus.2024.16,A panacea to unsustainable consumption? A review of resource caps,R1 two+ pillars; R2 material term + cross-national cue,review of resource caps; policy review,https://openalex.org/W4394980680,True
1042,EX1,2022,Buildings,49,10.3390/buildings12030257,Dynamics and Decoupling Analysis of Carbon Emissions from Construction Industry in China,R2 material term + cross-national cue,China construction industry,https://openalex.org/W4213426392,True
1044,THEORY,2013,International Journal of Social Quality,36,10.3167/ijsq.2013.030102,Welfare after Growth: Theoretical Discussion and Policy Implications,R2 material term + cross-national cue,welfare after growth,https://openalex.org/W2041602540,True
1059,DISP,2024,Environmental Sociology,13,10.1080/23251042.2024.2309407,The semi-periphery and ecologically unequal exchange: carbon emissions and recursive exploitation,R4 displacement term + cross-national cue,Environmental Sociology 2024: EUE of carbon emissions among semi-peripheral tiers 1996-2018,https://openalex.org/W4391474705,True
1065,EX1,2023,Sustainability,7,10.3390/su15043863,Demystifying the Economic Growth and CO2 Nexus in Fujian’s Key Industries Based on Decoupling and LMDI Model,R1 two+ pillars,Fujian,https://openalex.org/W4321458475,True
1066,EX1,2023,Energies,7,10.3390/en16073094,Exploring the Driving Factors and Their Spatial Effects on Carbon Emissions in the Building Sector,R1 two+ pillars,"Chinese provinces, building sector",https://openalex.org/W4361295254,True
1067,EX1,2023,Sustainability,7,10.3390/su151713140,Optimization of Urban Road Green Belts under the Background of Carbon Peak Policy,R1 two+ pillars,urban road green belts,https://openalex.org/W4386380193,True
1068,EX1,2025,Quality & Quantity,7,10.1007/s11135-024-01999-3,On the resiliency of post-crisis decoupling in higher-order economy-energy-environment nexus in high-inflation developing economies,R1 two+ pillars; R2 material term + cross-national cue,India,https://openalex.org/W4406175260,True
1069,EX1,2023,Ecological Economics,37,10.1016/j.ecolecon.2023.107977,Safeguarding livelihoods against reductions in economic output,R2 material term + cross-national cue,UK livelihoods,https://openalex.org/W4387685948,True
1075,EX2,2019,Sustainability,34,10.3390/su11205705,Bioeconomy Transitions through the Lens of Coupled Social-Ecological Systems: A Framework for Place-Based Responsibility in the Global Resource System,R2 material term + cross-national cue,bioeconomy SES framework; conceptual,https://openalex.org/W2981247470,True
1081,EX1,2019,Land Use Policy,45,10.1016/j.landusepol.2019.104307,"Urban land and sustainable resource use: Unpacking the countervailing effects of urbanization on water use in China, 1990–2014","R3 no abstract, material term in title","286 Chinese cities, water use",https://openalex.org/W2982165506,True
1092,EX1,2022,OECD environment policy papers,43,10.1787/acadd43a-en,Closing the loop in the Slovak Republic,R2 material term + cross-national cue,OECD report on the Slovak Republic,https://openalex.org/W4285087953,True
1094,EX1,2020,Resources Conservation and Recycling,26,10.1016/j.resconrec.2020.105263,Detailing the economy-wide carbon emission reduction potential of post-consumer recycling,R2 material term + cross-national cue,Japan recycling,https://openalex.org/W3096751151,True
1095,EX1,2021,Resources Conservation and Recycling,26,10.1016/j.resconrec.2021.105608,Estimating the total in-use stock of Laos using dynamic material flow analysis and nighttime light,"R3 no abstract, material term in title",Laos in-use stock,https://openalex.org/W3153038573,True
1099,THEORY,2016,Journal of World-Systems Research,53,10.5195/jwsr.2016.631,What Goes Around Comes Around: From the Coloniality of Power to the Crisis of Civilization,R4 displacement term + cross-national cue,coloniality of power and civilisational crisis,https://openalex.org/W2507590465,True
1111,EX2,2024,Environment Development and Sustainability,6,10.1007/s10668-024-04583-9,Investigating the environmental Kuznets curve modified with HDI: evidence from a panel of eco-innovative countries,R1 two+ pillars,"HDI-based EKC, 39 countries 1993-2018, CH4 and CO2; no technology indicator; EKC only",https://openalex.org/W4392241448,True
1138,THEORY,2022,American Journal of Economics and Sociology,17,10.1111/ajes.12472,Ecological Imperialism: A World‐Systems Approach,R4 displacement term + cross-national cue,"ecological imperialism, world-systems",https://openalex.org/W4297721113,True
1160,EX3,2022,Environmental Research,16,10.1016/j.envres.2022.113161,Ecologically unequal exchange and disparate death rates attributable to air pollution: A comparative study of 169 countries from 1991 to 2017,R4 displacement term + cross-national cue,"EUE and air-pollution death rates, 169 countries; health outcome, not throughput",https://openalex.org/W4220804107,True
1164,EX4,2008,Lund University Publications Student Papers (Lund University),5,,Toxic Omissions and Cancerous Growths: Addressing the Unexamined Assumption of Sustainable Consumption in Technologically Innovative Societies,R1 two+ pillars; R2 material term + cross-national cue,Lund student paper,https://openalex.org/W2122258160,True
1166,EX3,2025,Journal of Political Stability Archive,5,10.63468/jpsa.3.2.11,"Fintech, ICT and Natural Resource Rent Contribution in Achieving Sustainable Green Growth Across the Globe",R1 two+ pillars,"outcome is green innovation, not biophysical; questionable journal",https://openalex.org/W4409498167,True
1183,OFF,2021,Cities and nature,33,10.1007/978-3-030-67650-6_12,Urban and Peri-Urban Agriculture in the Global South,R4 displacement term + cross-national cue,urban agriculture (no abstract),https://openalex.org/W3154865069,False
1187,PASS,2022,Journal of Macroeconomics,15,10.1016/j.jmacro.2022.103397,Trends and cycles in CO2 emissions and incomes: Cross-country evidence on decoupling,"R2 material term + cross-national cue; R3 no abstract, material term in title","Journal of Macroeconomics 2022: trends and cycles in CO2 and incomes, cross-country evidence on decoupling (no abstract retrievable). Decoupling assessed directly; full text needed",https://openalex.org/W4205882102,False
1204,OFF,2023,PLOS Climate,139,10.1371/journal.pclm.0000236,"Climate change, mental health, and reproductive decision-making: A systematic review",R4 displacement term + cross-national cue,climate change and reproductive decisions,https://openalex.org/W4388540663,True
1209,EX2,2019,Resources,23,10.3390/resources8030140,Toward Science-Based and Knowledge-Based Targets for Global Sustainable Resource Use,R2 material term + cross-national cue,Bringezu 2019: science-based targets for global resource use; normative,https://openalex.org/W2964527111,True
1231,PASS-borderline,2022,Water Resources and Economics,29,10.1016/j.wre.2022.100197,21st Century water withdrawal decoupling: A pathway to a more water-wise world?,R2 material term + cross-national cue,"Water Resources and Economics 2022: water-withdrawal decoupling from GDP, 155 countries and 12 scenarios; decoupling directly; outcome (water) outside the listed indicators - author decides scope",https://openalex.org/W4221000352,True
1236,EX2,2019,PubliCatt (Università Cattolica del Sacro Cuore),4,,"Towards an Innovation-Intensive Circular Economy. Integrating Research, Industry and Policies",R1 two+ pillars; R2 material term + cross-national cue,FEEM/Cattolica circular-economy report; no empirical test,https://openalex.org/W3009773614,True
1237,EX1,2020,Frontiers in Sustainable Cities,4,10.3389/frsc.2020.492866,Technological Innovations and Degrowth Opportunities From Urban Egypt: Initiating the Discourse,R1 two+ pillars; R4 displacement term + cross-national cue,Egypt technological cases,https://openalex.org/W3127305070,True
1238,OFF,2021,"Proceedings of the International Scientific Conference ""Economic Science for Rural Development""/Economic Science for Rural Development",4,10.22616/esrd.2021.55.056,Ready for change? Interlinkages of traditional and novel practices through permaculture,R1 two+ pillars,Latvia permaculture,https://openalex.org/W3197470839,True
1239,EX4,2020,Lund University Publications (Lund University),4,,The green economy and the Nordic welfare state: Reconceptualizing green economy narratives from a Nordic perspective,R1 two+ pillars,NOWAGG working paper; green economy narratives,https://openalex.org/W3200532504,True
1240,EX1,2023,Sustainability,4,10.3390/su152416842,Does New Infrastructure Affect Regional Carbon Intensity? Empirical Evidence from China,R1 two+ pillars,China new infrastructure,https://openalex.org/W4389787966,True
1241,PASS,2025,Sustainability,4,10.3390/su17114907,"Do Green Innovation, Environmental Governance, and Renewable Energy Transition Drive Trade-Adjusted Resource Footprints in Top Sub-Saharan African Countries?",R1 two+ pillars; R2 material term + cross-national cue,"Sustainability 2025: green innovation, environmental governance, renewable transition -> material footprint, 15 sub-Saharan African countries 1970-2022 (MMQR); green innovation raises MF. Directly on technology -> material footprint. Priority",https://openalex.org/W4410774557,True
1257,OFF,2015,Public Culture,57,10.1215/08992363-2841868,Uncertainty and Urban Life,R4 displacement term + cross-national cue,uncertainty and urban life,https://openalex.org/W1921183857,True
1264,EX2,2022,Environmental Research Communications,27,10.1088/2515-7620/aca871,Too much consumption or too high emissions intensities? Explaining the high consumption-based carbon footprints in the Nordic countries,R4 displacement term + cross-national cue,Nordic consumption-based carbon footprints by income decile; no technology or decoupling test,https://openalex.org/W4310581888,True
1271,EX4,2021,Lund University Publications (Lund University),5,10.13140/rg.2.2.11574.42561,Renewing power: Including global asymmetries within the system boundaries of solar photovoltaic technology,R4 displacement term + cross-national cue,"Lund thesis, solar PV and EUE",https://openalex.org/W3153467763,True
1281,DISP,2021,Journal of World-Systems Research,20,10.5195/jwsr.2021.1026,Ecologically Unequal Exchange of Plastic Waste?,R4 displacement term + cross-national cue,"JWSR 2021: EUE of plastic waste trade 2003-2013, cross-national",https://openalex.org/W3136209751,True
1292,EX4,2006,Lund University Publications Student Papers (Lund University),0,,Energy and Development : ecological modernisation in Sida's energy policies 1996/2005,R1 two+ pillars,"Lund student paper, Sida",https://openalex.org/W1784489792,True
1293,PASS,2024,Journal of Infrastructure Policy and Development,0,10.24294/jipd10396,Examining the link between GDP growth and raw material usage efficiency in EU nations,R1 two+ pillars; R2 material term + cross-national cue,J. Infrastructure Policy and Development 2024: GDP vs raw material consumption (RMC) in EU countries 2014-2023; relative decoupling; consumption-based material indicator; low-tier journal,https://openalex.org/W4405809301,True
1297,DISP,2021,Environmental Policy and Governance,11,10.1002/eet.1959,"Feed me! China, agriculture, ecologically unequal exchange, and forest loss in a <scp>cross‐national</scp> perspective",R4 displacement term + cross-national cue,"agricultural exports to China and forest loss, 82 peripheral nations; EUE",https://openalex.org/W3204805971,True
1298,THEORY,2021,Journal of risk and financial management,11,10.3390/jrfm14100497,"Questioning the Assumptions, Sustainability and Ethics of Endless Economic Growth",R2 material term + cross-national cue,ethics of endless growth essay,https://openalex.org/W3207560144,True
1299,DISP,2022,Socius Sociological Research for a Dynamic World,11,10.1177/23780231221112123,Corrupting Ecologically Unequal Exchange? India and Forest Loss in a Cross-National Perspective,R4 displacement term + cross-national cue,"wood exports to India and forest loss, 67 nations; EUE",https://openalex.org/W4285611596,True
1314,EX1,2022,Environmental Sociology,6,10.1080/23251042.2022.2115660,Combining world-system and world polity approaches to analyze international environmental governance: a case study of forest governance in Chile,R2 material term + cross-national cue,Chile forest governance,https://openalex.org/W4293364421,True
1320,EX4,2015,Lund University Publications Student Papers (Lund University),3,,Estimation of Cropland Ecological Footprint within Danish Climate Commissions 2050 Scenarios for Land use and Bioenergy Consumption,R1 two+ pillars; R2 material term + cross-national cue,"Lund student paper, Danish cropland EF",https://openalex.org/W1884151426,True
1321,EX1,2022,Technium Social Sciences Journal,3,10.47577/tssj.v32i1.6677,Anthropogenic Factors and Environmental Degradation in Indonesia (Empirical studies using the STIRPAT Model),R1 two+ pillars,Indonesia STIRPAT,https://openalex.org/W4281677116,True
1322,EX1,2023,Sustainability,3,10.3390/su15021497,Assessment of the Drivers and Effects of International Science and Technology Cooperation in Xinjiang in the Context of the Belt and Road Initiative,R1 two+ pillars,Xinjiang S&T cooperation,https://openalex.org/W4315797940,True
1323,EX3,2025,Sustainability,3,10.3390/su17125307,"Assessing the Saudi and Middle East Green Initiatives: The Role of Environmental Governance, Renewable Energy Transition, and Innovation in Achieving a Regional Green Future",R1 two+ pillars,"13 Middle Eastern countries; outcome is green innovation, not biophysical",https://openalex.org/W4411155101,True
1331,PASS,2022,Sustainability,10,10.3390/su14031459,Coupling versus Decoupling? Challenging Evidence over the Link between Economic Growth and Resource Use,R2 material term + cross-national cue,"Sustainability 2022: divergence between total/per-capita resource use and material intensity at global and national levels, long-term datasets; decoupling assessed directly",https://openalex.org/W4210425610,True
1340,EX1,2023,Cleaner Production Letters,22,10.1016/j.clpl.2023.100029,The material footprints of cities and importance of resource use indicators for urban circular economy policies: A comparison of urban metabolisms of Nantes-Saint-Nazaire and Gothenburg,"R3 no abstract, material term in title","two cities (Nantes-Saint-Nazaire, Gothenburg)",https://openalex.org/W4318999627,True
1342,PASS,2022,Journal of Cleaner Production,27,10.1016/j.jclepro.2022.134856,Decoupling is not enough - Evidence from fossil fuel use in over 130 countries,R2 material term + cross-national cue,JCP 2022: decoupling of growth from fossil-fuel use in 130+ countries 1992-2019; DMC vs material footprint (elasticities 0.42 vs 0.72); determinants incl. renewable share. Strong candidate (companion to rank 789),https://openalex.org/W4308152359,True
1364,EX2,2023,Energies,20,10.3390/en16186494,Energy Consumption and Human Well-Being: A Systematic Review,R4 displacement term + cross-national cue,energy-well-being systematic review; outcome well-being,https://openalex.org/W4386619491,True
1365,PASS,2024,Ecological Indicators,20,10.1016/j.ecolind.2024.112229,"Exploring the nexuses between carbon dioxide emissions, material footprints and human development: An empirical study of 151 countries",R2 material term + cross-national cue,"Ecological Indicators 2024: coupling/decoupling of CO2, material footprint and HDI, 151 countries; temporary decoupling and recoupling trends. Decoupling directly, MF outcome",https://openalex.org/W4399698505,True
1381,PASS-borderline,2022,Environmental Science and Pollution Research,40,10.1007/s11356-022-21408-2,Socioeconomic and resource efficiency impacts of digital public services,"R3 no abstract, material term in title","ESPR 2022: digital public services -> resource-efficiency score (material/energy productivity, GHG intensity), European countries; digitalisation indicator; composite intensity outcome",https://openalex.org/W4283714445,True
1403,PASS,2023,World Development,37,10.1016/j.worlddev.2023.106423,Does reducing income inequality promote the decoupling of economic growth from carbon footprint?,"R3 no abstract, material term in title",World Development 2023: does reducing income inequality promote decoupling of growth from carbon footprint? (no abstract retrievable). Consumption-based carbon; decoupling directly; full text needed,https://openalex.org/W4387443332,False
1410,PASS-borderline,2021,Journal of Innovation Economics & Management,36,10.3917/jie.pr1.0107,Assessment of the Impact of the Circular Economy on CO2 Emissions in Europe,R2 material term + cross-national cue,"circular-economy practices -> CO2, EU-15 2000-2015 (ARDL); cross-national; indicator is circularity, not a listed technology proxy",https://openalex.org/W3195049466,True
1416,EX1,2024,Applied Energy,17,10.1016/j.apenergy.2024.122726,"Multi-dimensional decoupling analysis in the context of energy use: Dynamic well-being, resource, and impact decoupling relationships in China","R3 no abstract, material term in title",China multi-dimensional decoupling,https://openalex.org/W4391418516,False
1418,PASS-borderline,2014,Canadian Studies in Population,2,10.25336/p6w905,"Population growth, energy use, and environmental impact: Comparing the Canadian and Swedish records on CO2 emissions",R1 two+ pillars,Canada vs Sweden IPAT comparison of CO2; two-country design; energy intensity as technology term; low-visibility journal,https://openalex.org/W1626762580,True
1419,EX4,2016,Aaltodoc (Aalto University),2,10.13140/rg.2.2.23933.00484,Impact of Connectivity on Sustainable Development,R1 two+ pillars; R2 material term + cross-national cue,Aalto thesis,https://openalex.org/W2586269836,True
1420,OFF,2021,European Business & Management,2,10.11648/j.ebm.20210706.18,Sustainable Digital Innovation – Preconditions and Methods of Integrating Sustainability Aspects into Digitalization,R1 two+ pillars; R2 material term + cross-national cue,"sustainable digital innovation, business",https://openalex.org/W3216110194,True
1421,OFF,2023,Data & Policy,2,10.1017/dap.2023.7,What do data portals do? Tracing the politics of online devices for making data public,R1 two+ pillars,data portals,https://openalex.org/W4361855870,True
1422,EX1,2024,Frontiers in Energy Research,2,10.3389/fenrg.2024.1330614,The driving factors of spatial differences on the whole life cycle carbon emissions of the construction industry: from the analysis perspective of total factor productivity,R1 two+ pillars,China construction industry,https://openalex.org/W4391108699,True
1423,EX1,2024,Journal of Sustainable Tourism and Entrepreneurship,2,10.35912/joste.v4i2.1871,"role of green innovation in promoting sustainable economic development in Gweru, Zimbabwe",R1 two+ pillars,"Gweru, Zimbabwe",https://openalex.org/W4394849783,True
1434,EX2,2019,Resources,34,10.3390/resources8010033,Devising Mineral Resource Supply Pathways to a Low-Carbon Electricity Generation by 2100,R2 material term + cross-national cue,"mineral requirements of low-carbon electricity to 2100; material demand projection, no decoupling/technology test",https://openalex.org/W2913714623,True
1435,OFF,2021,Circular Economy and Sustainability,34,10.1007/s43615-021-00040-1,Making Resilient Decisions for Sustainable Circularity of Fashion,R2 material term + cross-national cue,fashion circularity,https://openalex.org/W3153805634,True
1441,THEORY,2015,Critical Review of International Social and Political Philosophy,7,10.1080/13698230.2015.1080455,"Had we but world enough, and time: integrating the dimensions of global justice",R4 displacement term + cross-national cue,"global justice, time and ecological space (Hornborg)",https://openalex.org/W2164286332,True
1446,PASS-borderline,2020,Journal of Industrial Ecology,20,10.1111/jiec.12988,Bioeconomic transition?: Projecting consumption‐based biomass and fossil material flows to 2050,"R3 no abstract, material term in title","JIE 2020: consumption-based biomass and fossil RMC, middle- and high-income countries, panel FE and SSP projections to 2050; GDP drives fossil RMC; no technology indicator",https://openalex.org/W3006206289,True
1447,EX1,2021,Journal of Industrial Ecology,20,10.1111/jiec.13206,"The sociometabolic transition of a small Greek island: Assessing stock dynamics, resource flows, and material circularity from 1929 to 2019",R2 material term + cross-national cue,Samothraki island,https://openalex.org/W3209883919,True
1474,PASS,2024,World Development,15,10.1016/j.worlddev.2024.106754,"Unsustainable prosperity? Decoupling wellbeing, economic growth, and greenhouse gas emissions over the past 150 years","R3 no abstract, material term in title","World Development 2024: decoupling of wellbeing, growth and GHG since 1870 by world region; growth-impact decoupling not new and reversible; no region in safe and just space. Strong candidate; decoupling directly, long run",https://openalex.org/W4401604802,True
1482,EX1,2020,International Journal of Environmental Research and Public Health,67,10.3390/ijerph17072184,Environmental Pollution Effect Analysis of Lead Compounds in China Based on Life Cycle,R2 material term + cross-national cue,China lead compounds,https://openalex.org/W3013079304,True
1490,OFF,2019,Journal of Business Ethics,66,10.1007/s10551-019-04174-z,Decoupling from Moral Responsibility for CSR: Employees' Visionary Procrastination at a SME,R2 material term + cross-national cue,CSR moral decoupling,https://openalex.org/W2945681263,True
1494,OFF,2023,Wiley Interdisciplinary Reviews Climate Change,40,10.1002/wcc.866,"Fossil fuels, stranded assets, and the energy transition in the Global South: A systematic literature review",R4 displacement term + cross-national cue,stranded assets review,https://openalex.org/W4388416302,True
1516,PASS,2018,Sustainability,18,10.3390/su10061858,Contemporary Resource Policy and Decoupling Trends—Lessons Learnt from Integrated Model-Based Assessments,R2 material term + cross-national cue,Sustainability 2018: GINFORS global MRIO simulation of raw-material efficiency improvements; absolute decoupling of materials and CO2 from GDP possible only with radical efficiency plus mitigation. Model-based global (cf. Schandl et al. 2016),https://openalex.org/W2805449072,True
1529,PASS-borderline,2016,Sustainability,13,10.3390/su8060517,Evidence of Absolute Decoupling from Real World Policy Mixes in Europe,R2 material term + cross-national cue,"Sustainability 2016: ex-post evaluation of EU member-state policy mixes achieving absolute decoupling for specific resources (fish, fertilisers, aggregates); resource-specific cases",https://openalex.org/W2416674396,True
1534,EX1,2023,Sustainability,59,10.3390/su15119087,"Exploring Plastic-Management Policy in China: Status, Challenges and Policy Insights",R2 material term + cross-national cue,China plastics policy,https://openalex.org/W4379469167,True
1541,EX3,2024,Journal of Environmental Management,58,10.1016/j.jenvman.2024.120144,Decoupling economic growth from construction waste generation: Comparative analysis between the EU and China,"R3 no abstract, material term in title",construction waste decoupling EU vs China 2004-2020; outcome (waste) outside the listed indicators,https://openalex.org/W4391404373,True
1542,PASS,2023,Ecological Economics,16,10.1016/j.ecolecon.2023.108092,Multinational dynamic steel cycle analysis reveals sequential decoupling between material use and economic growth,"R2 material term + cross-national cue; R3 no abstract, material term in title","Ecological Economics 2023: multinational dynamic steel-cycle analysis, sequential decoupling between material use and growth (no abstract retrievable). Multinational; decoupling directly; steel as material. Full text needed",https://openalex.org/W4390289385,False
1559,THEORY,2022,American Journal of Economics and Sociology,12,10.1111/ajes.12475,How Has Ecological Imperialism Persisted? A Marxian Critique of the Western Climate Consensus,R4 displacement term + cross-national cue,ecological imperialism and climate consensus,https://openalex.org/W4297720902,True
1591,EX2,2021,Sustainability,15,10.3390/su13147742,Do Tourism Activities and Urbanization Drive Material Consumption in the OECD Countries? A Quantile Regression Approach,R2 material term + cross-national cue,"tourism and urbanisation -> DMC, OECD 1995-2016; no technology indicator; income-DMC relation only",https://openalex.org/W3178051616,True
1603,PASS,2021,Review of Policy Research,11,10.1111/ropr.12458,"Carbon pricing and decoupling between greenhouse gas emissions and economic growth: A panel study of 29 European countries, 1996–2014",R2 material term + cross-national cue,"Review of Policy Research 2021: carbon pricing (ETS, carbon tax) and decoupling (emission intensity), 29 European countries 1996-2014; decoupling directly; policy instrument rather than technology",https://openalex.org/W3211126049,True
1607,EX1,2023,PLoS ONE,1,10.1371/journal.pone.0292752,Socioeconomic driving forces behind air polluting emissions in Mexico,R1 two+ pillars,Mexico municipalities,https://openalex.org/W4387568982,True
1608,EX1,2025,Carbon Research,1,10.1007/s44246-025-00200-0,"Assessing economic and social determinants of carbon emissions towards sustainable development in West Java, Indonesia",R1 two+ pillars,West Java,https://openalex.org/W4409277400,True
1613,EX1,2022,International Journal of Environmental Research and Public Health,23,10.3390/ijerph191811227,Spatial Evolutionary Characteristics and Influencing Factors of Urban Industrial Carbon Emission in China,R2 material term + cross-national cue,282 Chinese cities,https://openalex.org/W4295011633,True
1622,THEORY,2022,Global Political Economy,14,10.1332/peir2693,The Global Political Economy of the imperial mode of living,R4 displacement term + cross-national cue,imperial mode of living,https://openalex.org/W4283772162,True
1682,PASS,2024,Environmental and Sustainability Indicators,9,10.1016/j.indic.2024.100556,"The influence of the Great Recession on the relationship between ecological footprint, renewable energy and economic growth",R2 material term + cross-national cue,"Environmental and Sustainability Indicators 2024: ecological footprint, renewable energy and growth in 20 OECD countries 1990-2019 with structural breaks; initial decoupling fading after the Great Recession; alternative-energy indicator",https://openalex.org/W4405309954,True
1690,EX1,2024,Journal of Cleaner Production,25,10.1016/j.jclepro.2024.141857,Greenhouse gas emissions and economic growth in Morocco: A decoupling analysis,"R3 no abstract, material term in title",Morocco,https://openalex.org/W4393111475,False
1693,OFF,2023,Sustainability,41,10.3390/su151310179,The Circular Economy and the Food System: A Review of Principal Measuring Tools,R2 material term + cross-national cue,circular economy food-system indicators review,https://openalex.org/W4382402931,True
1706,EX3,2024,PNAS Nexus,18,10.1093/pnasnexus/pgae427,Quantifying energy transition vulnerability helps more just and inclusive decarbonization,R4 displacement term + cross-national cue,energy-transition vulnerability index,https://openalex.org/W4403637620,True
1728,OFF,2019,International Sociology,8,10.1177/0268580919867837,Outside-in perspectives on the socio-econo-technological effects of climate change in Africa,R4 displacement term + cross-national cue,Delphi on Africa and climate change,https://openalex.org/W2976587664,True
1763,THEORY,2021,,3,10.1093/oso/9780198864929.003.0003,Earthing Philosophy of Technology,R4 displacement term + cross-national cue,Hornborg: earthing philosophy of technology,https://openalex.org/W4251534524,True
1786,THEORY,2017,Journal of Political Ecology,4,10.2458/v24i1.20973,Expo 2015 in Milan: the power of the Machine,R4 displacement term + cross-national cue,"Expo 2015 Milan, Hornborg's Machine applied",https://openalex.org/W2759382500,True
1803,EX1,2024,Journal of Cleaner Production,20,10.1016/j.jclepro.2024.141765,Gains in China's sustainability by decoupling economic growth from energy use,"R3 no abstract, material term in title",China energy-GDP decoupling,https://openalex.org/W4392715542,True
1829,EX2,2022,Frontiers in Sustainability,31,10.3389/frsus.2022.859896,Transitioning to a sustainable circular economy: The transformation required to decouple growth from environmental degradation,R2 material term + cross-national cue,circular-economy transformation essay,https://openalex.org/W4289130621,True
1834,OFF,2022,Digital Archive @ GSU,14,10.57709/14263139,Technology Enabled Social Responsibility Projects and an Empirical Test of CSR's Impact on Firm Performance,R2 material term + cross-national cue,CSR and AI,https://openalex.org/W2964527887,True
1836,THEORY,2024,Journal of Labor and Society,14,10.1163/24714607-bja10149,"Imperialism, Ecological Imperialism, and Green Imperialism: An Overview",R4 displacement term + cross-national cue,ecological and green imperialism overview,https://openalex.org/W4392814924,True
1865,EX1,2016,Journal of Marine and Island Cultures,6,10.1016/j.imic.2016.09.003,Environmental changes and building resilient community in Penghu Islands,R4 displacement term + cross-national cue,Penghu Islands,https://openalex.org/W2557195567,True
1866,EX1,2018,Energy Procedia,6,10.1016/j.egypro.2018.09.247,"Toward Low-Carbon Industry: Carbon Emission and Decoupling Status of Industry Sector in a Coastal City of Zhuhai, China",R2 material term + cross-national cue,Zhuhai,https://openalex.org/W2900323749,True
1886,PASS,2023,Sustainable Production and Consumption,17,10.1016/j.spc.2023.11.001,Level of decoupling between economic growth and environmental pressure on Earth-system processes,"R3 no abstract, material term in title",Sustainable Production and Consumption 2023: level of decoupling between growth and environmental pressure on Earth-system processes (no abstract retrievable); title indicates global/cross-national decoupling assessment against planetary boundaries. Full text needed,https://openalex.org/W4388420060,False
1909,OFF,2010,Chapman University Digital Commons (Chapman University),27,,"""Surplus Humanity"" and the Margins of Legality: Slums, Slumdogs, and Accumulation by Dispossession",R4 displacement term + cross-national cue,slums and legality,https://openalex.org/W1919476101,True
1910,EX2,2015,Journal of Environmental Protection,27,10.4236/jep.2015.69094,Towards Urban Resource Flow Estimates in Data Scarce Environments: The Case of African Cities,R2 material term + cross-national cue,African cities resource-flow estimation method,https://openalex.org/W2221360581,True
1949,THEORY,2017,Journal of Political Ecology,15,10.2458/v24i1.20807,The post-politics of the green economy in Turkey: re-claiming the future?,R2 material term + cross-national cue,green economy post-politics in Turkey; interpretive,https://openalex.org/W2758135617,True
1966,OFF,2024,Forest Policy and Economics,5,10.1016/j.forpol.2024.103403,Bioeconomy governance in the global South: State of the art and the way forward,R4 displacement term + cross-national cue,bioeconomy governance (no abstract),https://openalex.org/W4405924588,False
1968,EX4,2011,Lund University Publications Student Papers (Lund University),0,,Creating Change? - Understandings among the Smart Civil Society Organizations Initiative,R1 two+ pillars,Lund student paper,https://openalex.org/W2128398514,True
1970,EX4,2014,CU Scholar (University of Colorado Boulder),0,,"Panel data analysis in the demographic and spatial econometric estimation of carbon dioxide emissions sources, 1960-2010",R1 two+ pillars,"dissertation (Colorado), spatial STIRPAT",https://openalex.org/W2252409191,True
1971,EX4,2013,Aaltodoc (Aalto University),0,,Construction of an economic model of resource use: Research and development of substitutes for non-renewable resources and waste,R1 two+ pillars,"Aalto thesis, R&D substitutes model",https://openalex.org/W2597303636,True
1973,OFF,2023,AoIR Selected Papers of Internet Research,0,10.5210/spir.v2023i0.13522,"DIGITAL INFRASTRUCTURES AND ENVIRONMENTAL JUSTICE: POLICIES, PRACTICES, AND VISIONS",R1 two+ pillars; R2 material term + cross-national cue,AoIR conference abstract,https://openalex.org/W4392406616,True
1990,EX2,2020,OECD/IEA climate change expert group papers,24,10.1787/50abd39c-en,Addressing the COVID-19 and climate crises,R2 material term + cross-national cue,OECD/IEA COVID recovery pathways paper; no empirical decoupling test,https://openalex.org/W3116709441,True
1993,PASS-borderline,2022,Environmental Science and Pollution Research,24,10.1007/s11356-022-24078-2,"Towards achieving net zero emission targets and sustainable development goals, can long-term material footprint strategies be a useful tool?","R3 no abstract, material term in title","ESPR 2022: material footprint, growth and CO2 in EURO-26 countries (panel cointegration); MF-CO2 nexus; no technology indicator, growth-CO2 relation assessed",https://openalex.org/W4309048196,True
1996,OFF,2024,Sustainability,24,10.3390/su16167156,Enhancing Decision Making and Decarbonation in Environmental Management: A Review on the Role of Digital Technologies,R2 material term + cross-national cue,"digital decision-support review, environmental management",https://openalex.org/W4401890432,True
2020,DISP,2020,Journal of Global History,10,10.1017/s1740022820000030,Environmental factors in trade during the great transformation: advancing the geographical coverage before 1950,R2 material term + cross-national cue,J. Global History 2020: review of trade-embedded environmental flows before 1950 (specialisation vs divergence narratives); historical review,https://openalex.org/W3038114223,True
2021,PASS-borderline,2021,Elsevier eBooks,10,10.1016/b978-0-323-85387-3.00002-1,The methods and factors of decoupling energy usage and economic growth,"R3 no abstract, material term in title","Elsevier book chapter 'methods and factors of decoupling energy usage and economic growth' (no abstract); likely methodological; title-only, low priority",https://openalex.org/W3211873497,False
2063,EX2,2021,Global Sustainability,4,10.1017/sus.2021.22,Domestic autonomy and environmental international non-governmental organizations: a cross-national analysis of forest loss,R2 material term + cross-national cue,"domestic autonomy, EINGOs and forest loss; institutional, no EUE/technology test",https://openalex.org/W3210188600,True
2105,EX1,2022,Sustainability,19,10.3390/su142012962,Spatial Differentiation of Carbon Budgets and Carbon Balance Zoning in China Based on the Land Use Perspective,R4 displacement term + cross-national cue,30 Chinese provinces carbon budgets,https://openalex.org/W4304187076,True
2117,EX1,2021,Environmental Research Letters,11,10.1088/1748-9326/ac07d6,A resource-based phosphorus footprint for urban diets,R2 material term + cross-national cue,Brussels phosphorus footprint,https://openalex.org/W3174145429,True
2125,OFF,2023,Cultural Anthropology,8,10.14506/ca38.4.01,The Substitute and the Excuse,R4 displacement term + cross-national cue,"ethnography of sugarcane scientists, Sao Paulo",https://openalex.org/W4389100442,True
2130,PASS,2023,Environmental Science & Technology,18,10.1021/acs.est.3c06715,Multiperspective Decoupling Analyses between Global Embodied Carbon Chains and Global Value Chains,R2 material term + cross-national cue,"ES&T 2023: decoupling of GHG from value added across 17 regions 1995-2019 from production, consumption and income perspectives; consumption-based decoupling. Strong candidate",https://openalex.org/W4388411208,True
2158,EX1,2023,Journal of Environmental Management,17,10.1016/j.jenvman.2023.117438,Key drivers of the textile and clothing industry decarbonisation within the EU-27,R2 material term + cross-national cue,EU-27 textile and clothing industry; sectoral,https://openalex.org/W4321167277,True
2160,OFF,2023,Politische Vierteljahresschrift,17,10.1007/s11615-023-00454-6,Deliberating a Sustainable Welfare–Work Nexus,R2 material term + cross-national cue,sustainable welfare-work nexus deliberation,https://openalex.org/W4322738278,True
2180,OFF,2021,European Countryside,3,10.2478/euco-2021-0041,"Rural Experiments with the Management of Basic Resources. Key Characteristics of European Ecovillages Aiming at Partial Self-Sufficiency in Water, Food and Energy",R2 material term + cross-national cue,European ecovillages,https://openalex.org/W4200063877,True
2233,EX1,2018,Detritus,15,10.31025/2611-4135/2018.13740,IN THE SEARCH FOR EFFECTIVE WASTE POLICY: ALIGNMENT OF UK WASTE STRATEGY WITH THE CIRCULAR ECONOMY,R2 material term + cross-national cue,UK waste strategy,https://openalex.org/W2900747453,True
2237,EX2,2022,Energies,15,10.3390/en15166009,Is Energy Use in the EU Countries Moving toward Sustainable Development?,R2 material term + cross-national cue,"EU energy-use SDG7 indicators, descriptive; no decoupling or technology test",https://openalex.org/W4297907588,True
2239,THEORY,2022,Sociological Inquiry,15,10.1111/soin.12518,Global Surpluses of Extraction and Slow Climate Violence: A Sociological Framework,R4 displacement term + cross-national cue,"slow climate violence, world-systems",https://openalex.org/W4311529867,True
2247,THEORY,2023,Degrowth Journal,15,10.36399/degrowth.001.01.03,Only for the Global North? Questioning the ‘who should degrow’ issue,R4 displacement term + cross-national cue,degrowth and the Global South,https://openalex.org/W4393182017,True
2273,EX2,2018,PLoS ONE,14,10.1371/journal.pone.0201141,"It's not the 'what', but the 'how': Exploring the role of debt in natural resource (un)sustainability",R2 material term + cross-national cue,conceptual agent-based model of debt and resource decoupling,https://openalex.org/W2884504490,True
2330,EX1,2021,Resources,13,10.3390/resources10060055,Municipal Urban Waste Management—Challenges for Polish Cities in an Era of Circular Resource Management,R2 material term + cross-national cue,Polish cities waste,https://openalex.org/W3164119676,True
2336,EX2,2022,"Washington, DC: World Bank eBooks",13,10.1596/38380,Squaring the Circle: Policies from Europe's Circular Economy Transition,R2 material term + cross-national cue,World Bank report on Europe's circular-economy policies; reports EU DMC -9.4% and resource productivity +35% (2000-2020) descriptively; no test,https://openalex.org/W4361751064,True
2339,EX2,2023,Philosophical Transactions of the Royal Society B Biological Sciences,13,10.1098/rstb.2022.0405,Efficiency traps beyond the climate crisis: exploration–exploitation trade-offs and rebound effects,R2 material term + cross-national cue,theoretical simulation of rebound/efficiency traps,https://openalex.org/W4386818159,True
2386,PASS-borderline,2021,Energies,12,10.3390/en14196326,"Decoupling Energy, Water, and Food Resources Production from GHG Emissions: A Footprint Perspective Review of Africa from 1990 to 2017",R2 material term + cross-national cue,"Energies 2021: Tapio decoupling of energy, water and food resource use from GHG in 15 African countries 1990-2017; decoupling of resources from emissions rather than from GDP",https://openalex.org/W3201696136,True
2396,EX4,2015,OpenBU/Boston University Institutional Repository (Boston University),2,,Boom and gloom: comparing diverse development outcomes among oil- and mineral-dependent developing countries,R4 displacement term + cross-national cue,dissertation (Boston University),https://openalex.org/W2339639362,True
2405,EX3,2023,Sociological Quarterly,2,10.1080/00380253.2023.2208637,Ecologically Unequal Exchange and Farm Animal Welfare: An Empirical Analysis Using the Voiceless Animal Cruelty Index,R4 displacement term + cross-national cue,EUE and farm-animal cruelty index; outcome not biophysical throughput,https://openalex.org/W4376109915,True
2408,EX1,2024,Sustainability,2,10.3390/su16167094,The Social Implications of Circular Clothing Economies in the Global North,R4 displacement term + cross-national cue,UK circular clothing,https://openalex.org/W4401703498,True
2442,EX1,2023,Energies,11,10.3390/en16093784,Decoupling Analysis of Energy-Related Carbon Dioxide Emissions from Economic Growth in Poland,R2 material term + cross-national cue,Poland,https://openalex.org/W4367312416,True
2444,PASS,2024,Systems,11,10.3390/systems12020059,Determinants of Ecological Footprint: A Quantile Regression Approach,R2 material term + cross-national cue,"Systems 2024: determinants of ecological footprint in 131 countries 1997-2020 (quantile regression); renewable energy consumption, FDI, industrialisation, urbanisation. Genre",https://openalex.org/W4391746422,True
2495,EX1,2021,Energy Sustainability and Society,10,10.1186/s13705-021-00300-w,Trends and dynamics of material and energy flows in an urban context: a case study of a city with an emerging economy,R2 material term + cross-national cue,Bogota,https://openalex.org/W3180448017,True
2546,EX1,2013,Resources,9,10.3390/resources2040628,"Conventional, Organic and Polycultural Farming Practices: Material Intensity of Italian Crops and Foodstuffs",R2 material term + cross-national cue,Italian crops MIPS,https://openalex.org/W1983476777,True
2630,OFF,2021,Journal of the British Academy,8,10.5871/jba/009s9.007,Adaptation strategies for people: mitigating climate-change-related risks in low-income and informal urban communities through co-production,R4 displacement term + cross-national cue,urban adaptation co-production,https://openalex.org/W3209165233,True
2668,OFF,2022,,3,10.31219/osf.io/bre43,A Review of Basic Income for Nature and Climate,R2 material term + cross-national cue,basic income review,https://openalex.org/W4307372409,True
2760,THEORY,2023,Journal of World-Systems Research,0,10.5195/jwsr.2023.1132,Analyzing Global Commodity Chains and Social Reproduction,R4 displacement term + cross-national cue,commodity chains and social reproduction,https://openalex.org/W4386047886,True
2762,OFF,2021,Energies,6,10.3390/en14175224,The Learning Activation Approach—Understanding Indonesia’s Energy Transition by Teaching It,R4 displacement term + cross-national cue,Indonesia energy transition teaching,https://openalex.org/W3194259013,True
2769,EX1,2024,Sustainability,6,10.3390/su17010083,Sustainable Development Through Energy Transition: The Role of Natural Resources and Gross Fixed Capital in China,R2 material term + cross-national cue,China energy transition,https://openalex.org/W4405810622,True
2827,OFF,2018,European Journal of Sustainable Development,5,10.14207/ejsd.2018.v7n4p223,Integrating Sustainability in Business: An Essential Need in the Global Context,R2 material term + cross-national cue,business sustainability essay,https://openalex.org/W2896079048,True
2910,OFF,2020,,4,10.31235/osf.io/vb5q3,Jevons' paradox and a tax on aviation to prevent the next pandemic,R2 material term + cross-national cue,Jevons and aviation tax essay,https://openalex.org/W3029242453,True
2925,OFF,2025,Circular Economy and Sustainability,4,10.1007/s43615-025-00582-8,Evaluation Methodologies for Circular Economy in Municipal Composting and Urban Agriculture: a Literature Review with Focus on Latin America,R4 displacement term + cross-national cue,composting methodologies review,https://openalex.org/W4410019585,True
2984,EX4,2006,,0,,ECOLOGICAL UNEQUAL EXCHANGE: INTERNATIONAL TRADE AND UNEVEN CROSS-NATIONAL SOCIAL AND ENVIRONMENTAL PROCESSES,R4 displacement term + cross-national cue,"2006 'Ecological unequal exchange: international trade and uneven cross-national...' (no abstract, no DOI); likely dissertation",https://openalex.org/W2188461956,False
2992,DISP,2024,Revista Galega de Economía,0,10.15304/rge.33.2.9419,Protein for Scraps: A Study of the European Union “Circular” Raw Materials Trade,R4 displacement term + cross-national cue,Revista Galega de Economia 2024: physical trade balance and terms of trade of EU-27 recyclable raw-material flows; EUE,https://openalex.org/W4393040206,True
3034,EX4,2009,Lund University Publications Student Papers (Lund University),3,,"Stone weirs on Chipei Island, Taiwan--Landesque capital and ecologically unequal exchange",R4 displacement term + cross-national cue,Lund student thesis,https://openalex.org/W1750949001,True
3195,EX1,2023,Ecological Engineering & Environmental Technology,2,10.12912/27197050/174035,"Decoupling Analysis, Economic Structure on Environmental Pressure in Vietnam During 2008–2018",R2 material term + cross-national cue,Vietnam,https://openalex.org/W4388623880,True
3200,EX3,2024,Remote Sensing,2,10.3390/rs17010049,"Tropospheric NO2: Anthropogenic Influence, Global Trends, Satellite Data, and Machine Learning Application",R2 material term + cross-national cue,tropospheric NO2 satellite trends,https://openalex.org/W4405832380,True
3401,EX4,2022,Deep Blue (University of Michigan),1,10.7302/6092,Ecologies of Infrastructure in Contemporary Postcolonial Literatures,R4 displacement term + cross-national cue,literary-studies dissertation,https://openalex.org/W4294882860,True
3406,THEORY,2025,Ankara Üniversitesi Çevrebilimleri Dergisi,1,10.62163/aucevrebilim.1592181,Colonial Connections in the Global Climate Crisis: Historical Injustices and Contemporary Inequalities,R4 displacement term + cross-national cue,colonialism and climate crisis,https://openalex.org/W4411240824,True
3727,EX4,2012,Lund University Publications Student Papers (Lund University),0,,"Consumer in the world-systems: understanding narratives on environmental and social impacts of consumption from Melbourne, Australia.",R4 displacement term + cross-national cue,Lund student thesis,https://openalex.org/W1769170171,True
3740,EX1,2017,Publication Server of the Wuppertal Institute (Wuppertal Institute),0,,Decoupling energy and resource use from growth in the Indian construction sector : a potential analysis study,R2 material term + cross-national cue,"Wuppertal policy brief, Indian construction sector",https://openalex.org/W2749710769,True
3746,THEORY,2019,Institutional Research Information System University of Turin (University of Turin),0,,When the ecological-crisis meets a stratified Earth. Geo-capitalism and the racialized Anthropocene,R4 displacement term + cross-national cue,racialised Anthropocene,https://openalex.org/W3001149842,True
3748,EX4,2020,Lund University Publications Student Papers (Lund University),0,,Discourses of Ecologically Unequal Exchange: Processes of ‘othering’ in the European Union’s framing of trade,R4 displacement term + cross-national cue,Lund student thesis,https://openalex.org/W3082984159,True
3750,OFF,2020,,0,,Narratives of Environmental Disaster in Ethiopia: The Political Ecology of Famine,R4 displacement term + cross-national cue,Ethiopia famine narratives,https://openalex.org/W3197952511,True
